"D_DATE_SK","D_DATE_ID","D_DATE","D_MONTH_SEQ","D_WEEK_SEQ","D_QUARTER_SEQ","D_YEAR","D_DOW","D_MOY","D_DOM","D_QOY","D_FY_YEAR","D_FY_QUARTER_SEQ","D_FY_WEEK_SEQ","D_DAY_NAME","D_QUARTER_NAME","D_HOLIDAY","D_WEEKEND","D_FOLLOWING_HOLIDAY","D_FIRST_DOM","D_LAST_DOM","D_SAME_DAY_LY","D_SAME_DAY_LQ","D_CURRENT_DAY","D_CURRENT_WEEK","D_CURRENT_MONTH","D_CURRENT_QUARTER","D_CURRENT_YEAR"
2456659,"0000000002456659",2014-01-01,1368,5949,456,2014,3,1,1,1,2014,456,5949,"Wednesday","2014Q1","N","N","N",2456659,2456689,2456294,2456568,"N","N","N","N","N"
2456660,"0000000002456660",2014-01-02,1368,5949,456,2014,4,1,2,1,2014,456,5949,"Thursday ","2014Q1","N","N","N",2456659,2456689,2456295,2456569,"N","N","N","N","N"
2456661,"0000000002456661",2014-01-03,1368,5949,456,2014,5,1,3,1,2014,456,5949,"Friday   ","2014Q1","N","N","N",2456659,2456689,2456296,2456570,"N","N","N","N","N"
2456662,"0000000002456662",2014-01-04,1368,5949,456,2014,6,1,4,1,2014,456,5949,"Saturday ","2014Q1","N","Y","N",2456659,2456689,2456297,2456571,"N","N","N","N","N"
2456663,"0000000002456663",2014-01-05,1368,5949,456,2014,0,1,5,1,2014,456,5949,"Sunday   ","2014Q1","N","Y","N",2456659,2456689,2456298,2456572,"N","N","N","N","N"
2456664,"0000000002456664",2014-01-06,1368,5950,456,2014,1,1,6,1,2014,456,5950,"Monday   ","2014Q1","N","N","N",2456659,2456689,2456299,2456573,"N","N","N","N","N"
2456665,"0000000002456665",2014-01-07,1368,5950,456,2014,2,1,7,1,2014,456,5950,"Tuesday  ","2014Q1","N","N","N",2456659,2456689,2456300,2456574,"N","N","N","N","N"
2456666,"0000000002456666",2014-01-08,1368,5950,456,2014,3,1,8,1,2014,456,5950,"Wednesday","2014Q1","N","N","N",2456659,2456689,2456301,2456575,"N","N","N","N","N"
2456667,"0000000002456667",2014-01-09,1368,5950,456,2014,4,1,9,1,2014,456,5950,"Thursday ","2014Q1","N","N","N",2456659,2456689,2456302,2456576,"N","N","N","N","N"
2456668,"0000000002456668",2014-01-10,1368,5950,456,2014,5,1,10,1,2014,456,5950,"Friday   ","2014Q1","N","N","N",2456659,2456689,2456303,2456577,"N","N","N","N","N"
2456669,"0000000002456669",2014-01-11,1368,5950,456,2014,6,1,11,1,2014,456,5950,"Saturday ","2014Q1","N","Y","N",2456659,2456689,2456304,2456578,"N","N","N","N","N"
2456670,"0000000002456670",2014-01-12,1368,5950,456,2014,0,1,12,1,2014,456,5950,"Sunday   ","2014Q1","N","Y","N",2456659,2456689,2456305,2456579,"N","N","N","N","N"
2456671,"0000000002456671",2014-01-13,1368,5951,456,2014,1,1,13,1,2014,456,5951,"Monday   ","2014Q1","N","N","N",2456659,2456689,2456306,2456580,"N","N","N","N","N"
2456672,"0000000002456672",2014-01-14,1368,5951,456,2014,2,1,14,1,2014,456,5951,"Tuesday  ","2014Q1","N","N","N",2456659,2456689,2456307,2456581,"N","N","N","N","N"
2456673,"0000000002456673",2014-01-15,1368,5951,456,2014,3,1,15,1,2014,456,5951,"Wednesday","2014Q1","N","N","N",2456659,2456689,2456308,2456582,"N","N","N","N","N"
2456674,"0000000002456674",2014-01-16,1368,5951,456,2014,4,1,16,1,2014,456,5951,"Thursday ","2014Q1","N","N","N",2456659,2456689,2456309,2456583,"N","N","N","N","N"
2456675,"0000000002456675",2014-01-17,1368,5951,456,2014,5,1,17,1,2014,456,5951,"Friday   ","2014Q1","N","N","N",2456659,2456689,2456310,2456584,"N","N","N","N","N"
2456676,"0000000002456676",2014-01-18,1368,5951,456,2014,6,1,18,1,2014,456,5951,"Saturday ","2014Q1","N","Y","N",2456659,2456689,2456311,2456585,"N","N","N","N","N"
2456677,"0000000002456677",2014-01-19,1368,5951,456,2014,0,1,19,1,2014,456,5951,"Sunday   ","2014Q1","N","Y","N",2456659,2456689,2456312,2456586,"N","N","N","N","N"
2456678,"0000000002456678",2014-01-20,1368,5952,456,2014,1,1,20,1,2014,456,5952,"Monday   ","2014Q1","N","N","N",2456659,2456689,2456313,2456587,"N","N","N","N","N"
2456679,"0000000002456679",2014-01-21,1368,5952,456,2014,2,1,21,1,2014,456,5952,"Tuesday  ","2014Q1","N","N","N",2456659,2456689,2456314,2456588,"N","N","N","N","N"
2456680,"0000000002456680",2014-01-22,1368,5952,456,2014,3,1,22,1,2014,456,5952,"Wednesday","2014Q1","N","N","N",2456659,2456689,2456315,2456589,"N","N","N","N","N"
2456681,"0000000002456681",2014-01-23,1368,5952,456,2014,4,1,23,1,2014,456,5952,"Thursday ","2014Q1","N","N","N",2456659,2456689,2456316,2456590,"N","N","N","N","N"
2456682,"0000000002456682",2014-01-24,1368,5952,456,2014,5,1,24,1,2014,456,5952,"Friday   ","2014Q1","N","N","N",2456659,2456689,2456317,2456591,"N","N","N","N","N"
2456683,"0000000002456683",2014-01-25,1368,5952,456,2014,6,1,25,1,2014,456,5952,"Saturday ","2014Q1","N","Y","N",2456659,2456689,2456318,2456592,"N","N","N","N","N"
2456684,"0000000002456684",2014-01-26,1368,5952,456,2014,0,1,26,1,2014,456,5952,"Sunday   ","2014Q1","N","Y","N",2456659,2456689,2456319,2456593,"N","N","N","N","N"
2456685,"0000000002456685",2014-01-27,1368,5953,456,2014,1,1,27,1,2014,456,5953,"Monday   ","2014Q1","N","N","N",2456659,2456689,2456320,2456594,"N","N","N","N","N"
2456686,"0000000002456686",2014-01-28,1368,5953,456,2014,2,1,28,1,2014,456,5953,"Tuesday  ","2014Q1","N","N","N",2456659,2456689,2456321,2456595,"N","N","N","N","N"
2456687,"0000000002456687",2014-01-29,1368,5953,456,2014,3,1,29,1,2014,456,5953,"Wednesday","2014Q1","N","N","N",2456659,2456689,2456322,2456596,"N","N","N","N","N"
2456688,"0000000002456688",2014-01-30,1368,5953,456,2014,4,1,30,1,2014,456,5953,"Thursday ","2014Q1","N","N","N",2456659,2456689,2456323,2456597,"N","N","N","N","N"
2456689,"0000000002456689",2014-01-31,1368,5953,456,2014,5,1,31,1,2014,456,5953,"Friday   ","2014Q1","N","N","N",2456659,2456689,2456324,2456598,"N","N","N","N","N"
2456690,"0000000002456690",2014-02-01,1369,5953,456,2014,6,2,1,1,2014,456,5953,"Saturday ","2014Q1","N","Y","N",2456690,2456717,2456325,2456599,"N","N","N","N","N"
2456691,"0000000002456691",2014-02-02,1369,5953,456,2014,0,2,2,1,2014,456,5953,"Sunday   ","2014Q1","N","Y","N",2456690,2456717,2456326,2456600,"N","N","N","N","N"
2456692,"0000000002456692",2014-02-03,1369,5954,456,2014,1,2,3,1,2014,456,5954,"Monday   ","2014Q1","N","N","N",2456690,2456717,2456327,2456601,"N","N","N","N","N"
2456693,"0000000002456693",2014-02-04,1369,5954,456,2014,2,2,4,1,2014,456,5954,"Tuesday  ","2014Q1","N","N","N",2456690,2456717,2456328,2456602,"N","N","N","N","N"
2456694,"0000000002456694",2014-02-05,1369,5954,456,2014,3,2,5,1,2014,456,5954,"Wednesday","2014Q1","N","N","N",2456690,2456717,2456329,2456603,"N","N","N","N","N"
2456695,"0000000002456695",2014-02-06,1369,5954,456,2014,4,2,6,1,2014,456,5954,"Thursday ","2014Q1","N","N","N",2456690,2456717,2456330,2456604,"N","N","N","N","N"
2456696,"0000000002456696",2014-02-07,1369,5954,456,2014,5,2,7,1,2014,456,5954,"Friday   ","2014Q1","N","N","N",2456690,2456717,2456331,2456605,"N","N","N","N","N"
2456697,"0000000002456697",2014-02-08,1369,5954,456,2014,6,2,8,1,2014,456,5954,"Saturday ","2014Q1","N","Y","N",2456690,2456717,2456332,2456606,"N","N","N","N","N"
2456698,"0000000002456698",2014-02-09,1369,5954,456,2014,0,2,9,1,2014,456,5954,"Sunday   ","2014Q1","N","Y","N",2456690,2456717,2456333,2456607,"N","N","N","N","N"
2456699,"0000000002456699",2014-02-10,1369,5955,456,2014,1,2,10,1,2014,456,5955,"Monday   ","2014Q1","N","N","N",2456690,2456717,2456334,2456608,"N","N","N","N","N"
2456700,"0000000002456700",2014-02-11,1369,5955,456,2014,2,2,11,1,2014,456,5955,"Tuesday  ","2014Q1","N","N","N",2456690,2456717,2456335,2456609,"N","N","N","N","N"
2456701,"0000000002456701",2014-02-12,1369,5955,456,2014,3,2,12,1,2014,456,5955,"Wednesday","2014Q1","N","N","N",2456690,2456717,2456336,2456610,"N","N","N","N","N"
2456702,"0000000002456702",2014-02-13,1369,5955,456,2014,4,2,13,1,2014,456,5955,"Thursday ","2014Q1","N","N","N",2456690,2456717,2456337,2456611,"N","N","N","N","N"
2456703,"0000000002456703",2014-02-14,1369,5955,456,2014,5,2,14,1,2014,456,5955,"Friday   ","2014Q1","N","N","N",2456690,2456717,2456338,2456612,"N","N","N","N","N"
2456704,"0000000002456704",2014-02-15,1369,5955,456,2014,6,2,15,1,2014,456,5955,"Saturday ","2014Q1","N","Y","N",2456690,2456717,2456339,2456613,"N","N","N","N","N"
2456705,"0000000002456705",2014-02-16,1369,5955,456,2014,0,2,16,1,2014,456,5955,"Sunday   ","2014Q1","N","Y","N",2456690,2456717,2456340,2456614,"N","N","N","N","N"
2456706,"0000000002456706",2014-02-17,1369,5956,456,2014,1,2,17,1,2014,456,5956,"Monday   ","2014Q1","N","N","N",2456690,2456717,2456341,2456615,"N","N","N","N","N"
2456707,"0000000002456707",2014-02-18,1369,5956,456,2014,2,2,18,1,2014,456,5956,"Tuesday  ","2014Q1","N","N","N",2456690,2456717,2456342,2456616,"N","N","N","N","N"
2456708,"0000000002456708",2014-02-19,1369,5956,456,2014,3,2,19,1,2014,456,5956,"Wednesday","2014Q1","N","N","N",2456690,2456717,2456343,2456617,"N","N","N","N","N"
2456709,"0000000002456709",2014-02-20,1369,5956,456,2014,4,2,20,1,2014,456,5956,"Thursday ","2014Q1","N","N","N",2456690,2456717,2456344,2456618,"N","N","N","N","N"
2456710,"0000000002456710",2014-02-21,1369,5956,456,2014,5,2,21,1,2014,456,5956,"Friday   ","2014Q1","N","N","N",2456690,2456717,2456345,2456619,"N","N","N","N","N"
2456711,"0000000002456711",2014-02-22,1369,5956,456,2014,6,2,22,1,2014,456,5956,"Saturday ","2014Q1","N","Y","N",2456690,2456717,2456346,2456620,"N","N","N","N","N"
2456712,"0000000002456712",2014-02-23,1369,5956,456,2014,0,2,23,1,2014,456,5956,"Sunday   ","2014Q1","N","Y","N",2456690,2456717,2456347,2456621,"N","N","N","N","N"
2456713,"0000000002456713",2014-02-24,1369,5957,456,2014,1,2,24,1,2014,456,5957,"Monday   ","2014Q1","N","N","N",2456690,2456717,2456348,2456622,"N","N","N","N","N"
2456714,"0000000002456714",2014-02-25,1369,5957,456,2014,2,2,25,1,2014,456,5957,"Tuesday  ","2014Q1","N","N","N",2456690,2456717,2456349,2456623,"N","N","N","N","N"
2456715,"0000000002456715",2014-02-26,1369,5957,456,2014,3,2,26,1,2014,456,5957,"Wednesday","2014Q1","N","N","N",2456690,2456717,2456350,2456624,"N","N","N","N","N"
2456716,"0000000002456716",2014-02-27,1369,5957,456,2014,4,2,27,1,2014,456,5957,"Thursday ","2014Q1","N","N","N",2456690,2456717,2456351,2456625,"N","N","N","N","N"
2456717,"0000000002456717",2014-02-28,1369,5957,456,2014,5,2,28,1,2014,456,5957,"Friday   ","2014Q1","N","N","N",2456690,2456717,2456352,2456626,"N","N","N","N","N"
2456718,"0000000002456718",2014-03-01,1370,5957,456,2014,6,3,1,1,2014,456,5957,"Saturday ","2014Q1","N","Y","N",2456718,2456748,2456353,2456627,"N","N","N","N","N"
2456719,"0000000002456719",2014-03-02,1370,5957,456,2014,0,3,2,1,2014,456,5957,"Sunday   ","2014Q1","N","Y","N",2456718,2456748,2456354,2456628,"N","N","N","N","N"
2456720,"0000000002456720",2014-03-03,1370,5958,456,2014,1,3,3,1,2014,456,5958,"Monday   ","2014Q1","N","N","N",2456718,2456748,2456355,2456629,"N","N","N","N","N"
2456721,"0000000002456721",2014-03-04,1370,5958,456,2014,2,3,4,1,2014,456,5958,"Tuesday  ","2014Q1","N","N","N",2456718,2456748,2456356,2456630,"N","N","N","N","N"
2456722,"0000000002456722",2014-03-05,1370,5958,456,2014,3,3,5,1,2014,456,5958,"Wednesday","2014Q1","N","N","N",2456718,2456748,2456357,2456631,"N","N","N","N","N"
2456723,"0000000002456723",2014-03-06,1370,5958,456,2014,4,3,6,1,2014,456,5958,"Thursday ","2014Q1","N","N","N",2456718,2456748,2456358,2456632,"N","N","N","N","N"
2456724,"0000000002456724",2014-03-07,1370,5958,456,2014,5,3,7,1,2014,456,5958,"Friday   ","2014Q1","N","N","N",2456718,2456748,2456359,2456633,"N","N","N","N","N"
2456725,"0000000002456725",2014-03-08,1370,5958,456,2014,6,3,8,1,2014,456,5958,"Saturday ","2014Q1","N","Y","N",2456718,2456748,2456360,2456634,"N","N","N","N","N"
2456726,"0000000002456726",2014-03-09,1370,5958,456,2014,0,3,9,1,2014,456,5958,"Sunday   ","2014Q1","N","Y","N",2456718,2456748,2456361,2456635,"N","N","N","N","N"
2456727,"0000000002456727",2014-03-10,1370,5959,456,2014,1,3,10,1,2014,456,5959,"Monday   ","2014Q1","N","N","N",2456718,2456748,2456362,2456636,"N","N","N","N","N"
2456728,"0000000002456728",2014-03-11,1370,5959,456,2014,2,3,11,1,2014,456,5959,"Tuesday  ","2014Q1","N","N","N",2456718,2456748,2456363,2456637,"N","N","N","N","N"
2456729,"0000000002456729",2014-03-12,1370,5959,456,2014,3,3,12,1,2014,456,5959,"Wednesday","2014Q1","N","N","N",2456718,2456748,2456364,2456638,"N","N","N","N","N"
2456730,"0000000002456730",2014-03-13,1370,5959,456,2014,4,3,13,1,2014,456,5959,"Thursday ","2014Q1","N","N","N",2456718,2456748,2456365,2456639,"N","N","N","N","N"
2456731,"0000000002456731",2014-03-14,1370,5959,456,2014,5,3,14,1,2014,456,5959,"Friday   ","2014Q1","N","N","N",2456718,2456748,2456366,2456640,"N","N","N","N","N"
2456732,"0000000002456732",2014-03-15,1370,5959,456,2014,6,3,15,1,2014,456,5959,"Saturday ","2014Q1","N","Y","N",2456718,2456748,2456367,2456641,"N","N","N","N","N"
2456733,"0000000002456733",2014-03-16,1370,5959,456,2014,0,3,16,1,2014,456,5959,"Sunday   ","2014Q1","N","Y","N",2456718,2456748,2456368,2456642,"N","N","N","N","N"
2456734,"0000000002456734",2014-03-17,1370,5960,456,2014,1,3,17,1,2014,456,5960,"Monday   ","2014Q1","N","N","N",2456718,2456748,2456369,2456643,"N","N","N","N","N"
2456735,"0000000002456735",2014-03-18,1370,5960,456,2014,2,3,18,1,2014,456,5960,"Tuesday  ","2014Q1","N","N","N",2456718,2456748,2456370,2456644,"N","N","N","N","N"
2456736,"0000000002456736",2014-03-19,1370,5960,456,2014,3,3,19,1,2014,456,5960,"Wednesday","2014Q1","N","N","N",2456718,2456748,2456371,2456645,"N","N","N","N","N"
2456737,"0000000002456737",2014-03-20,1370,5960,456,2014,4,3,20,1,2014,456,5960,"Thursday ","2014Q1","N","N","N",2456718,2456748,2456372,2456646,"N","N","N","N","N"
2456738,"0000000002456738",2014-03-21,1370,5960,456,2014,5,3,21,1,2014,456,5960,"Friday   ","2014Q1","N","N","N",2456718,2456748,2456373,2456647,"N","N","N","N","N"
2456739,"0000000002456739",2014-03-22,1370,5960,456,2014,6,3,22,1,2014,456,5960,"Saturday ","2014Q1","N","Y","N",2456718,2456748,2456374,2456648,"N","N","N","N","N"
2456740,"0000000002456740",2014-03-23,1370,5960,456,2014,0,3,23,1,2014,456,5960,"Sunday   ","2014Q1","N","Y","N",2456718,2456748,2456375,2456649,"N","N","N","N","N"
2456741,"0000000002456741",2014-03-24,1370,5961,456,2014,1,3,24,1,2014,456,5961,"Monday   ","2014Q1","N","N","N",2456718,2456748,2456376,2456650,"N","N","N","N","N"
2456742,"0000000002456742",2014-03-25,1370,5961,456,2014,2,3,25,1,2014,456,5961,"Tuesday  ","2014Q1","N","N","N",2456718,2456748,2456377,2456651,"N","N","N","N","N"
2456743,"0000000002456743",2014-03-26,1370,5961,456,2014,3,3,26,1,2014,456,5961,"Wednesday","2014Q1","N","N","N",2456718,2456748,2456378,2456652,"N","N","N","N","N"
2456744,"0000000002456744",2014-03-27,1370,5961,456,2014,4,3,27,1,2014,456,5961,"Thursday ","2014Q1","N","N","N",2456718,2456748,2456379,2456653,"N","N","N","N","N"
2456745,"0000000002456745",2014-03-28,1370,5961,456,2014,5,3,28,1,2014,456,5961,"Friday   ","2014Q1","N","N","N",2456718,2456748,2456380,2456654,"N","N","N","N","N"
2456746,"0000000002456746",2014-03-29,1370,5961,456,2014,6,3,29,1,2014,456,5961,"Saturday ","2014Q1","N","Y","N",2456718,2456748,2456381,2456655,"N","N","N","N","N"
2456747,"0000000002456747",2014-03-30,1370,5961,456,2014,0,3,30,1,2014,456,5961,"Sunday   ","2014Q1","N","Y","N",2456718,2456748,2456382,2456656,"N","N","N","N","N"
2456748,"0000000002456748",2014-03-31,1370,5962,456,2014,1,3,31,1,2014,456,5962,"Monday   ","2014Q1","N","N","N",2456718,2456748,2456383,2456657,"N","N","N","N","N"
2456749,"0000000002456749",2014-04-01,1371,5962,457,2014,2,4,1,2,2014,457,5962,"Tuesday  ","2014Q2","N","N","N",2456749,2456778,2456384,2456658,"N","N","N","N","N"
2456750,"0000000002456750",2014-04-02,1371,5962,457,2014,3,4,2,2,2014,457,5962,"Wednesday","2014Q2","N","N","N",2456749,2456778,2456385,2456659,"N","N","N","N","N"
2456751,"0000000002456751",2014-04-03,1371,5962,457,2014,4,4,3,2,2014,457,5962,"Thursday ","2014Q2","N","N","N",2456749,2456778,2456386,2456660,"N","N","N","N","N"
2456752,"0000000002456752",2014-04-04,1371,5962,457,2014,5,4,4,2,2014,457,5962,"Friday   ","2014Q2","N","N","N",2456749,2456778,2456387,2456661,"N","N","N","N","N"
2456753,"0000000002456753",2014-04-05,1371,5962,457,2014,6,4,5,2,2014,457,5962,"Saturday ","2014Q2","N","Y","N",2456749,2456778,2456388,2456662,"N","N","N","N","N"
2456754,"0000000002456754",2014-04-06,1371,5962,457,2014,0,4,6,2,2014,457,5962,"Sunday   ","2014Q2","N","Y","N",2456749,2456778,2456389,2456663,"N","N","N","N","N"
2456755,"0000000002456755",2014-04-07,1371,5963,457,2014,1,4,7,2,2014,457,5963,"Monday   ","2014Q2","N","N","N",2456749,2456778,2456390,2456664,"N","N","N","N","N"
2456756,"0000000002456756",2014-04-08,1371,5963,457,2014,2,4,8,2,2014,457,5963,"Tuesday  ","2014Q2","N","N","N",2456749,2456778,2456391,2456665,"N","N","N","N","N"
2456757,"0000000002456757",2014-04-09,1371,5963,457,2014,3,4,9,2,2014,457,5963,"Wednesday","2014Q2","N","N","N",2456749,2456778,2456392,2456666,"N","N","N","N","N"
2456758,"0000000002456758",2014-04-10,1371,5963,457,2014,4,4,10,2,2014,457,5963,"Thursday ","2014Q2","N","N","N",2456749,2456778,2456393,2456667,"N","N","N","N","N"
2456759,"0000000002456759",2014-04-11,1371,5963,457,2014,5,4,11,2,2014,457,5963,"Friday   ","2014Q2","N","N","N",2456749,2456778,2456394,2456668,"N","N","N","N","N"
2456760,"0000000002456760",2014-04-12,1371,5963,457,2014,6,4,12,2,2014,457,5963,"Saturday ","2014Q2","N","Y","N",2456749,2456778,2456395,2456669,"N","N","N","N","N"
2456761,"0000000002456761",2014-04-13,1371,5963,457,2014,0,4,13,2,2014,457,5963,"Sunday   ","2014Q2","N","Y","N",2456749,2456778,2456396,2456670,"N","N","N","N","N"
2456762,"0000000002456762",2014-04-14,1371,5964,457,2014,1,4,14,2,2014,457,5964,"Monday   ","2014Q2","N","N","N",2456749,2456778,2456397,2456671,"N","N","N","N","N"
2456763,"0000000002456763",2014-04-15,1371,5964,457,2014,2,4,15,2,2014,457,5964,"Tuesday  ","2014Q2","N","N","N",2456749,2456778,2456398,2456672,"N","N","N","N","N"
2456764,"0000000002456764",2014-04-16,1371,5964,457,2014,3,4,16,2,2014,457,5964,"Wednesday","2014Q2","N","N","N",2456749,2456778,2456399,2456673,"N","N","N","N","N"
2456765,"0000000002456765",2014-04-17,1371,5964,457,2014,4,4,17,2,2014,457,5964,"Thursday ","2014Q2","N","N","N",2456749,2456778,2456400,2456674,"N","N","N","N","N"
2456766,"0000000002456766",2014-04-18,1371,5964,457,2014,5,4,18,2,2014,457,5964,"Friday   ","2014Q2","N","N","N",2456749,2456778,2456401,2456675,"N","N","N","N","N"
2456767,"0000000002456767",2014-04-19,1371,5964,457,2014,6,4,19,2,2014,457,5964,"Saturday ","2014Q2","N","Y","N",2456749,2456778,2456402,2456676,"N","N","N","N","N"
2456768,"0000000002456768",2014-04-20,1371,5964,457,2014,0,4,20,2,2014,457,5964,"Sunday   ","2014Q2","N","Y","N",2456749,2456778,2456403,2456677,"N","N","N","N","N"
2456769,"0000000002456769",2014-04-21,1371,5965,457,2014,1,4,21,2,2014,457,5965,"Monday   ","2014Q2","N","N","N",2456749,2456778,2456404,2456678,"N","N","N","N","N"
2456770,"0000000002456770",2014-04-22,1371,5965,457,2014,2,4,22,2,2014,457,5965,"Tuesday  ","2014Q2","N","N","N",2456749,2456778,2456405,2456679,"N","N","N","N","N"
2456771,"0000000002456771",2014-04-23,1371,5965,457,2014,3,4,23,2,2014,457,5965,"Wednesday","2014Q2","N","N","N",2456749,2456778,2456406,2456680,"N","N","N","N","N"
2456772,"0000000002456772",2014-04-24,1371,5965,457,2014,4,4,24,2,2014,457,5965,"Thursday ","2014Q2","N","N","N",2456749,2456778,2456407,2456681,"N","N","N","N","N"
2456773,"0000000002456773",2014-04-25,1371,5965,457,2014,5,4,25,2,2014,457,5965,"Friday   ","2014Q2","N","N","N",2456749,2456778,2456408,2456682,"N","N","N","N","N"
2456774,"0000000002456774",2014-04-26,1371,5965,457,2014,6,4,26,2,2014,457,5965,"Saturday ","2014Q2","N","Y","N",2456749,2456778,2456409,2456683,"N","N","N","N","N"
2456775,"0000000002456775",2014-04-27,1371,5965,457,2014,0,4,27,2,2014,457,5965,"Sunday   ","2014Q2","N","Y","N",2456749,2456778,2456410,2456684,"N","N","N","N","N"
2456776,"0000000002456776",2014-04-28,1371,5966,457,2014,1,4,28,2,2014,457,5966,"Monday   ","2014Q2","N","N","N",2456749,2456778,2456411,2456685,"N","N","N","N","N"
2456777,"0000000002456777",2014-04-29,1371,5966,457,2014,2,4,29,2,2014,457,5966,"Tuesday  ","2014Q2","N","N","N",2456749,2456778,2456412,2456686,"N","N","N","N","N"
2456778,"0000000002456778",2014-04-30,1371,5966,457,2014,3,4,30,2,2014,457,5966,"Wednesday","2014Q2","N","N","N",2456749,2456778,2456413,2456687,"N","N","N","N","N"
2456779,"0000000002456779",2014-05-01,1372,5966,457,2014,4,5,1,2,2014,457,5966,"Thursday ","2014Q2","N","N","N",2456779,2456809,2456414,2456688,"N","N","N","N","N"
2456780,"0000000002456780",2014-05-02,1372,5966,457,2014,5,5,2,2,2014,457,5966,"Friday   ","2014Q2","N","N","N",2456779,2456809,2456415,2456689,"N","N","N","N","N"
2456781,"0000000002456781",2014-05-03,1372,5966,457,2014,6,5,3,2,2014,457,5966,"Saturday ","2014Q2","N","Y","N",2456779,2456809,2456416,2456690,"N","N","N","N","N"
2456782,"0000000002456782",2014-05-04,1372,5966,457,2014,0,5,4,2,2014,457,5966,"Sunday   ","2014Q2","N","Y","N",2456779,2456809,2456417,2456691,"N","N","N","N","N"
2456783,"0000000002456783",2014-05-05,1372,5967,457,2014,1,5,5,2,2014,457,5967,"Monday   ","2014Q2","N","N","N",2456779,2456809,2456418,2456692,"N","N","N","N","N"
2456784,"0000000002456784",2014-05-06,1372,5967,457,2014,2,5,6,2,2014,457,5967,"Tuesday  ","2014Q2","N","N","N",2456779,2456809,2456419,2456693,"N","N","N","N","N"
2456785,"0000000002456785",2014-05-07,1372,5967,457,2014,3,5,7,2,2014,457,5967,"Wednesday","2014Q2","N","N","N",2456779,2456809,2456420,2456694,"N","N","N","N","N"
2456786,"0000000002456786",2014-05-08,1372,5967,457,2014,4,5,8,2,2014,457,5967,"Thursday ","2014Q2","N","N","N",2456779,2456809,2456421,2456695,"N","N","N","N","N"
2456787,"0000000002456787",2014-05-09,1372,5967,457,2014,5,5,9,2,2014,457,5967,"Friday   ","2014Q2","N","N","N",2456779,2456809,2456422,2456696,"N","N","N","N","N"
2456788,"0000000002456788",2014-05-10,1372,5967,457,2014,6,5,10,2,2014,457,5967,"Saturday ","2014Q2","N","Y","N",2456779,2456809,2456423,2456697,"N","N","N","N","N"
2456789,"0000000002456789",2014-05-11,1372,5967,457,2014,0,5,11,2,2014,457,5967,"Sunday   ","2014Q2","N","Y","N",2456779,2456809,2456424,2456698,"N","N","N","N","N"
2456790,"0000000002456790",2014-05-12,1372,5968,457,2014,1,5,12,2,2014,457,5968,"Monday   ","2014Q2","N","N","N",2456779,2456809,2456425,2456699,"N","N","N","N","N"
2456791,"0000000002456791",2014-05-13,1372,5968,457,2014,2,5,13,2,2014,457,5968,"Tuesday  ","2014Q2","N","N","N",2456779,2456809,2456426,2456700,"N","N","N","N","N"
2456792,"0000000002456792",2014-05-14,1372,5968,457,2014,3,5,14,2,2014,457,5968,"Wednesday","2014Q2","N","N","N",2456779,2456809,2456427,2456701,"N","N","N","N","N"
2456793,"0000000002456793",2014-05-15,1372,5968,457,2014,4,5,15,2,2014,457,5968,"Thursday ","2014Q2","N","N","N",2456779,2456809,2456428,2456702,"N","N","N","N","N"
2456794,"0000000002456794",2014-05-16,1372,5968,457,2014,5,5,16,2,2014,457,5968,"Friday   ","2014Q2","N","N","N",2456779,2456809,2456429,2456703,"N","N","N","N","N"
2456795,"0000000002456795",2014-05-17,1372,5968,457,2014,6,5,17,2,2014,457,5968,"Saturday ","2014Q2","N","Y","N",2456779,2456809,2456430,2456704,"N","N","N","N","N"
2456796,"0000000002456796",2014-05-18,1372,5968,457,2014,0,5,18,2,2014,457,5968,"Sunday   ","2014Q2","N","Y","N",2456779,2456809,2456431,2456705,"N","N","N","N","N"
2456797,"0000000002456797",2014-05-19,1372,5969,457,2014,1,5,19,2,2014,457,5969,"Monday   ","2014Q2","N","N","N",2456779,2456809,2456432,2456706,"N","N","N","N","N"
2456798,"0000000002456798",2014-05-20,1372,5969,457,2014,2,5,20,2,2014,457,5969,"Tuesday  ","2014Q2","N","N","N",2456779,2456809,2456433,2456707,"N","N","N","N","N"
2456799,"0000000002456799",2014-05-21,1372,5969,457,2014,3,5,21,2,2014,457,5969,"Wednesday","2014Q2","N","N","N",2456779,2456809,2456434,2456708,"N","N","N","N","N"
2456800,"0000000002456800",2014-05-22,1372,5969,457,2014,4,5,22,2,2014,457,5969,"Thursday ","2014Q2","N","N","N",2456779,2456809,2456435,2456709,"N","N","N","N","N"
2456801,"0000000002456801",2014-05-23,1372,5969,457,2014,5,5,23,2,2014,457,5969,"Friday   ","2014Q2","N","N","N",2456779,2456809,2456436,2456710,"N","N","N","N","N"
2456802,"0000000002456802",2014-05-24,1372,5969,457,2014,6,5,24,2,2014,457,5969,"Saturday ","2014Q2","N","Y","N",2456779,2456809,2456437,2456711,"N","N","N","N","N"
2456803,"0000000002456803",2014-05-25,1372,5969,457,2014,0,5,25,2,2014,457,5969,"Sunday   ","2014Q2","N","Y","N",2456779,2456809,2456438,2456712,"N","N","N","N","N"
2456804,"0000000002456804",2014-05-26,1372,5970,457,2014,1,5,26,2,2014,457,5970,"Monday   ","2014Q2","N","N","N",2456779,2456809,2456439,2456713,"N","N","N","N","N"
2456805,"0000000002456805",2014-05-27,1372,5970,457,2014,2,5,27,2,2014,457,5970,"Tuesday  ","2014Q2","N","N","N",2456779,2456809,2456440,2456714,"N","N","N","N","N"
2456806,"0000000002456806",2014-05-28,1372,5970,457,2014,3,5,28,2,2014,457,5970,"Wednesday","2014Q2","N","N","N",2456779,2456809,2456441,2456715,"N","N","N","N","N"
2456807,"0000000002456807",2014-05-29,1372,5970,457,2014,4,5,29,2,2014,457,5970,"Thursday ","2014Q2","N","N","N",2456779,2456809,2456442,2456716,"N","N","N","N","N"
2456808,"0000000002456808",2014-05-30,1372,5970,457,2014,5,5,30,2,2014,457,5970,"Friday   ","2014Q2","N","N","N",2456779,2456809,2456443,2456717,"N","N","N","N","N"
2456809,"0000000002456809",2014-05-31,1372,5970,457,2014,6,5,31,2,2014,457,5970,"Saturday ","2014Q2","N","Y","N",2456779,2456809,2456444,2456718,"N","N","N","N","N"
2456810,"0000000002456810",2014-06-01,1373,5970,457,2014,0,6,1,2,2014,457,5970,"Sunday   ","2014Q2","N","Y","N",2456810,2456839,2456445,2456719,"N","N","N","N","N"
2456811,"0000000002456811",2014-06-02,1373,5971,457,2014,1,6,2,2,2014,457,5971,"Monday   ","2014Q2","N","N","N",2456810,2456839,2456446,2456720,"N","N","N","N","N"
2456812,"0000000002456812",2014-06-03,1373,5971,457,2014,2,6,3,2,2014,457,5971,"Tuesday  ","2014Q2","N","N","N",2456810,2456839,2456447,2456721,"N","N","N","N","N"
2456813,"0000000002456813",2014-06-04,1373,5971,457,2014,3,6,4,2,2014,457,5971,"Wednesday","2014Q2","N","N","N",2456810,2456839,2456448,2456722,"N","N","N","N","N"
2456814,"0000000002456814",2014-06-05,1373,5971,457,2014,4,6,5,2,2014,457,5971,"Thursday ","2014Q2","N","N","N",2456810,2456839,2456449,2456723,"N","N","N","N","N"
2456815,"0000000002456815",2014-06-06,1373,5971,457,2014,5,6,6,2,2014,457,5971,"Friday   ","2014Q2","N","N","N",2456810,2456839,2456450,2456724,"N","N","N","N","N"
2456816,"0000000002456816",2014-06-07,1373,5971,457,2014,6,6,7,2,2014,457,5971,"Saturday ","2014Q2","N","Y","N",2456810,2456839,2456451,2456725,"N","N","N","N","N"
2456817,"0000000002456817",2014-06-08,1373,5971,457,2014,0,6,8,2,2014,457,5971,"Sunday   ","2014Q2","N","Y","N",2456810,2456839,2456452,2456726,"N","N","N","N","N"
2456818,"0000000002456818",2014-06-09,1373,5972,457,2014,1,6,9,2,2014,457,5972,"Monday   ","2014Q2","N","N","N",2456810,2456839,2456453,2456727,"N","N","N","N","N"
2456819,"0000000002456819",2014-06-10,1373,5972,457,2014,2,6,10,2,2014,457,5972,"Tuesday  ","2014Q2","N","N","N",2456810,2456839,2456454,2456728,"N","N","N","N","N"
2456820,"0000000002456820",2014-06-11,1373,5972,457,2014,3,6,11,2,2014,457,5972,"Wednesday","2014Q2","N","N","N",2456810,2456839,2456455,2456729,"N","N","N","N","N"
2456821,"0000000002456821",2014-06-12,1373,5972,457,2014,4,6,12,2,2014,457,5972,"Thursday ","2014Q2","N","N","N",2456810,2456839,2456456,2456730,"N","N","N","N","N"
2456822,"0000000002456822",2014-06-13,1373,5972,457,2014,5,6,13,2,2014,457,5972,"Friday   ","2014Q2","N","N","N",2456810,2456839,2456457,2456731,"N","N","N","N","N"
2456823,"0000000002456823",2014-06-14,1373,5972,457,2014,6,6,14,2,2014,457,5972,"Saturday ","2014Q2","N","Y","N",2456810,2456839,2456458,2456732,"N","N","N","N","N"
2456824,"0000000002456824",2014-06-15,1373,5972,457,2014,0,6,15,2,2014,457,5972,"Sunday   ","2014Q2","N","Y","N",2456810,2456839,2456459,2456733,"N","N","N","N","N"
2456825,"0000000002456825",2014-06-16,1373,5973,457,2014,1,6,16,2,2014,457,5973,"Monday   ","2014Q2","N","N","N",2456810,2456839,2456460,2456734,"N","N","N","N","N"
2456826,"0000000002456826",2014-06-17,1373,5973,457,2014,2,6,17,2,2014,457,5973,"Tuesday  ","2014Q2","N","N","N",2456810,2456839,2456461,2456735,"N","N","N","N","N"
2456827,"0000000002456827",2014-06-18,1373,5973,457,2014,3,6,18,2,2014,457,5973,"Wednesday","2014Q2","N","N","N",2456810,2456839,2456462,2456736,"N","N","N","N","N"
2456828,"0000000002456828",2014-06-19,1373,5973,457,2014,4,6,19,2,2014,457,5973,"Thursday ","2014Q2","N","N","N",2456810,2456839,2456463,2456737,"N","N","N","N","N"
2456829,"0000000002456829",2014-06-20,1373,5973,457,2014,5,6,20,2,2014,457,5973,"Friday   ","2014Q2","N","N","N",2456810,2456839,2456464,2456738,"N","N","N","N","N"
2456830,"0000000002456830",2014-06-21,1373,5973,457,2014,6,6,21,2,2014,457,5973,"Saturday ","2014Q2","N","Y","N",2456810,2456839,2456465,2456739,"N","N","N","N","N"
2456831,"0000000002456831",2014-06-22,1373,5973,457,2014,0,6,22,2,2014,457,5973,"Sunday   ","2014Q2","N","Y","N",2456810,2456839,2456466,2456740,"N","N","N","N","N"
2456832,"0000000002456832",2014-06-23,1373,5974,457,2014,1,6,23,2,2014,457,5974,"Monday   ","2014Q2","N","N","N",2456810,2456839,2456467,2456741,"N","N","N","N","N"
2456833,"0000000002456833",2014-06-24,1373,5974,457,2014,2,6,24,2,2014,457,5974,"Tuesday  ","2014Q2","N","N","N",2456810,2456839,2456468,2456742,"N","N","N","N","N"
2456834,"0000000002456834",2014-06-25,1373,5974,457,2014,3,6,25,2,2014,457,5974,"Wednesday","2014Q2","N","N","N",2456810,2456839,2456469,2456743,"N","N","N","N","N"
2456835,"0000000002456835",2014-06-26,1373,5974,457,2014,4,6,26,2,2014,457,5974,"Thursday ","2014Q2","N","N","N",2456810,2456839,2456470,2456744,"N","N","N","N","N"
2456836,"0000000002456836",2014-06-27,1373,5974,457,2014,5,6,27,2,2014,457,5974,"Friday   ","2014Q2","N","N","N",2456810,2456839,2456471,2456745,"N","N","N","N","N"
2456837,"0000000002456837",2014-06-28,1373,5974,457,2014,6,6,28,2,2014,457,5974,"Saturday ","2014Q2","N","Y","N",2456810,2456839,2456472,2456746,"N","N","N","N","N"
2456838,"0000000002456838",2014-06-29,1373,5974,457,2014,0,6,29,2,2014,457,5974,"Sunday   ","2014Q2","N","Y","N",2456810,2456839,2456473,2456747,"N","N","N","N","N"
2456839,"0000000002456839",2014-06-30,1373,5975,457,2014,1,6,30,2,2014,457,5975,"Monday   ","2014Q2","N","N","N",2456810,2456839,2456474,2456748,"N","N","N","N","N"
2456840,"0000000002456840",2014-07-01,1374,5975,458,2014,2,7,1,3,2014,458,5975,"Tuesday  ","2014Q3","N","N","N",2456840,2456870,2456475,2456749,"N","N","N","N","N"
2456841,"0000000002456841",2014-07-02,1374,5975,458,2014,3,7,2,3,2014,458,5975,"Wednesday","2014Q3","N","N","N",2456840,2456870,2456476,2456750,"N","N","N","N","N"
2456842,"0000000002456842",2014-07-03,1374,5975,458,2014,4,7,3,3,2014,458,5975,"Thursday ","2014Q3","N","N","N",2456840,2456870,2456477,2456751,"N","N","N","N","N"
2456843,"0000000002456843",2014-07-04,1374,5975,458,2014,5,7,4,3,2014,458,5975,"Friday   ","2014Q3","N","N","N",2456840,2456870,2456478,2456752,"N","N","N","N","N"
2456844,"0000000002456844",2014-07-05,1374,5975,458,2014,6,7,5,3,2014,458,5975,"Saturday ","2014Q3","N","Y","N",2456840,2456870,2456479,2456753,"N","N","N","N","N"
2456845,"0000000002456845",2014-07-06,1374,5975,458,2014,0,7,6,3,2014,458,5975,"Sunday   ","2014Q3","N","Y","N",2456840,2456870,2456480,2456754,"N","N","N","N","N"
2456846,"0000000002456846",2014-07-07,1374,5976,458,2014,1,7,7,3,2014,458,5976,"Monday   ","2014Q3","N","N","N",2456840,2456870,2456481,2456755,"N","N","N","N","N"
2456847,"0000000002456847",2014-07-08,1374,5976,458,2014,2,7,8,3,2014,458,5976,"Tuesday  ","2014Q3","N","N","N",2456840,2456870,2456482,2456756,"N","N","N","N","N"
2456848,"0000000002456848",2014-07-09,1374,5976,458,2014,3,7,9,3,2014,458,5976,"Wednesday","2014Q3","N","N","N",2456840,2456870,2456483,2456757,"N","N","N","N","N"
2456849,"0000000002456849",2014-07-10,1374,5976,458,2014,4,7,10,3,2014,458,5976,"Thursday ","2014Q3","N","N","N",2456840,2456870,2456484,2456758,"N","N","N","N","N"
2456850,"0000000002456850",2014-07-11,1374,5976,458,2014,5,7,11,3,2014,458,5976,"Friday   ","2014Q3","N","N","N",2456840,2456870,2456485,2456759,"N","N","N","N","N"
2456851,"0000000002456851",2014-07-12,1374,5976,458,2014,6,7,12,3,2014,458,5976,"Saturday ","2014Q3","N","Y","N",2456840,2456870,2456486,2456760,"N","N","N","N","N"
2456852,"0000000002456852",2014-07-13,1374,5976,458,2014,0,7,13,3,2014,458,5976,"Sunday   ","2014Q3","N","Y","N",2456840,2456870,2456487,2456761,"N","N","N","N","N"
2456853,"0000000002456853",2014-07-14,1374,5977,458,2014,1,7,14,3,2014,458,5977,"Monday   ","2014Q3","N","N","N",2456840,2456870,2456488,2456762,"N","N","N","N","N"
2456854,"0000000002456854",2014-07-15,1374,5977,458,2014,2,7,15,3,2014,458,5977,"Tuesday  ","2014Q3","N","N","N",2456840,2456870,2456489,2456763,"N","N","N","N","N"
2456855,"0000000002456855",2014-07-16,1374,5977,458,2014,3,7,16,3,2014,458,5977,"Wednesday","2014Q3","N","N","N",2456840,2456870,2456490,2456764,"N","N","N","N","N"
2456856,"0000000002456856",2014-07-17,1374,5977,458,2014,4,7,17,3,2014,458,5977,"Thursday ","2014Q3","N","N","N",2456840,2456870,2456491,2456765,"N","N","N","N","N"
2456857,"0000000002456857",2014-07-18,1374,5977,458,2014,5,7,18,3,2014,458,5977,"Friday   ","2014Q3","N","N","N",2456840,2456870,2456492,2456766,"N","N","N","N","N"
2456858,"0000000002456858",2014-07-19,1374,5977,458,2014,6,7,19,3,2014,458,5977,"Saturday ","2014Q3","N","Y","N",2456840,2456870,2456493,2456767,"N","N","N","N","N"
2456859,"0000000002456859",2014-07-20,1374,5977,458,2014,0,7,20,3,2014,458,5977,"Sunday   ","2014Q3","N","Y","N",2456840,2456870,2456494,2456768,"N","N","N","N","N"
2456860,"0000000002456860",2014-07-21,1374,5978,458,2014,1,7,21,3,2014,458,5978,"Monday   ","2014Q3","N","N","N",2456840,2456870,2456495,2456769,"N","N","N","N","N"
2456861,"0000000002456861",2014-07-22,1374,5978,458,2014,2,7,22,3,2014,458,5978,"Tuesday  ","2014Q3","N","N","N",2456840,2456870,2456496,2456770,"N","N","N","N","N"
2456862,"0000000002456862",2014-07-23,1374,5978,458,2014,3,7,23,3,2014,458,5978,"Wednesday","2014Q3","N","N","N",2456840,2456870,2456497,2456771,"N","N","N","N","N"
2456863,"0000000002456863",2014-07-24,1374,5978,458,2014,4,7,24,3,2014,458,5978,"Thursday ","2014Q3","N","N","N",2456840,2456870,2456498,2456772,"N","N","N","N","N"
2456864,"0000000002456864",2014-07-25,1374,5978,458,2014,5,7,25,3,2014,458,5978,"Friday   ","2014Q3","N","N","N",2456840,2456870,2456499,2456773,"N","N","N","N","N"
2456865,"0000000002456865",2014-07-26,1374,5978,458,2014,6,7,26,3,2014,458,5978,"Saturday ","2014Q3","N","Y","N",2456840,2456870,2456500,2456774,"N","N","N","N","N"
2456866,"0000000002456866",2014-07-27,1374,5978,458,2014,0,7,27,3,2014,458,5978,"Sunday   ","2014Q3","N","Y","N",2456840,2456870,2456501,2456775,"N","N","N","N","N"
2456867,"0000000002456867",2014-07-28,1374,5979,458,2014,1,7,28,3,2014,458,5979,"Monday   ","2014Q3","N","N","N",2456840,2456870,2456502,2456776,"N","N","N","N","N"
2456868,"0000000002456868",2014-07-29,1374,5979,458,2014,2,7,29,3,2014,458,5979,"Tuesday  ","2014Q3","N","N","N",2456840,2456870,2456503,2456777,"N","N","N","N","N"
2456869,"0000000002456869",2014-07-30,1374,5979,458,2014,3,7,30,3,2014,458,5979,"Wednesday","2014Q3","N","N","N",2456840,2456870,2456504,2456778,"N","N","N","N","N"
2456870,"0000000002456870",2014-07-31,1374,5979,458,2014,4,7,31,3,2014,458,5979,"Thursday ","2014Q3","N","N","N",2456840,2456870,2456505,2456779,"N","N","N","N","N"
2456871,"0000000002456871",2014-08-01,1375,5979,458,2014,5,8,1,3,2014,458,5979,"Friday   ","2014Q3","N","N","N",2456871,2456901,2456506,2456780,"N","N","N","N","N"
2456872,"0000000002456872",2014-08-02,1375,5979,458,2014,6,8,2,3,2014,458,5979,"Saturday ","2014Q3","N","Y","N",2456871,2456901,2456507,2456781,"N","N","N","N","N"
2456873,"0000000002456873",2014-08-03,1375,5979,458,2014,0,8,3,3,2014,458,5979,"Sunday   ","2014Q3","N","Y","N",2456871,2456901,2456508,2456782,"N","N","N","N","N"
2456874,"0000000002456874",2014-08-04,1375,5980,458,2014,1,8,4,3,2014,458,5980,"Monday   ","2014Q3","N","N","N",2456871,2456901,2456509,2456783,"N","N","N","N","N"
2456875,"0000000002456875",2014-08-05,1375,5980,458,2014,2,8,5,3,2014,458,5980,"Tuesday  ","2014Q3","N","N","N",2456871,2456901,2456510,2456784,"N","N","N","N","N"
2456876,"0000000002456876",2014-08-06,1375,5980,458,2014,3,8,6,3,2014,458,5980,"Wednesday","2014Q3","N","N","N",2456871,2456901,2456511,2456785,"N","N","N","N","N"
2456877,"0000000002456877",2014-08-07,1375,5980,458,2014,4,8,7,3,2014,458,5980,"Thursday ","2014Q3","N","N","N",2456871,2456901,2456512,2456786,"N","N","N","N","N"
2456878,"0000000002456878",2014-08-08,1375,5980,458,2014,5,8,8,3,2014,458,5980,"Friday   ","2014Q3","N","N","N",2456871,2456901,2456513,2456787,"N","N","N","N","N"
2456879,"0000000002456879",2014-08-09,1375,5980,458,2014,6,8,9,3,2014,458,5980,"Saturday ","2014Q3","N","Y","N",2456871,2456901,2456514,2456788,"N","N","N","N","N"
2456880,"0000000002456880",2014-08-10,1375,5980,458,2014,0,8,10,3,2014,458,5980,"Sunday   ","2014Q3","N","Y","N",2456871,2456901,2456515,2456789,"N","N","N","N","N"
2456881,"0000000002456881",2014-08-11,1375,5981,458,2014,1,8,11,3,2014,458,5981,"Monday   ","2014Q3","N","N","N",2456871,2456901,2456516,2456790,"N","N","N","N","N"
2456882,"0000000002456882",2014-08-12,1375,5981,458,2014,2,8,12,3,2014,458,5981,"Tuesday  ","2014Q3","N","N","N",2456871,2456901,2456517,2456791,"N","N","N","N","N"
2456883,"0000000002456883",2014-08-13,1375,5981,458,2014,3,8,13,3,2014,458,5981,"Wednesday","2014Q3","N","N","N",2456871,2456901,2456518,2456792,"N","N","N","N","N"
2456884,"0000000002456884",2014-08-14,1375,5981,458,2014,4,8,14,3,2014,458,5981,"Thursday ","2014Q3","N","N","N",2456871,2456901,2456519,2456793,"N","N","N","N","N"
2456885,"0000000002456885",2014-08-15,1375,5981,458,2014,5,8,15,3,2014,458,5981,"Friday   ","2014Q3","N","N","N",2456871,2456901,2456520,2456794,"N","N","N","N","N"
2456886,"0000000002456886",2014-08-16,1375,5981,458,2014,6,8,16,3,2014,458,5981,"Saturday ","2014Q3","N","Y","N",2456871,2456901,2456521,2456795,"N","N","N","N","N"
2456887,"0000000002456887",2014-08-17,1375,5981,458,2014,0,8,17,3,2014,458,5981,"Sunday   ","2014Q3","N","Y","N",2456871,2456901,2456522,2456796,"N","N","N","N","N"
2456888,"0000000002456888",2014-08-18,1375,5982,458,2014,1,8,18,3,2014,458,5982,"Monday   ","2014Q3","N","N","N",2456871,2456901,2456523,2456797,"N","N","N","N","N"
2456889,"0000000002456889",2014-08-19,1375,5982,458,2014,2,8,19,3,2014,458,5982,"Tuesday  ","2014Q3","N","N","N",2456871,2456901,2456524,2456798,"N","N","N","N","N"
2456890,"0000000002456890",2014-08-20,1375,5982,458,2014,3,8,20,3,2014,458,5982,"Wednesday","2014Q3","N","N","N",2456871,2456901,2456525,2456799,"N","N","N","N","N"
2456891,"0000000002456891",2014-08-21,1375,5982,458,2014,4,8,21,3,2014,458,5982,"Thursday ","2014Q3","N","N","N",2456871,2456901,2456526,2456800,"N","N","N","N","N"
2456892,"0000000002456892",2014-08-22,1375,5982,458,2014,5,8,22,3,2014,458,5982,"Friday   ","2014Q3","N","N","N",2456871,2456901,2456527,2456801,"N","N","N","N","N"
2456893,"0000000002456893",2014-08-23,1375,5982,458,2014,6,8,23,3,2014,458,5982,"Saturday ","2014Q3","N","Y","N",2456871,2456901,2456528,2456802,"N","N","N","N","N"
2456894,"0000000002456894",2014-08-24,1375,5982,458,2014,0,8,24,3,2014,458,5982,"Sunday   ","2014Q3","N","Y","N",2456871,2456901,2456529,2456803,"N","N","N","N","N"
2456895,"0000000002456895",2014-08-25,1375,5983,458,2014,1,8,25,3,2014,458,5983,"Monday   ","2014Q3","N","N","N",2456871,2456901,2456530,2456804,"N","N","N","N","N"
2456896,"0000000002456896",2014-08-26,1375,5983,458,2014,2,8,26,3,2014,458,5983,"Tuesday  ","2014Q3","N","N","N",2456871,2456901,2456531,2456805,"N","N","N","N","N"
2456897,"0000000002456897",2014-08-27,1375,5983,458,2014,3,8,27,3,2014,458,5983,"Wednesday","2014Q3","N","N","N",2456871,2456901,2456532,2456806,"N","N","N","N","N"
2456898,"0000000002456898",2014-08-28,1375,5983,458,2014,4,8,28,3,2014,458,5983,"Thursday ","2014Q3","N","N","N",2456871,2456901,2456533,2456807,"N","N","N","N","N"
2456899,"0000000002456899",2014-08-29,1375,5983,458,2014,5,8,29,3,2014,458,5983,"Friday   ","2014Q3","N","N","N",2456871,2456901,2456534,2456808,"N","N","N","N","N"
2456900,"0000000002456900",2014-08-30,1375,5983,458,2014,6,8,30,3,2014,458,5983,"Saturday ","2014Q3","N","Y","N",2456871,2456901,2456535,2456809,"N","N","N","N","N"
2456901,"0000000002456901",2014-08-31,1375,5983,458,2014,0,8,31,3,2014,458,5983,"Sunday   ","2014Q3","N","Y","N",2456871,2456901,2456536,2456810,"N","N","N","N","N"
2456902,"0000000002456902",2014-09-01,1376,5984,458,2014,1,9,1,3,2014,458,5984,"Monday   ","2014Q3","N","N","N",2456902,2456931,2456537,2456811,"N","N","N","N","N"
2456903,"0000000002456903",2014-09-02,1376,5984,458,2014,2,9,2,3,2014,458,5984,"Tuesday  ","2014Q3","N","N","N",2456902,2456931,2456538,2456812,"N","N","N","N","N"
2456904,"0000000002456904",2014-09-03,1376,5984,458,2014,3,9,3,3,2014,458,5984,"Wednesday","2014Q3","N","N","N",2456902,2456931,2456539,2456813,"N","N","N","N","N"
2456905,"0000000002456905",2014-09-04,1376,5984,458,2014,4,9,4,3,2014,458,5984,"Thursday ","2014Q3","N","N","N",2456902,2456931,2456540,2456814,"N","N","N","N","N"
2456906,"0000000002456906",2014-09-05,1376,5984,458,2014,5,9,5,3,2014,458,5984,"Friday   ","2014Q3","N","N","N",2456902,2456931,2456541,2456815,"N","N","N","N","N"
2456907,"0000000002456907",2014-09-06,1376,5984,458,2014,6,9,6,3,2014,458,5984,"Saturday ","2014Q3","N","Y","N",2456902,2456931,2456542,2456816,"N","N","N","N","N"
2456908,"0000000002456908",2014-09-07,1376,5984,458,2014,0,9,7,3,2014,458,5984,"Sunday   ","2014Q3","N","Y","N",2456902,2456931,2456543,2456817,"N","N","N","N","N"
2456909,"0000000002456909",2014-09-08,1376,5985,458,2014,1,9,8,3,2014,458,5985,"Monday   ","2014Q3","N","N","N",2456902,2456931,2456544,2456818,"N","N","N","N","N"
2456910,"0000000002456910",2014-09-09,1376,5985,458,2014,2,9,9,3,2014,458,5985,"Tuesday  ","2014Q3","N","N","N",2456902,2456931,2456545,2456819,"N","N","N","N","N"
2456911,"0000000002456911",2014-09-10,1376,5985,458,2014,3,9,10,3,2014,458,5985,"Wednesday","2014Q3","N","N","N",2456902,2456931,2456546,2456820,"N","N","N","N","N"
2456912,"0000000002456912",2014-09-11,1376,5985,458,2014,4,9,11,3,2014,458,5985,"Thursday ","2014Q3","N","N","N",2456902,2456931,2456547,2456821,"N","N","N","N","N"
2456913,"0000000002456913",2014-09-12,1376,5985,458,2014,5,9,12,3,2014,458,5985,"Friday   ","2014Q3","N","N","N",2456902,2456931,2456548,2456822,"N","N","N","N","N"
2456914,"0000000002456914",2014-09-13,1376,5985,458,2014,6,9,13,3,2014,458,5985,"Saturday ","2014Q3","N","Y","N",2456902,2456931,2456549,2456823,"N","N","N","N","N"
2456915,"0000000002456915",2014-09-14,1376,5985,458,2014,0,9,14,3,2014,458,5985,"Sunday   ","2014Q3","N","Y","N",2456902,2456931,2456550,2456824,"N","N","N","N","N"
2456916,"0000000002456916",2014-09-15,1376,5986,458,2014,1,9,15,3,2014,458,5986,"Monday   ","2014Q3","N","N","N",2456902,2456931,2456551,2456825,"N","N","N","N","N"
2456917,"0000000002456917",2014-09-16,1376,5986,458,2014,2,9,16,3,2014,458,5986,"Tuesday  ","2014Q3","N","N","N",2456902,2456931,2456552,2456826,"N","N","N","N","N"
2456918,"0000000002456918",2014-09-17,1376,5986,458,2014,3,9,17,3,2014,458,5986,"Wednesday","2014Q3","N","N","N",2456902,2456931,2456553,2456827,"N","N","N","N","N"
2456919,"0000000002456919",2014-09-18,1376,5986,458,2014,4,9,18,3,2014,458,5986,"Thursday ","2014Q3","N","N","N",2456902,2456931,2456554,2456828,"N","N","N","N","N"
2456920,"0000000002456920",2014-09-19,1376,5986,458,2014,5,9,19,3,2014,458,5986,"Friday   ","2014Q3","N","N","N",2456902,2456931,2456555,2456829,"N","N","N","N","N"
2456921,"0000000002456921",2014-09-20,1376,5986,458,2014,6,9,20,3,2014,458,5986,"Saturday ","2014Q3","N","Y","N",2456902,2456931,2456556,2456830,"N","N","N","N","N"
2456922,"0000000002456922",2014-09-21,1376,5986,458,2014,0,9,21,3,2014,458,5986,"Sunday   ","2014Q3","N","Y","N",2456902,2456931,2456557,2456831,"N","N","N","N","N"
2456923,"0000000002456923",2014-09-22,1376,5987,458,2014,1,9,22,3,2014,458,5987,"Monday   ","2014Q3","N","N","N",2456902,2456931,2456558,2456832,"N","N","N","N","N"
2456924,"0000000002456924",2014-09-23,1376,5987,458,2014,2,9,23,3,2014,458,5987,"Tuesday  ","2014Q3","N","N","N",2456902,2456931,2456559,2456833,"N","N","N","N","N"
2456925,"0000000002456925",2014-09-24,1376,5987,458,2014,3,9,24,3,2014,458,5987,"Wednesday","2014Q3","N","N","N",2456902,2456931,2456560,2456834,"N","N","N","N","N"
2456926,"0000000002456926",2014-09-25,1376,5987,458,2014,4,9,25,3,2014,458,5987,"Thursday ","2014Q3","N","N","N",2456902,2456931,2456561,2456835,"N","N","N","N","N"
2456927,"0000000002456927",2014-09-26,1376,5987,458,2014,5,9,26,3,2014,458,5987,"Friday   ","2014Q3","N","N","N",2456902,2456931,2456562,2456836,"N","N","N","N","N"
2456928,"0000000002456928",2014-09-27,1376,5987,458,2014,6,9,27,3,2014,458,5987,"Saturday ","2014Q3","N","Y","N",2456902,2456931,2456563,2456837,"N","N","N","N","N"
2456929,"0000000002456929",2014-09-28,1376,5987,458,2014,0,9,28,3,2014,458,5987,"Sunday   ","2014Q3","N","Y","N",2456902,2456931,2456564,2456838,"N","N","N","N","N"
2456930,"0000000002456930",2014-09-29,1376,5988,458,2014,1,9,29,3,2014,458,5988,"Monday   ","2014Q3","N","N","N",2456902,2456931,2456565,2456839,"N","N","N","N","N"
2456931,"0000000002456931",2014-09-30,1376,5988,458,2014,2,9,30,3,2014,458,5988,"Tuesday  ","2014Q3","N","N","N",2456902,2456931,2456566,2456840,"N","N","N","N","N"
2456932,"0000000002456932",2014-10-01,1377,5988,459,2014,3,10,1,4,2014,459,5988,"Wednesday","2014Q4","N","N","N",2456932,2456962,2456567,2456841,"N","N","N","N","N"
2456933,"0000000002456933",2014-10-02,1377,5988,459,2014,4,10,2,4,2014,459,5988,"Thursday ","2014Q4","N","N","N",2456932,2456962,2456568,2456842,"N","N","N","N","N"
2456934,"0000000002456934",2014-10-03,1377,5988,459,2014,5,10,3,4,2014,459,5988,"Friday   ","2014Q4","N","N","N",2456932,2456962,2456569,2456843,"N","N","N","N","N"
2456935,"0000000002456935",2014-10-04,1377,5988,459,2014,6,10,4,4,2014,459,5988,"Saturday ","2014Q4","N","Y","N",2456932,2456962,2456570,2456844,"N","N","N","N","N"
2456936,"0000000002456936",2014-10-05,1377,5988,459,2014,0,10,5,4,2014,459,5988,"Sunday   ","2014Q4","N","Y","N",2456932,2456962,2456571,2456845,"N","N","N","N","N"
2456937,"0000000002456937",2014-10-06,1377,5989,459,2014,1,10,6,4,2014,459,5989,"Monday   ","2014Q4","N","N","N",2456932,2456962,2456572,2456846,"N","N","N","N","N"
2456938,"0000000002456938",2014-10-07,1377,5989,459,2014,2,10,7,4,2014,459,5989,"Tuesday  ","2014Q4","N","N","N",2456932,2456962,2456573,2456847,"N","N","N","N","N"
2456939,"0000000002456939",2014-10-08,1377,5989,459,2014,3,10,8,4,2014,459,5989,"Wednesday","2014Q4","N","N","N",2456932,2456962,2456574,2456848,"N","N","N","N","N"
2456940,"0000000002456940",2014-10-09,1377,5989,459,2014,4,10,9,4,2014,459,5989,"Thursday ","2014Q4","N","N","N",2456932,2456962,2456575,2456849,"N","N","N","N","N"
2456941,"0000000002456941",2014-10-10,1377,5989,459,2014,5,10,10,4,2014,459,5989,"Friday   ","2014Q4","N","N","N",2456932,2456962,2456576,2456850,"N","N","N","N","N"
2456942,"0000000002456942",2014-10-11,1377,5989,459,2014,6,10,11,4,2014,459,5989,"Saturday ","2014Q4","N","Y","N",2456932,2456962,2456577,2456851,"N","N","N","N","N"
2456943,"0000000002456943",2014-10-12,1377,5989,459,2014,0,10,12,4,2014,459,5989,"Sunday   ","2014Q4","N","Y","N",2456932,2456962,2456578,2456852,"N","N","N","N","N"
2456944,"0000000002456944",2014-10-13,1377,5990,459,2014,1,10,13,4,2014,459,5990,"Monday   ","2014Q4","N","N","N",2456932,2456962,2456579,2456853,"N","N","N","N","N"
2456945,"0000000002456945",2014-10-14,1377,5990,459,2014,2,10,14,4,2014,459,5990,"Tuesday  ","2014Q4","N","N","N",2456932,2456962,2456580,2456854,"N","N","N","N","N"
2456946,"0000000002456946",2014-10-15,1377,5990,459,2014,3,10,15,4,2014,459,5990,"Wednesday","2014Q4","N","N","N",2456932,2456962,2456581,2456855,"N","N","N","N","N"
2456947,"0000000002456947",2014-10-16,1377,5990,459,2014,4,10,16,4,2014,459,5990,"Thursday ","2014Q4","N","N","N",2456932,2456962,2456582,2456856,"N","N","N","N","N"
2456948,"0000000002456948",2014-10-17,1377,5990,459,2014,5,10,17,4,2014,459,5990,"Friday   ","2014Q4","N","N","N",2456932,2456962,2456583,2456857,"N","N","N","N","N"
2456949,"0000000002456949",2014-10-18,1377,5990,459,2014,6,10,18,4,2014,459,5990,"Saturday ","2014Q4","N","Y","N",2456932,2456962,2456584,2456858,"N","N","N","N","N"
2456950,"0000000002456950",2014-10-19,1377,5990,459,2014,0,10,19,4,2014,459,5990,"Sunday   ","2014Q4","N","Y","N",2456932,2456962,2456585,2456859,"N","N","N","N","N"
2456951,"0000000002456951",2014-10-20,1377,5991,459,2014,1,10,20,4,2014,459,5991,"Monday   ","2014Q4","N","N","N",2456932,2456962,2456586,2456860,"N","N","N","N","N"
2456952,"0000000002456952",2014-10-21,1377,5991,459,2014,2,10,21,4,2014,459,5991,"Tuesday  ","2014Q4","N","N","N",2456932,2456962,2456587,2456861,"N","N","N","N","N"
2456953,"0000000002456953",2014-10-22,1377,5991,459,2014,3,10,22,4,2014,459,5991,"Wednesday","2014Q4","N","N","N",2456932,2456962,2456588,2456862,"N","N","N","N","N"
2456954,"0000000002456954",2014-10-23,1377,5991,459,2014,4,10,23,4,2014,459,5991,"Thursday ","2014Q4","N","N","N",2456932,2456962,2456589,2456863,"N","N","N","N","N"
2456955,"0000000002456955",2014-10-24,1377,5991,459,2014,5,10,24,4,2014,459,5991,"Friday   ","2014Q4","N","N","N",2456932,2456962,2456590,2456864,"N","N","N","N","N"
2456956,"0000000002456956",2014-10-25,1377,5991,459,2014,6,10,25,4,2014,459,5991,"Saturday ","2014Q4","N","Y","N",2456932,2456962,2456591,2456865,"N","N","N","N","N"
2456957,"0000000002456957",2014-10-26,1377,5991,459,2014,0,10,26,4,2014,459,5991,"Sunday   ","2014Q4","N","Y","N",2456932,2456962,2456592,2456866,"N","N","N","N","N"
2456958,"0000000002456958",2014-10-27,1377,5992,459,2014,1,10,27,4,2014,459,5992,"Monday   ","2014Q4","N","N","N",2456932,2456962,2456593,2456867,"N","N","N","N","N"
2456959,"0000000002456959",2014-10-28,1377,5992,459,2014,2,10,28,4,2014,459,5992,"Tuesday  ","2014Q4","N","N","N",2456932,2456962,2456594,2456868,"N","N","N","N","N"
2456960,"0000000002456960",2014-10-29,1377,5992,459,2014,3,10,29,4,2014,459,5992,"Wednesday","2014Q4","N","N","N",2456932,2456962,2456595,2456869,"N","N","N","N","N"
2456961,"0000000002456961",2014-10-30,1377,5992,459,2014,4,10,30,4,2014,459,5992,"Thursday ","2014Q4","N","N","N",2456932,2456962,2456596,2456870,"N","N","N","N","N"
2456962,"0000000002456962",2014-10-31,1377,5992,459,2014,5,10,31,4,2014,459,5992,"Friday   ","2014Q4","N","N","N",2456932,2456962,2456597,2456871,"N","N","N","N","N"
2456963,"0000000002456963",2014-11-01,1378,5992,459,2014,6,11,1,4,2014,459,5992,"Saturday ","2014Q4","N","Y","N",2456963,2456992,2456598,2456872,"N","N","N","N","N"
2456964,"0000000002456964",2014-11-02,1378,5992,459,2014,0,11,2,4,2014,459,5992,"Sunday   ","2014Q4","N","Y","N",2456963,2456992,2456599,2456873,"N","N","N","N","N"
2456965,"0000000002456965",2014-11-03,1378,5993,459,2014,1,11,3,4,2014,459,5993,"Monday   ","2014Q4","N","N","N",2456963,2456992,2456600,2456874,"N","N","N","N","N"
2456966,"0000000002456966",2014-11-04,1378,5993,459,2014,2,11,4,4,2014,459,5993,"Tuesday  ","2014Q4","N","N","N",2456963,2456992,2456601,2456875,"N","N","N","N","N"
2456967,"0000000002456967",2014-11-05,1378,5993,459,2014,3,11,5,4,2014,459,5993,"Wednesday","2014Q4","N","N","N",2456963,2456992,2456602,2456876,"N","N","N","N","N"
2456968,"0000000002456968",2014-11-06,1378,5993,459,2014,4,11,6,4,2014,459,5993,"Thursday ","2014Q4","N","N","N",2456963,2456992,2456603,2456877,"N","N","N","N","N"
2456969,"0000000002456969",2014-11-07,1378,5993,459,2014,5,11,7,4,2014,459,5993,"Friday   ","2014Q4","N","N","N",2456963,2456992,2456604,2456878,"N","N","N","N","N"
2456970,"0000000002456970",2014-11-08,1378,5993,459,2014,6,11,8,4,2014,459,5993,"Saturday ","2014Q4","N","Y","N",2456963,2456992,2456605,2456879,"N","N","N","N","N"
2456971,"0000000002456971",2014-11-09,1378,5993,459,2014,0,11,9,4,2014,459,5993,"Sunday   ","2014Q4","N","Y","N",2456963,2456992,2456606,2456880,"N","N","N","N","N"
2456972,"0000000002456972",2014-11-10,1378,5994,459,2014,1,11,10,4,2014,459,5994,"Monday   ","2014Q4","N","N","N",2456963,2456992,2456607,2456881,"N","N","N","N","N"
2456973,"0000000002456973",2014-11-11,1378,5994,459,2014,2,11,11,4,2014,459,5994,"Tuesday  ","2014Q4","N","N","N",2456963,2456992,2456608,2456882,"N","N","N","N","N"
2456974,"0000000002456974",2014-11-12,1378,5994,459,2014,3,11,12,4,2014,459,5994,"Wednesday","2014Q4","N","N","N",2456963,2456992,2456609,2456883,"N","N","N","N","N"
2456975,"0000000002456975",2014-11-13,1378,5994,459,2014,4,11,13,4,2014,459,5994,"Thursday ","2014Q4","N","N","N",2456963,2456992,2456610,2456884,"N","N","N","N","N"
2456976,"0000000002456976",2014-11-14,1378,5994,459,2014,5,11,14,4,2014,459,5994,"Friday   ","2014Q4","N","N","N",2456963,2456992,2456611,2456885,"N","N","N","N","N"
2456977,"0000000002456977",2014-11-15,1378,5994,459,2014,6,11,15,4,2014,459,5994,"Saturday ","2014Q4","N","Y","N",2456963,2456992,2456612,2456886,"N","N","N","N","N"
2456978,"0000000002456978",2014-11-16,1378,5994,459,2014,0,11,16,4,2014,459,5994,"Sunday   ","2014Q4","N","Y","N",2456963,2456992,2456613,2456887,"N","N","N","N","N"
2456979,"0000000002456979",2014-11-17,1378,5995,459,2014,1,11,17,4,2014,459,5995,"Monday   ","2014Q4","N","N","N",2456963,2456992,2456614,2456888,"N","N","N","N","N"
2456980,"0000000002456980",2014-11-18,1378,5995,459,2014,2,11,18,4,2014,459,5995,"Tuesday  ","2014Q4","N","N","N",2456963,2456992,2456615,2456889,"N","N","N","N","N"
2456981,"0000000002456981",2014-11-19,1378,5995,459,2014,3,11,19,4,2014,459,5995,"Wednesday","2014Q4","N","N","N",2456963,2456992,2456616,2456890,"N","N","N","N","N"
2456982,"0000000002456982",2014-11-20,1378,5995,459,2014,4,11,20,4,2014,459,5995,"Thursday ","2014Q4","N","N","N",2456963,2456992,2456617,2456891,"N","N","N","N","N"
2456983,"0000000002456983",2014-11-21,1378,5995,459,2014,5,11,21,4,2014,459,5995,"Friday   ","2014Q4","N","N","N",2456963,2456992,2456618,2456892,"N","N","N","N","N"
2456984,"0000000002456984",2014-11-22,1378,5995,459,2014,6,11,22,4,2014,459,5995,"Saturday ","2014Q4","N","Y","N",2456963,2456992,2456619,2456893,"N","N","N","N","N"
2456985,"0000000002456985",2014-11-23,1378,5995,459,2014,0,11,23,4,2014,459,5995,"Sunday   ","2014Q4","N","Y","N",2456963,2456992,2456620,2456894,"N","N","N","N","N"
2456986,"0000000002456986",2014-11-24,1378,5996,459,2014,1,11,24,4,2014,459,5996,"Monday   ","2014Q4","N","N","N",2456963,2456992,2456621,2456895,"N","N","N","N","N"
2456987,"0000000002456987",2014-11-25,1378,5996,459,2014,2,11,25,4,2014,459,5996,"Tuesday  ","2014Q4","N","N","N",2456963,2456992,2456622,2456896,"N","N","N","N","N"
2456988,"0000000002456988",2014-11-26,1378,5996,459,2014,3,11,26,4,2014,459,5996,"Wednesday","2014Q4","N","N","N",2456963,2456992,2456623,2456897,"N","N","N","N","N"
2456989,"0000000002456989",2014-11-27,1378,5996,459,2014,4,11,27,4,2014,459,5996,"Thursday ","2014Q4","N","N","N",2456963,2456992,2456624,2456898,"N","N","N","N","N"
2456990,"0000000002456990",2014-11-28,1378,5996,459,2014,5,11,28,4,2014,459,5996,"Friday   ","2014Q4","N","N","N",2456963,2456992,2456625,2456899,"N","N","N","N","N"
2456991,"0000000002456991",2014-11-29,1378,5996,459,2014,6,11,29,4,2014,459,5996,"Saturday ","2014Q4","N","Y","N",2456963,2456992,2456626,2456900,"N","N","N","N","N"
2456992,"0000000002456992",2014-11-30,1378,5996,459,2014,0,11,30,4,2014,459,5996,"Sunday   ","2014Q4","N","Y","N",2456963,2456992,2456627,2456901,"N","N","N","N","N"
2456993,"0000000002456993",2014-12-01,1379,5997,459,2014,1,12,1,4,2014,459,5997,"Monday   ","2014Q4","N","N","N",2456993,2457023,2456628,2456902,"N","N","N","N","N"
2456994,"0000000002456994",2014-12-02,1379,5997,459,2014,2,12,2,4,2014,459,5997,"Tuesday  ","2014Q4","N","N","N",2456993,2457023,2456629,2456903,"N","N","N","N","N"
2456995,"0000000002456995",2014-12-03,1379,5997,459,2014,3,12,3,4,2014,459,5997,"Wednesday","2014Q4","N","N","N",2456993,2457023,2456630,2456904,"N","N","N","N","N"
2456996,"0000000002456996",2014-12-04,1379,5997,459,2014,4,12,4,4,2014,459,5997,"Thursday ","2014Q4","N","N","N",2456993,2457023,2456631,2456905,"N","N","N","N","N"
2456997,"0000000002456997",2014-12-05,1379,5997,459,2014,5,12,5,4,2014,459,5997,"Friday   ","2014Q4","N","N","N",2456993,2457023,2456632,2456906,"N","N","N","N","N"
2456998,"0000000002456998",2014-12-06,1379,5997,459,2014,6,12,6,4,2014,459,5997,"Saturday ","2014Q4","N","Y","N",2456993,2457023,2456633,2456907,"N","N","N","N","N"
2456999,"0000000002456999",2014-12-07,1379,5997,459,2014,0,12,7,4,2014,459,5997,"Sunday   ","2014Q4","N","Y","N",2456993,2457023,2456634,2456908,"N","N","N","N","N"
2457000,"0000000002457000",2014-12-08,1379,5998,459,2014,1,12,8,4,2014,459,5998,"Monday   ","2014Q4","N","N","N",2456993,2457023,2456635,2456909,"N","N","N","N","N"
2457001,"0000000002457001",2014-12-09,1379,5998,459,2014,2,12,9,4,2014,459,5998,"Tuesday  ","2014Q4","N","N","N",2456993,2457023,2456636,2456910,"N","N","N","N","N"
2457002,"0000000002457002",2014-12-10,1379,5998,459,2014,3,12,10,4,2014,459,5998,"Wednesday","2014Q4","N","N","N",2456993,2457023,2456637,2456911,"N","N","N","N","N"
2457003,"0000000002457003",2014-12-11,1379,5998,459,2014,4,12,11,4,2014,459,5998,"Thursday ","2014Q4","N","N","N",2456993,2457023,2456638,2456912,"N","N","N","N","N"
2457004,"0000000002457004",2014-12-12,1379,5998,459,2014,5,12,12,4,2014,459,5998,"Friday   ","2014Q4","N","N","N",2456993,2457023,2456639,2456913,"N","N","N","N","N"
2457005,"0000000002457005",2014-12-13,1379,5998,459,2014,6,12,13,4,2014,459,5998,"Saturday ","2014Q4","N","Y","N",2456993,2457023,2456640,2456914,"N","N","N","N","N"
2457006,"0000000002457006",2014-12-14,1379,5998,459,2014,0,12,14,4,2014,459,5998,"Sunday   ","2014Q4","N","Y","N",2456993,2457023,2456641,2456915,"N","N","N","N","N"
2457007,"0000000002457007",2014-12-15,1379,5999,459,2014,1,12,15,4,2014,459,5999,"Monday   ","2014Q4","N","N","N",2456993,2457023,2456642,2456916,"N","N","N","N","N"
2457008,"0000000002457008",2014-12-16,1379,5999,459,2014,2,12,16,4,2014,459,5999,"Tuesday  ","2014Q4","N","N","N",2456993,2457023,2456643,2456917,"N","N","N","N","N"
2457009,"0000000002457009",2014-12-17,1379,5999,459,2014,3,12,17,4,2014,459,5999,"Wednesday","2014Q4","N","N","N",2456993,2457023,2456644,2456918,"N","N","N","N","N"
2457010,"0000000002457010",2014-12-18,1379,5999,459,2014,4,12,18,4,2014,459,5999,"Thursday ","2014Q4","N","N","N",2456993,2457023,2456645,2456919,"N","N","N","N","N"
2457011,"0000000002457011",2014-12-19,1379,5999,459,2014,5,12,19,4,2014,459,5999,"Friday   ","2014Q4","N","N","N",2456993,2457023,2456646,2456920,"N","N","N","N","N"
2457012,"0000000002457012",2014-12-20,1379,5999,459,2014,6,12,20,4,2014,459,5999,"Saturday ","2014Q4","N","Y","N",2456993,2457023,2456647,2456921,"N","N","N","N","N"
2457013,"0000000002457013",2014-12-21,1379,5999,459,2014,0,12,21,4,2014,459,5999,"Sunday   ","2014Q4","N","Y","N",2456993,2457023,2456648,2456922,"N","N","N","N","N"
2457014,"0000000002457014",2014-12-22,1379,6000,459,2014,1,12,22,4,2014,459,6000,"Monday   ","2014Q4","N","N","N",2456993,2457023,2456649,2456923,"N","N","N","N","N"
2457015,"0000000002457015",2014-12-23,1379,6000,459,2014,2,12,23,4,2014,459,6000,"Tuesday  ","2014Q4","N","N","N",2456993,2457023,2456650,2456924,"N","N","N","N","N"
2457016,"0000000002457016",2014-12-24,1379,6000,459,2014,3,12,24,4,2014,459,6000,"Wednesday","2014Q4","N","N","N",2456993,2457023,2456651,2456925,"N","N","N","N","N"
2457017,"0000000002457017",2014-12-25,1379,6000,459,2014,4,12,25,4,2014,459,6000,"Thursday ","2014Q4","N","N","N",2456993,2457023,2456652,2456926,"N","N","N","N","N"
2457018,"0000000002457018",2014-12-26,1379,6000,459,2014,5,12,26,4,2014,459,6000,"Friday   ","2014Q4","N","N","N",2456993,2457023,2456653,2456927,"N","N","N","N","N"
2457019,"0000000002457019",2014-12-27,1379,6000,459,2014,6,12,27,4,2014,459,6000,"Saturday ","2014Q4","N","Y","N",2456993,2457023,2456654,2456928,"N","N","N","N","N"
2457020,"0000000002457020",2014-12-28,1379,6000,459,2014,0,12,28,4,2014,459,6000,"Sunday   ","2014Q4","N","Y","N",2456993,2457023,2456655,2456929,"N","N","N","N","N"
2457021,"0000000002457021",2014-12-29,1379,6001,459,2014,1,12,29,4,2014,459,6001,"Monday   ","2014Q4","N","N","N",2456993,2457023,2456656,2456930,"N","N","N","N","N"
2457022,"0000000002457022",2014-12-30,1379,6001,459,2014,2,12,30,4,2014,459,6001,"Tuesday  ","2014Q4","N","N","N",2456993,2457023,2456657,2456931,"N","N","N","N","N"
2457023,"0000000002457023",2014-12-31,1379,6001,459,2014,3,12,31,4,2014,459,6001,"Wednesday","2014Q4","N","N","N",2456993,2457023,2456658,2456932,"N","N","N","N","N"
2457024,"0000000002457024",2015-01-01,1380,6001,460,2015,4,1,1,1,2015,460,6001,"Thursday ","2015Q1","N","N","N",2457024,2457054,2456659,2456933,"N","N","N","N","N"
2457025,"0000000002457025",2015-01-02,1380,6001,460,2015,5,1,2,1,2015,460,6001,"Friday   ","2015Q1","N","N","N",2457024,2457054,2456660,2456934,"N","N","N","N","N"
2457026,"0000000002457026",2015-01-03,1380,6001,460,2015,6,1,3,1,2015,460,6001,"Saturday ","2015Q1","N","Y","N",2457024,2457054,2456661,2456935,"N","N","N","N","N"
2457027,"0000000002457027",2015-01-04,1380,6001,460,2015,0,1,4,1,2015,460,6001,"Sunday   ","2015Q1","N","Y","N",2457024,2457054,2456662,2456936,"N","N","N","N","N"
2457028,"0000000002457028",2015-01-05,1380,6002,460,2015,1,1,5,1,2015,460,6002,"Monday   ","2015Q1","N","N","N",2457024,2457054,2456663,2456937,"N","N","N","N","N"
2457029,"0000000002457029",2015-01-06,1380,6002,460,2015,2,1,6,1,2015,460,6002,"Tuesday  ","2015Q1","N","N","N",2457024,2457054,2456664,2456938,"N","N","N","N","N"
2457030,"0000000002457030",2015-01-07,1380,6002,460,2015,3,1,7,1,2015,460,6002,"Wednesday","2015Q1","N","N","N",2457024,2457054,2456665,2456939,"N","N","N","N","N"
2457031,"0000000002457031",2015-01-08,1380,6002,460,2015,4,1,8,1,2015,460,6002,"Thursday ","2015Q1","N","N","N",2457024,2457054,2456666,2456940,"N","N","N","N","N"
2457032,"0000000002457032",2015-01-09,1380,6002,460,2015,5,1,9,1,2015,460,6002,"Friday   ","2015Q1","N","N","N",2457024,2457054,2456667,2456941,"N","N","N","N","N"
2457033,"0000000002457033",2015-01-10,1380,6002,460,2015,6,1,10,1,2015,460,6002,"Saturday ","2015Q1","N","Y","N",2457024,2457054,2456668,2456942,"N","N","N","N","N"
2457034,"0000000002457034",2015-01-11,1380,6002,460,2015,0,1,11,1,2015,460,6002,"Sunday   ","2015Q1","N","Y","N",2457024,2457054,2456669,2456943,"N","N","N","N","N"
2457035,"0000000002457035",2015-01-12,1380,6003,460,2015,1,1,12,1,2015,460,6003,"Monday   ","2015Q1","N","N","N",2457024,2457054,2456670,2456944,"N","N","N","N","N"
2457036,"0000000002457036",2015-01-13,1380,6003,460,2015,2,1,13,1,2015,460,6003,"Tuesday  ","2015Q1","N","N","N",2457024,2457054,2456671,2456945,"N","N","N","N","N"
2457037,"0000000002457037",2015-01-14,1380,6003,460,2015,3,1,14,1,2015,460,6003,"Wednesday","2015Q1","N","N","N",2457024,2457054,2456672,2456946,"N","N","N","N","N"
2457038,"0000000002457038",2015-01-15,1380,6003,460,2015,4,1,15,1,2015,460,6003,"Thursday ","2015Q1","N","N","N",2457024,2457054,2456673,2456947,"N","N","N","N","N"
2457039,"0000000002457039",2015-01-16,1380,6003,460,2015,5,1,16,1,2015,460,6003,"Friday   ","2015Q1","N","N","N",2457024,2457054,2456674,2456948,"N","N","N","N","N"
2457040,"0000000002457040",2015-01-17,1380,6003,460,2015,6,1,17,1,2015,460,6003,"Saturday ","2015Q1","N","Y","N",2457024,2457054,2456675,2456949,"N","N","N","N","N"
2457041,"0000000002457041",2015-01-18,1380,6003,460,2015,0,1,18,1,2015,460,6003,"Sunday   ","2015Q1","N","Y","N",2457024,2457054,2456676,2456950,"N","N","N","N","N"
2457042,"0000000002457042",2015-01-19,1380,6004,460,2015,1,1,19,1,2015,460,6004,"Monday   ","2015Q1","N","N","N",2457024,2457054,2456677,2456951,"N","N","N","N","N"
2457043,"0000000002457043",2015-01-20,1380,6004,460,2015,2,1,20,1,2015,460,6004,"Tuesday  ","2015Q1","N","N","N",2457024,2457054,2456678,2456952,"N","N","N","N","N"
2457044,"0000000002457044",2015-01-21,1380,6004,460,2015,3,1,21,1,2015,460,6004,"Wednesday","2015Q1","N","N","N",2457024,2457054,2456679,2456953,"N","N","N","N","N"
2457045,"0000000002457045",2015-01-22,1380,6004,460,2015,4,1,22,1,2015,460,6004,"Thursday ","2015Q1","N","N","N",2457024,2457054,2456680,2456954,"N","N","N","N","N"
2457046,"0000000002457046",2015-01-23,1380,6004,460,2015,5,1,23,1,2015,460,6004,"Friday   ","2015Q1","N","N","N",2457024,2457054,2456681,2456955,"N","N","N","N","N"
2457047,"0000000002457047",2015-01-24,1380,6004,460,2015,6,1,24,1,2015,460,6004,"Saturday ","2015Q1","N","Y","N",2457024,2457054,2456682,2456956,"N","N","N","N","N"
2457048,"0000000002457048",2015-01-25,1380,6004,460,2015,0,1,25,1,2015,460,6004,"Sunday   ","2015Q1","N","Y","N",2457024,2457054,2456683,2456957,"N","N","N","N","N"
2457049,"0000000002457049",2015-01-26,1380,6005,460,2015,1,1,26,1,2015,460,6005,"Monday   ","2015Q1","N","N","N",2457024,2457054,2456684,2456958,"N","N","N","N","N"
2457050,"0000000002457050",2015-01-27,1380,6005,460,2015,2,1,27,1,2015,460,6005,"Tuesday  ","2015Q1","N","N","N",2457024,2457054,2456685,2456959,"N","N","N","N","N"
2457051,"0000000002457051",2015-01-28,1380,6005,460,2015,3,1,28,1,2015,460,6005,"Wednesday","2015Q1","N","N","N",2457024,2457054,2456686,2456960,"N","N","N","N","N"
2457052,"0000000002457052",2015-01-29,1380,6005,460,2015,4,1,29,1,2015,460,6005,"Thursday ","2015Q1","N","N","N",2457024,2457054,2456687,2456961,"N","N","N","N","N"
2457053,"0000000002457053",2015-01-30,1380,6005,460,2015,5,1,30,1,2015,460,6005,"Friday   ","2015Q1","N","N","N",2457024,2457054,2456688,2456962,"N","N","N","N","N"
2457054,"0000000002457054",2015-01-31,1380,6005,460,2015,6,1,31,1,2015,460,6005,"Saturday ","2015Q1","N","Y","N",2457024,2457054,2456689,2456963,"N","N","N","N","N"
2457055,"0000000002457055",2015-02-01,1381,6005,460,2015,0,2,1,1,2015,460,6005,"Sunday   ","2015Q1","N","Y","N",2457055,2457082,2456690,2456964,"N","N","N","N","N"
2457056,"0000000002457056",2015-02-02,1381,6006,460,2015,1,2,2,1,2015,460,6006,"Monday   ","2015Q1","N","N","N",2457055,2457082,2456691,2456965,"N","N","N","N","N"
2457057,"0000000002457057",2015-02-03,1381,6006,460,2015,2,2,3,1,2015,460,6006,"Tuesday  ","2015Q1","N","N","N",2457055,2457082,2456692,2456966,"N","N","N","N","N"
2457058,"0000000002457058",2015-02-04,1381,6006,460,2015,3,2,4,1,2015,460,6006,"Wednesday","2015Q1","N","N","N",2457055,2457082,2456693,2456967,"N","N","N","N","N"
2457059,"0000000002457059",2015-02-05,1381,6006,460,2015,4,2,5,1,2015,460,6006,"Thursday ","2015Q1","N","N","N",2457055,2457082,2456694,2456968,"N","N","N","N","N"
2457060,"0000000002457060",2015-02-06,1381,6006,460,2015,5,2,6,1,2015,460,6006,"Friday   ","2015Q1","N","N","N",2457055,2457082,2456695,2456969,"N","N","N","N","N"
2457061,"0000000002457061",2015-02-07,1381,6006,460,2015,6,2,7,1,2015,460,6006,"Saturday ","2015Q1","N","Y","N",2457055,2457082,2456696,2456970,"N","N","N","N","N"
2457062,"0000000002457062",2015-02-08,1381,6006,460,2015,0,2,8,1,2015,460,6006,"Sunday   ","2015Q1","N","Y","N",2457055,2457082,2456697,2456971,"N","N","N","N","N"
2457063,"0000000002457063",2015-02-09,1381,6007,460,2015,1,2,9,1,2015,460,6007,"Monday   ","2015Q1","N","N","N",2457055,2457082,2456698,2456972,"N","N","N","N","N"
2457064,"0000000002457064",2015-02-10,1381,6007,460,2015,2,2,10,1,2015,460,6007,"Tuesday  ","2015Q1","N","N","N",2457055,2457082,2456699,2456973,"N","N","N","N","N"
2457065,"0000000002457065",2015-02-11,1381,6007,460,2015,3,2,11,1,2015,460,6007,"Wednesday","2015Q1","N","N","N",2457055,2457082,2456700,2456974,"N","N","N","N","N"
2457066,"0000000002457066",2015-02-12,1381,6007,460,2015,4,2,12,1,2015,460,6007,"Thursday ","2015Q1","N","N","N",2457055,2457082,2456701,2456975,"N","N","N","N","N"
2457067,"0000000002457067",2015-02-13,1381,6007,460,2015,5,2,13,1,2015,460,6007,"Friday   ","2015Q1","N","N","N",2457055,2457082,2456702,2456976,"N","N","N","N","N"
2457068,"0000000002457068",2015-02-14,1381,6007,460,2015,6,2,14,1,2015,460,6007,"Saturday ","2015Q1","N","Y","N",2457055,2457082,2456703,2456977,"N","N","N","N","N"
2457069,"0000000002457069",2015-02-15,1381,6007,460,2015,0,2,15,1,2015,460,6007,"Sunday   ","2015Q1","N","Y","N",2457055,2457082,2456704,2456978,"N","N","N","N","N"
2457070,"0000000002457070",2015-02-16,1381,6008,460,2015,1,2,16,1,2015,460,6008,"Monday   ","2015Q1","N","N","N",2457055,2457082,2456705,2456979,"N","N","N","N","N"
2457071,"0000000002457071",2015-02-17,1381,6008,460,2015,2,2,17,1,2015,460,6008,"Tuesday  ","2015Q1","N","N","N",2457055,2457082,2456706,2456980,"N","N","N","N","N"
2457072,"0000000002457072",2015-02-18,1381,6008,460,2015,3,2,18,1,2015,460,6008,"Wednesday","2015Q1","N","N","N",2457055,2457082,2456707,2456981,"N","N","N","N","N"
2457073,"0000000002457073",2015-02-19,1381,6008,460,2015,4,2,19,1,2015,460,6008,"Thursday ","2015Q1","N","N","N",2457055,2457082,2456708,2456982,"N","N","N","N","N"
2457074,"0000000002457074",2015-02-20,1381,6008,460,2015,5,2,20,1,2015,460,6008,"Friday   ","2015Q1","N","N","N",2457055,2457082,2456709,2456983,"N","N","N","N","N"
2457075,"0000000002457075",2015-02-21,1381,6008,460,2015,6,2,21,1,2015,460,6008,"Saturday ","2015Q1","N","Y","N",2457055,2457082,2456710,2456984,"N","N","N","N","N"
2457076,"0000000002457076",2015-02-22,1381,6008,460,2015,0,2,22,1,2015,460,6008,"Sunday   ","2015Q1","N","Y","N",2457055,2457082,2456711,2456985,"N","N","N","N","N"
2457077,"0000000002457077",2015-02-23,1381,6009,460,2015,1,2,23,1,2015,460,6009,"Monday   ","2015Q1","N","N","N",2457055,2457082,2456712,2456986,"N","N","N","N","N"
2457078,"0000000002457078",2015-02-24,1381,6009,460,2015,2,2,24,1,2015,460,6009,"Tuesday  ","2015Q1","N","N","N",2457055,2457082,2456713,2456987,"N","N","N","N","N"
2457079,"0000000002457079",2015-02-25,1381,6009,460,2015,3,2,25,1,2015,460,6009,"Wednesday","2015Q1","N","N","N",2457055,2457082,2456714,2456988,"N","N","N","N","N"
2457080,"0000000002457080",2015-02-26,1381,6009,460,2015,4,2,26,1,2015,460,6009,"Thursday ","2015Q1","N","N","N",2457055,2457082,2456715,2456989,"N","N","N","N","N"
2457081,"0000000002457081",2015-02-27,1381,6009,460,2015,5,2,27,1,2015,460,6009,"Friday   ","2015Q1","N","N","N",2457055,2457082,2456716,2456990,"N","N","N","N","N"
2457082,"0000000002457082",2015-02-28,1381,6009,460,2015,6,2,28,1,2015,460,6009,"Saturday ","2015Q1","N","Y","N",2457055,2457082,2456717,2456991,"N","N","N","N","N"
2457083,"0000000002457083",2015-03-01,1382,6009,460,2015,0,3,1,1,2015,460,6009,"Sunday   ","2015Q1","N","Y","N",2457083,2457113,2456718,2456992,"N","N","N","N","N"
2457084,"0000000002457084",2015-03-02,1382,6010,460,2015,1,3,2,1,2015,460,6010,"Monday   ","2015Q1","N","N","N",2457083,2457113,2456719,2456993,"N","N","N","N","N"
2457085,"0000000002457085",2015-03-03,1382,6010,460,2015,2,3,3,1,2015,460,6010,"Tuesday  ","2015Q1","N","N","N",2457083,2457113,2456720,2456994,"N","N","N","N","N"
2457086,"0000000002457086",2015-03-04,1382,6010,460,2015,3,3,4,1,2015,460,6010,"Wednesday","2015Q1","N","N","N",2457083,2457113,2456721,2456995,"N","N","N","N","N"
2457087,"0000000002457087",2015-03-05,1382,6010,460,2015,4,3,5,1,2015,460,6010,"Thursday ","2015Q1","N","N","N",2457083,2457113,2456722,2456996,"N","N","N","N","N"
2457088,"0000000002457088",2015-03-06,1382,6010,460,2015,5,3,6,1,2015,460,6010,"Friday   ","2015Q1","N","N","N",2457083,2457113,2456723,2456997,"N","N","N","N","N"
2457089,"0000000002457089",2015-03-07,1382,6010,460,2015,6,3,7,1,2015,460,6010,"Saturday ","2015Q1","N","Y","N",2457083,2457113,2456724,2456998,"N","N","N","N","N"
2457090,"0000000002457090",2015-03-08,1382,6010,460,2015,0,3,8,1,2015,460,6010,"Sunday   ","2015Q1","N","Y","N",2457083,2457113,2456725,2456999,"N","N","N","N","N"
2457091,"0000000002457091",2015-03-09,1382,6011,460,2015,1,3,9,1,2015,460,6011,"Monday   ","2015Q1","N","N","N",2457083,2457113,2456726,2457000,"N","N","N","N","N"
2457092,"0000000002457092",2015-03-10,1382,6011,460,2015,2,3,10,1,2015,460,6011,"Tuesday  ","2015Q1","N","N","N",2457083,2457113,2456727,2457001,"N","N","N","N","N"
2457093,"0000000002457093",2015-03-11,1382,6011,460,2015,3,3,11,1,2015,460,6011,"Wednesday","2015Q1","N","N","N",2457083,2457113,2456728,2457002,"N","N","N","N","N"
2457094,"0000000002457094",2015-03-12,1382,6011,460,2015,4,3,12,1,2015,460,6011,"Thursday ","2015Q1","N","N","N",2457083,2457113,2456729,2457003,"N","N","N","N","N"
2457095,"0000000002457095",2015-03-13,1382,6011,460,2015,5,3,13,1,2015,460,6011,"Friday   ","2015Q1","N","N","N",2457083,2457113,2456730,2457004,"N","N","N","N","N"
2457096,"0000000002457096",2015-03-14,1382,6011,460,2015,6,3,14,1,2015,460,6011,"Saturday ","2015Q1","N","Y","N",2457083,2457113,2456731,2457005,"N","N","N","N","N"
2457097,"0000000002457097",2015-03-15,1382,6011,460,2015,0,3,15,1,2015,460,6011,"Sunday   ","2015Q1","N","Y","N",2457083,2457113,2456732,2457006,"N","N","N","N","N"
2457098,"0000000002457098",2015-03-16,1382,6012,460,2015,1,3,16,1,2015,460,6012,"Monday   ","2015Q1","N","N","N",2457083,2457113,2456733,2457007,"N","N","N","N","N"
2457099,"0000000002457099",2015-03-17,1382,6012,460,2015,2,3,17,1,2015,460,6012,"Tuesday  ","2015Q1","N","N","N",2457083,2457113,2456734,2457008,"N","N","N","N","N"
2457100,"0000000002457100",2015-03-18,1382,6012,460,2015,3,3,18,1,2015,460,6012,"Wednesday","2015Q1","N","N","N",2457083,2457113,2456735,2457009,"N","N","N","N","N"
2457101,"0000000002457101",2015-03-19,1382,6012,460,2015,4,3,19,1,2015,460,6012,"Thursday ","2015Q1","N","N","N",2457083,2457113,2456736,2457010,"N","N","N","N","N"
2457102,"0000000002457102",2015-03-20,1382,6012,460,2015,5,3,20,1,2015,460,6012,"Friday   ","2015Q1","N","N","N",2457083,2457113,2456737,2457011,"N","N","N","N","N"
2457103,"0000000002457103",2015-03-21,1382,6012,460,2015,6,3,21,1,2015,460,6012,"Saturday ","2015Q1","N","Y","N",2457083,2457113,2456738,2457012,"N","N","N","N","N"
2457104,"0000000002457104",2015-03-22,1382,6012,460,2015,0,3,22,1,2015,460,6012,"Sunday   ","2015Q1","N","Y","N",2457083,2457113,2456739,2457013,"N","N","N","N","N"
2457105,"0000000002457105",2015-03-23,1382,6013,460,2015,1,3,23,1,2015,460,6013,"Monday   ","2015Q1","N","N","N",2457083,2457113,2456740,2457014,"N","N","N","N","N"
2457106,"0000000002457106",2015-03-24,1382,6013,460,2015,2,3,24,1,2015,460,6013,"Tuesday  ","2015Q1","N","N","N",2457083,2457113,2456741,2457015,"N","N","N","N","N"
2457107,"0000000002457107",2015-03-25,1382,6013,460,2015,3,3,25,1,2015,460,6013,"Wednesday","2015Q1","N","N","N",2457083,2457113,2456742,2457016,"N","N","N","N","N"
2457108,"0000000002457108",2015-03-26,1382,6013,460,2015,4,3,26,1,2015,460,6013,"Thursday ","2015Q1","N","N","N",2457083,2457113,2456743,2457017,"N","N","N","N","N"
2457109,"0000000002457109",2015-03-27,1382,6013,460,2015,5,3,27,1,2015,460,6013,"Friday   ","2015Q1","N","N","N",2457083,2457113,2456744,2457018,"N","N","N","N","N"
2457110,"0000000002457110",2015-03-28,1382,6013,460,2015,6,3,28,1,2015,460,6013,"Saturday ","2015Q1","N","Y","N",2457083,2457113,2456745,2457019,"N","N","N","N","N"
2457111,"0000000002457111",2015-03-29,1382,6013,460,2015,0,3,29,1,2015,460,6013,"Sunday   ","2015Q1","N","Y","N",2457083,2457113,2456746,2457020,"N","N","N","N","N"
2457112,"0000000002457112",2015-03-30,1382,6014,460,2015,1,3,30,1,2015,460,6014,"Monday   ","2015Q1","N","N","N",2457083,2457113,2456747,2457021,"N","N","N","N","N"
2457113,"0000000002457113",2015-03-31,1382,6014,460,2015,2,3,31,1,2015,460,6014,"Tuesday  ","2015Q1","N","N","N",2457083,2457113,2456748,2457022,"N","N","N","N","N"
2457114,"0000000002457114",2015-04-01,1383,6014,461,2015,3,4,1,2,2015,461,6014,"Wednesday","2015Q2","N","N","N",2457114,2457143,2456749,2457023,"N","N","N","N","N"
2457115,"0000000002457115",2015-04-02,1383,6014,461,2015,4,4,2,2,2015,461,6014,"Thursday ","2015Q2","N","N","N",2457114,2457143,2456750,2457024,"N","N","N","N","N"
2457116,"0000000002457116",2015-04-03,1383,6014,461,2015,5,4,3,2,2015,461,6014,"Friday   ","2015Q2","N","N","N",2457114,2457143,2456751,2457025,"N","N","N","N","N"
2457117,"0000000002457117",2015-04-04,1383,6014,461,2015,6,4,4,2,2015,461,6014,"Saturday ","2015Q2","N","Y","N",2457114,2457143,2456752,2457026,"N","N","N","N","N"
2457118,"0000000002457118",2015-04-05,1383,6014,461,2015,0,4,5,2,2015,461,6014,"Sunday   ","2015Q2","N","Y","N",2457114,2457143,2456753,2457027,"N","N","N","N","N"
2457119,"0000000002457119",2015-04-06,1383,6015,461,2015,1,4,6,2,2015,461,6015,"Monday   ","2015Q2","N","N","N",2457114,2457143,2456754,2457028,"N","N","N","N","N"
2457120,"0000000002457120",2015-04-07,1383,6015,461,2015,2,4,7,2,2015,461,6015,"Tuesday  ","2015Q2","N","N","N",2457114,2457143,2456755,2457029,"N","N","N","N","N"
2457121,"0000000002457121",2015-04-08,1383,6015,461,2015,3,4,8,2,2015,461,6015,"Wednesday","2015Q2","N","N","N",2457114,2457143,2456756,2457030,"N","N","N","N","N"
2457122,"0000000002457122",2015-04-09,1383,6015,461,2015,4,4,9,2,2015,461,6015,"Thursday ","2015Q2","N","N","N",2457114,2457143,2456757,2457031,"N","N","N","N","N"
2457123,"0000000002457123",2015-04-10,1383,6015,461,2015,5,4,10,2,2015,461,6015,"Friday   ","2015Q2","N","N","N",2457114,2457143,2456758,2457032,"N","N","N","N","N"
2457124,"0000000002457124",2015-04-11,1383,6015,461,2015,6,4,11,2,2015,461,6015,"Saturday ","2015Q2","N","Y","N",2457114,2457143,2456759,2457033,"N","N","N","N","N"
2457125,"0000000002457125",2015-04-12,1383,6015,461,2015,0,4,12,2,2015,461,6015,"Sunday   ","2015Q2","N","Y","N",2457114,2457143,2456760,2457034,"N","N","N","N","N"
2457126,"0000000002457126",2015-04-13,1383,6016,461,2015,1,4,13,2,2015,461,6016,"Monday   ","2015Q2","N","N","N",2457114,2457143,2456761,2457035,"N","N","N","N","N"
2457127,"0000000002457127",2015-04-14,1383,6016,461,2015,2,4,14,2,2015,461,6016,"Tuesday  ","2015Q2","N","N","N",2457114,2457143,2456762,2457036,"N","N","N","N","N"
2457128,"0000000002457128",2015-04-15,1383,6016,461,2015,3,4,15,2,2015,461,6016,"Wednesday","2015Q2","N","N","N",2457114,2457143,2456763,2457037,"N","N","N","N","N"
2457129,"0000000002457129",2015-04-16,1383,6016,461,2015,4,4,16,2,2015,461,6016,"Thursday ","2015Q2","N","N","N",2457114,2457143,2456764,2457038,"N","N","N","N","N"
2457130,"0000000002457130",2015-04-17,1383,6016,461,2015,5,4,17,2,2015,461,6016,"Friday   ","2015Q2","N","N","N",2457114,2457143,2456765,2457039,"N","N","N","N","N"
2457131,"0000000002457131",2015-04-18,1383,6016,461,2015,6,4,18,2,2015,461,6016,"Saturday ","2015Q2","N","Y","N",2457114,2457143,2456766,2457040,"N","N","N","N","N"
2457132,"0000000002457132",2015-04-19,1383,6016,461,2015,0,4,19,2,2015,461,6016,"Sunday   ","2015Q2","N","Y","N",2457114,2457143,2456767,2457041,"N","N","N","N","N"
2457133,"0000000002457133",2015-04-20,1383,6017,461,2015,1,4,20,2,2015,461,6017,"Monday   ","2015Q2","N","N","N",2457114,2457143,2456768,2457042,"N","N","N","N","N"
2457134,"0000000002457134",2015-04-21,1383,6017,461,2015,2,4,21,2,2015,461,6017,"Tuesday  ","2015Q2","N","N","N",2457114,2457143,2456769,2457043,"N","N","N","N","N"
2457135,"0000000002457135",2015-04-22,1383,6017,461,2015,3,4,22,2,2015,461,6017,"Wednesday","2015Q2","N","N","N",2457114,2457143,2456770,2457044,"N","N","N","N","N"
2457136,"0000000002457136",2015-04-23,1383,6017,461,2015,4,4,23,2,2015,461,6017,"Thursday ","2015Q2","N","N","N",2457114,2457143,2456771,2457045,"N","N","N","N","N"
2457137,"0000000002457137",2015-04-24,1383,6017,461,2015,5,4,24,2,2015,461,6017,"Friday   ","2015Q2","N","N","N",2457114,2457143,2456772,2457046,"N","N","N","N","N"
2457138,"0000000002457138",2015-04-25,1383,6017,461,2015,6,4,25,2,2015,461,6017,"Saturday ","2015Q2","N","Y","N",2457114,2457143,2456773,2457047,"N","N","N","N","N"
2457139,"0000000002457139",2015-04-26,1383,6017,461,2015,0,4,26,2,2015,461,6017,"Sunday   ","2015Q2","N","Y","N",2457114,2457143,2456774,2457048,"N","N","N","N","N"
2457140,"0000000002457140",2015-04-27,1383,6018,461,2015,1,4,27,2,2015,461,6018,"Monday   ","2015Q2","N","N","N",2457114,2457143,2456775,2457049,"N","N","N","N","N"
2457141,"0000000002457141",2015-04-28,1383,6018,461,2015,2,4,28,2,2015,461,6018,"Tuesday  ","2015Q2","N","N","N",2457114,2457143,2456776,2457050,"N","N","N","N","N"
2457142,"0000000002457142",2015-04-29,1383,6018,461,2015,3,4,29,2,2015,461,6018,"Wednesday","2015Q2","N","N","N",2457114,2457143,2456777,2457051,"N","N","N","N","N"
2457143,"0000000002457143",2015-04-30,1383,6018,461,2015,4,4,30,2,2015,461,6018,"Thursday ","2015Q2","N","N","N",2457114,2457143,2456778,2457052,"N","N","N","N","N"
2457144,"0000000002457144",2015-05-01,1384,6018,461,2015,5,5,1,2,2015,461,6018,"Friday   ","2015Q2","N","N","N",2457144,2457174,2456779,2457053,"N","N","N","N","N"
2457145,"0000000002457145",2015-05-02,1384,6018,461,2015,6,5,2,2,2015,461,6018,"Saturday ","2015Q2","N","Y","N",2457144,2457174,2456780,2457054,"N","N","N","N","N"
2457146,"0000000002457146",2015-05-03,1384,6018,461,2015,0,5,3,2,2015,461,6018,"Sunday   ","2015Q2","N","Y","N",2457144,2457174,2456781,2457055,"N","N","N","N","N"
2457147,"0000000002457147",2015-05-04,1384,6019,461,2015,1,5,4,2,2015,461,6019,"Monday   ","2015Q2","N","N","N",2457144,2457174,2456782,2457056,"N","N","N","N","N"
2457148,"0000000002457148",2015-05-05,1384,6019,461,2015,2,5,5,2,2015,461,6019,"Tuesday  ","2015Q2","N","N","N",2457144,2457174,2456783,2457057,"N","N","N","N","N"
2457149,"0000000002457149",2015-05-06,1384,6019,461,2015,3,5,6,2,2015,461,6019,"Wednesday","2015Q2","N","N","N",2457144,2457174,2456784,2457058,"N","N","N","N","N"
2457150,"0000000002457150",2015-05-07,1384,6019,461,2015,4,5,7,2,2015,461,6019,"Thursday ","2015Q2","N","N","N",2457144,2457174,2456785,2457059,"N","N","N","N","N"
2457151,"0000000002457151",2015-05-08,1384,6019,461,2015,5,5,8,2,2015,461,6019,"Friday   ","2015Q2","N","N","N",2457144,2457174,2456786,2457060,"N","N","N","N","N"
2457152,"0000000002457152",2015-05-09,1384,6019,461,2015,6,5,9,2,2015,461,6019,"Saturday ","2015Q2","N","Y","N",2457144,2457174,2456787,2457061,"N","N","N","N","N"
2457153,"0000000002457153",2015-05-10,1384,6019,461,2015,0,5,10,2,2015,461,6019,"Sunday   ","2015Q2","N","Y","N",2457144,2457174,2456788,2457062,"N","N","N","N","N"
2457154,"0000000002457154",2015-05-11,1384,6020,461,2015,1,5,11,2,2015,461,6020,"Monday   ","2015Q2","N","N","N",2457144,2457174,2456789,2457063,"N","N","N","N","N"
2457155,"0000000002457155",2015-05-12,1384,6020,461,2015,2,5,12,2,2015,461,6020,"Tuesday  ","2015Q2","N","N","N",2457144,2457174,2456790,2457064,"N","N","N","N","N"
2457156,"0000000002457156",2015-05-13,1384,6020,461,2015,3,5,13,2,2015,461,6020,"Wednesday","2015Q2","N","N","N",2457144,2457174,2456791,2457065,"N","N","N","N","N"
2457157,"0000000002457157",2015-05-14,1384,6020,461,2015,4,5,14,2,2015,461,6020,"Thursday ","2015Q2","N","N","N",2457144,2457174,2456792,2457066,"N","N","N","N","N"
2457158,"0000000002457158",2015-05-15,1384,6020,461,2015,5,5,15,2,2015,461,6020,"Friday   ","2015Q2","N","N","N",2457144,2457174,2456793,2457067,"N","N","N","N","N"
2457159,"0000000002457159",2015-05-16,1384,6020,461,2015,6,5,16,2,2015,461,6020,"Saturday ","2015Q2","N","Y","N",2457144,2457174,2456794,2457068,"N","N","N","N","N"
2457160,"0000000002457160",2015-05-17,1384,6020,461,2015,0,5,17,2,2015,461,6020,"Sunday   ","2015Q2","N","Y","N",2457144,2457174,2456795,2457069,"N","N","N","N","N"
2457161,"0000000002457161",2015-05-18,1384,6021,461,2015,1,5,18,2,2015,461,6021,"Monday   ","2015Q2","N","N","N",2457144,2457174,2456796,2457070,"N","N","N","N","N"
2457162,"0000000002457162",2015-05-19,1384,6021,461,2015,2,5,19,2,2015,461,6021,"Tuesday  ","2015Q2","N","N","N",2457144,2457174,2456797,2457071,"N","N","N","N","N"
2457163,"0000000002457163",2015-05-20,1384,6021,461,2015,3,5,20,2,2015,461,6021,"Wednesday","2015Q2","N","N","N",2457144,2457174,2456798,2457072,"N","N","N","N","N"
2457164,"0000000002457164",2015-05-21,1384,6021,461,2015,4,5,21,2,2015,461,6021,"Thursday ","2015Q2","N","N","N",2457144,2457174,2456799,2457073,"N","N","N","N","N"
2457165,"0000000002457165",2015-05-22,1384,6021,461,2015,5,5,22,2,2015,461,6021,"Friday   ","2015Q2","N","N","N",2457144,2457174,2456800,2457074,"N","N","N","N","N"
2457166,"0000000002457166",2015-05-23,1384,6021,461,2015,6,5,23,2,2015,461,6021,"Saturday ","2015Q2","N","Y","N",2457144,2457174,2456801,2457075,"N","N","N","N","N"
2457167,"0000000002457167",2015-05-24,1384,6021,461,2015,0,5,24,2,2015,461,6021,"Sunday   ","2015Q2","N","Y","N",2457144,2457174,2456802,2457076,"N","N","N","N","N"
2457168,"0000000002457168",2015-05-25,1384,6022,461,2015,1,5,25,2,2015,461,6022,"Monday   ","2015Q2","N","N","N",2457144,2457174,2456803,2457077,"N","N","N","N","N"
2457169,"0000000002457169",2015-05-26,1384,6022,461,2015,2,5,26,2,2015,461,6022,"Tuesday  ","2015Q2","N","N","N",2457144,2457174,2456804,2457078,"N","N","N","N","N"
2457170,"0000000002457170",2015-05-27,1384,6022,461,2015,3,5,27,2,2015,461,6022,"Wednesday","2015Q2","N","N","N",2457144,2457174,2456805,2457079,"N","N","N","N","N"
2457171,"0000000002457171",2015-05-28,1384,6022,461,2015,4,5,28,2,2015,461,6022,"Thursday ","2015Q2","N","N","N",2457144,2457174,2456806,2457080,"N","N","N","N","N"
2457172,"0000000002457172",2015-05-29,1384,6022,461,2015,5,5,29,2,2015,461,6022,"Friday   ","2015Q2","N","N","N",2457144,2457174,2456807,2457081,"N","N","N","N","N"
2457173,"0000000002457173",2015-05-30,1384,6022,461,2015,6,5,30,2,2015,461,6022,"Saturday ","2015Q2","N","Y","N",2457144,2457174,2456808,2457082,"N","N","N","N","N"
2457174,"0000000002457174",2015-05-31,1384,6022,461,2015,0,5,31,2,2015,461,6022,"Sunday   ","2015Q2","N","Y","N",2457144,2457174,2456809,2457083,"N","N","N","N","N"
2457175,"0000000002457175",2015-06-01,1385,6023,461,2015,1,6,1,2,2015,461,6023,"Monday   ","2015Q2","N","N","N",2457175,2457204,2456810,2457084,"N","N","N","N","N"
2457176,"0000000002457176",2015-06-02,1385,6023,461,2015,2,6,2,2,2015,461,6023,"Tuesday  ","2015Q2","N","N","N",2457175,2457204,2456811,2457085,"N","N","N","N","N"
2457177,"0000000002457177",2015-06-03,1385,6023,461,2015,3,6,3,2,2015,461,6023,"Wednesday","2015Q2","N","N","N",2457175,2457204,2456812,2457086,"N","N","N","N","N"
2457178,"0000000002457178",2015-06-04,1385,6023,461,2015,4,6,4,2,2015,461,6023,"Thursday ","2015Q2","N","N","N",2457175,2457204,2456813,2457087,"N","N","N","N","N"
2457179,"0000000002457179",2015-06-05,1385,6023,461,2015,5,6,5,2,2015,461,6023,"Friday   ","2015Q2","N","N","N",2457175,2457204,2456814,2457088,"N","N","N","N","N"
2457180,"0000000002457180",2015-06-06,1385,6023,461,2015,6,6,6,2,2015,461,6023,"Saturday ","2015Q2","N","Y","N",2457175,2457204,2456815,2457089,"N","N","N","N","N"
2457181,"0000000002457181",2015-06-07,1385,6023,461,2015,0,6,7,2,2015,461,6023,"Sunday   ","2015Q2","N","Y","N",2457175,2457204,2456816,2457090,"N","N","N","N","N"
2457182,"0000000002457182",2015-06-08,1385,6024,461,2015,1,6,8,2,2015,461,6024,"Monday   ","2015Q2","N","N","N",2457175,2457204,2456817,2457091,"N","N","N","N","N"
2457183,"0000000002457183",2015-06-09,1385,6024,461,2015,2,6,9,2,2015,461,6024,"Tuesday  ","2015Q2","N","N","N",2457175,2457204,2456818,2457092,"N","N","N","N","N"
2457184,"0000000002457184",2015-06-10,1385,6024,461,2015,3,6,10,2,2015,461,6024,"Wednesday","2015Q2","N","N","N",2457175,2457204,2456819,2457093,"N","N","N","N","N"
2457185,"0000000002457185",2015-06-11,1385,6024,461,2015,4,6,11,2,2015,461,6024,"Thursday ","2015Q2","N","N","N",2457175,2457204,2456820,2457094,"N","N","N","N","N"
2457186,"0000000002457186",2015-06-12,1385,6024,461,2015,5,6,12,2,2015,461,6024,"Friday   ","2015Q2","N","N","N",2457175,2457204,2456821,2457095,"N","N","N","N","N"
2457187,"0000000002457187",2015-06-13,1385,6024,461,2015,6,6,13,2,2015,461,6024,"Saturday ","2015Q2","N","Y","N",2457175,2457204,2456822,2457096,"N","N","N","N","N"
2457188,"0000000002457188",2015-06-14,1385,6024,461,2015,0,6,14,2,2015,461,6024,"Sunday   ","2015Q2","N","Y","N",2457175,2457204,2456823,2457097,"N","N","N","N","N"
2457189,"0000000002457189",2015-06-15,1385,6025,461,2015,1,6,15,2,2015,461,6025,"Monday   ","2015Q2","N","N","N",2457175,2457204,2456824,2457098,"N","N","N","N","N"
2457190,"0000000002457190",2015-06-16,1385,6025,461,2015,2,6,16,2,2015,461,6025,"Tuesday  ","2015Q2","N","N","N",2457175,2457204,2456825,2457099,"N","N","N","N","N"
2457191,"0000000002457191",2015-06-17,1385,6025,461,2015,3,6,17,2,2015,461,6025,"Wednesday","2015Q2","N","N","N",2457175,2457204,2456826,2457100,"N","N","N","N","N"
2457192,"0000000002457192",2015-06-18,1385,6025,461,2015,4,6,18,2,2015,461,6025,"Thursday ","2015Q2","N","N","N",2457175,2457204,2456827,2457101,"N","N","N","N","N"
2457193,"0000000002457193",2015-06-19,1385,6025,461,2015,5,6,19,2,2015,461,6025,"Friday   ","2015Q2","N","N","N",2457175,2457204,2456828,2457102,"N","N","N","N","N"
2457194,"0000000002457194",2015-06-20,1385,6025,461,2015,6,6,20,2,2015,461,6025,"Saturday ","2015Q2","N","Y","N",2457175,2457204,2456829,2457103,"N","N","N","N","N"
2457195,"0000000002457195",2015-06-21,1385,6025,461,2015,0,6,21,2,2015,461,6025,"Sunday   ","2015Q2","N","Y","N",2457175,2457204,2456830,2457104,"N","N","N","N","N"
2457196,"0000000002457196",2015-06-22,1385,6026,461,2015,1,6,22,2,2015,461,6026,"Monday   ","2015Q2","N","N","N",2457175,2457204,2456831,2457105,"N","N","N","N","N"
2457197,"0000000002457197",2015-06-23,1385,6026,461,2015,2,6,23,2,2015,461,6026,"Tuesday  ","2015Q2","N","N","N",2457175,2457204,2456832,2457106,"N","N","N","N","N"
2457198,"0000000002457198",2015-06-24,1385,6026,461,2015,3,6,24,2,2015,461,6026,"Wednesday","2015Q2","N","N","N",2457175,2457204,2456833,2457107,"N","N","N","N","N"
2457199,"0000000002457199",2015-06-25,1385,6026,461,2015,4,6,25,2,2015,461,6026,"Thursday ","2015Q2","N","N","N",2457175,2457204,2456834,2457108,"N","N","N","N","N"
2457200,"0000000002457200",2015-06-26,1385,6026,461,2015,5,6,26,2,2015,461,6026,"Friday   ","2015Q2","N","N","N",2457175,2457204,2456835,2457109,"N","N","N","N","N"
2457201,"0000000002457201",2015-06-27,1385,6026,461,2015,6,6,27,2,2015,461,6026,"Saturday ","2015Q2","N","Y","N",2457175,2457204,2456836,2457110,"N","N","N","N","N"
2457202,"0000000002457202",2015-06-28,1385,6026,461,2015,0,6,28,2,2015,461,6026,"Sunday   ","2015Q2","N","Y","N",2457175,2457204,2456837,2457111,"N","N","N","N","N"
2457203,"0000000002457203",2015-06-29,1385,6027,461,2015,1,6,29,2,2015,461,6027,"Monday   ","2015Q2","N","N","N",2457175,2457204,2456838,2457112,"N","N","N","N","N"
2457204,"0000000002457204",2015-06-30,1385,6027,461,2015,2,6,30,2,2015,461,6027,"Tuesday  ","2015Q2","N","N","N",2457175,2457204,2456839,2457113,"N","N","N","N","N"
2457205,"0000000002457205",2015-07-01,1386,6027,462,2015,3,7,1,3,2015,462,6027,"Wednesday","2015Q3","N","N","N",2457205,2457235,2456840,2457114,"N","N","N","N","N"
2457206,"0000000002457206",2015-07-02,1386,6027,462,2015,4,7,2,3,2015,462,6027,"Thursday ","2015Q3","N","N","N",2457205,2457235,2456841,2457115,"N","N","N","N","N"
2457207,"0000000002457207",2015-07-03,1386,6027,462,2015,5,7,3,3,2015,462,6027,"Friday   ","2015Q3","N","N","N",2457205,2457235,2456842,2457116,"N","N","N","N","N"
2457208,"0000000002457208",2015-07-04,1386,6027,462,2015,6,7,4,3,2015,462,6027,"Saturday ","2015Q3","N","Y","N",2457205,2457235,2456843,2457117,"N","N","N","N","N"
2457209,"0000000002457209",2015-07-05,1386,6027,462,2015,0,7,5,3,2015,462,6027,"Sunday   ","2015Q3","N","Y","N",2457205,2457235,2456844,2457118,"N","N","N","N","N"
2457210,"0000000002457210",2015-07-06,1386,6028,462,2015,1,7,6,3,2015,462,6028,"Monday   ","2015Q3","N","N","N",2457205,2457235,2456845,2457119,"N","N","N","N","N"
2457211,"0000000002457211",2015-07-07,1386,6028,462,2015,2,7,7,3,2015,462,6028,"Tuesday  ","2015Q3","N","N","N",2457205,2457235,2456846,2457120,"N","N","N","N","N"
2457212,"0000000002457212",2015-07-08,1386,6028,462,2015,3,7,8,3,2015,462,6028,"Wednesday","2015Q3","N","N","N",2457205,2457235,2456847,2457121,"N","N","N","N","N"
2457213,"0000000002457213",2015-07-09,1386,6028,462,2015,4,7,9,3,2015,462,6028,"Thursday ","2015Q3","N","N","N",2457205,2457235,2456848,2457122,"N","N","N","N","N"
2457214,"0000000002457214",2015-07-10,1386,6028,462,2015,5,7,10,3,2015,462,6028,"Friday   ","2015Q3","N","N","N",2457205,2457235,2456849,2457123,"N","N","N","N","N"
2457215,"0000000002457215",2015-07-11,1386,6028,462,2015,6,7,11,3,2015,462,6028,"Saturday ","2015Q3","N","Y","N",2457205,2457235,2456850,2457124,"N","N","N","N","N"
2457216,"0000000002457216",2015-07-12,1386,6028,462,2015,0,7,12,3,2015,462,6028,"Sunday   ","2015Q3","N","Y","N",2457205,2457235,2456851,2457125,"N","N","N","N","N"
2457217,"0000000002457217",2015-07-13,1386,6029,462,2015,1,7,13,3,2015,462,6029,"Monday   ","2015Q3","N","N","N",2457205,2457235,2456852,2457126,"N","N","N","N","N"
2457218,"0000000002457218",2015-07-14,1386,6029,462,2015,2,7,14,3,2015,462,6029,"Tuesday  ","2015Q3","N","N","N",2457205,2457235,2456853,2457127,"N","N","N","N","N"
2457219,"0000000002457219",2015-07-15,1386,6029,462,2015,3,7,15,3,2015,462,6029,"Wednesday","2015Q3","N","N","N",2457205,2457235,2456854,2457128,"N","N","N","N","N"
2457220,"0000000002457220",2015-07-16,1386,6029,462,2015,4,7,16,3,2015,462,6029,"Thursday ","2015Q3","N","N","N",2457205,2457235,2456855,2457129,"N","N","N","N","N"
2457221,"0000000002457221",2015-07-17,1386,6029,462,2015,5,7,17,3,2015,462,6029,"Friday   ","2015Q3","N","N","N",2457205,2457235,2456856,2457130,"N","N","N","N","N"
2457222,"0000000002457222",2015-07-18,1386,6029,462,2015,6,7,18,3,2015,462,6029,"Saturday ","2015Q3","N","Y","N",2457205,2457235,2456857,2457131,"N","N","N","N","N"
2457223,"0000000002457223",2015-07-19,1386,6029,462,2015,0,7,19,3,2015,462,6029,"Sunday   ","2015Q3","N","Y","N",2457205,2457235,2456858,2457132,"N","N","N","N","N"
2457224,"0000000002457224",2015-07-20,1386,6030,462,2015,1,7,20,3,2015,462,6030,"Monday   ","2015Q3","N","N","N",2457205,2457235,2456859,2457133,"N","N","N","N","N"
2457225,"0000000002457225",2015-07-21,1386,6030,462,2015,2,7,21,3,2015,462,6030,"Tuesday  ","2015Q3","N","N","N",2457205,2457235,2456860,2457134,"N","N","N","N","N"
2457226,"0000000002457226",2015-07-22,1386,6030,462,2015,3,7,22,3,2015,462,6030,"Wednesday","2015Q3","N","N","N",2457205,2457235,2456861,2457135,"N","N","N","N","N"
2457227,"0000000002457227",2015-07-23,1386,6030,462,2015,4,7,23,3,2015,462,6030,"Thursday ","2015Q3","N","N","N",2457205,2457235,2456862,2457136,"N","N","N","N","N"
2457228,"0000000002457228",2015-07-24,1386,6030,462,2015,5,7,24,3,2015,462,6030,"Friday   ","2015Q3","N","N","N",2457205,2457235,2456863,2457137,"N","N","N","N","N"
2457229,"0000000002457229",2015-07-25,1386,6030,462,2015,6,7,25,3,2015,462,6030,"Saturday ","2015Q3","N","Y","N",2457205,2457235,2456864,2457138,"N","N","N","N","N"
2457230,"0000000002457230",2015-07-26,1386,6030,462,2015,0,7,26,3,2015,462,6030,"Sunday   ","2015Q3","N","Y","N",2457205,2457235,2456865,2457139,"N","N","N","N","N"
2457231,"0000000002457231",2015-07-27,1386,6031,462,2015,1,7,27,3,2015,462,6031,"Monday   ","2015Q3","N","N","N",2457205,2457235,2456866,2457140,"N","N","N","N","N"
2457232,"0000000002457232",2015-07-28,1386,6031,462,2015,2,7,28,3,2015,462,6031,"Tuesday  ","2015Q3","N","N","N",2457205,2457235,2456867,2457141,"N","N","N","N","N"
2457233,"0000000002457233",2015-07-29,1386,6031,462,2015,3,7,29,3,2015,462,6031,"Wednesday","2015Q3","N","N","N",2457205,2457235,2456868,2457142,"N","N","N","N","N"
2457234,"0000000002457234",2015-07-30,1386,6031,462,2015,4,7,30,3,2015,462,6031,"Thursday ","2015Q3","N","N","N",2457205,2457235,2456869,2457143,"N","N","N","N","N"
2457235,"0000000002457235",2015-07-31,1386,6031,462,2015,5,7,31,3,2015,462,6031,"Friday   ","2015Q3","N","N","N",2457205,2457235,2456870,2457144,"N","N","N","N","N"
2457236,"0000000002457236",2015-08-01,1387,6031,462,2015,6,8,1,3,2015,462,6031,"Saturday ","2015Q3","N","Y","N",2457236,2457266,2456871,2457145,"N","N","N","N","N"
2457237,"0000000002457237",2015-08-02,1387,6031,462,2015,0,8,2,3,2015,462,6031,"Sunday   ","2015Q3","N","Y","N",2457236,2457266,2456872,2457146,"N","N","N","N","N"
2457238,"0000000002457238",2015-08-03,1387,6032,462,2015,1,8,3,3,2015,462,6032,"Monday   ","2015Q3","N","N","N",2457236,2457266,2456873,2457147,"N","N","N","N","N"
2457239,"0000000002457239",2015-08-04,1387,6032,462,2015,2,8,4,3,2015,462,6032,"Tuesday  ","2015Q3","N","N","N",2457236,2457266,2456874,2457148,"N","N","N","N","N"
2457240,"0000000002457240",2015-08-05,1387,6032,462,2015,3,8,5,3,2015,462,6032,"Wednesday","2015Q3","N","N","N",2457236,2457266,2456875,2457149,"N","N","N","N","N"
2457241,"0000000002457241",2015-08-06,1387,6032,462,2015,4,8,6,3,2015,462,6032,"Thursday ","2015Q3","N","N","N",2457236,2457266,2456876,2457150,"N","N","N","N","N"
2457242,"0000000002457242",2015-08-07,1387,6032,462,2015,5,8,7,3,2015,462,6032,"Friday   ","2015Q3","N","N","N",2457236,2457266,2456877,2457151,"N","N","N","N","N"
2457243,"0000000002457243",2015-08-08,1387,6032,462,2015,6,8,8,3,2015,462,6032,"Saturday ","2015Q3","N","Y","N",2457236,2457266,2456878,2457152,"N","N","N","N","N"
2457244,"0000000002457244",2015-08-09,1387,6032,462,2015,0,8,9,3,2015,462,6032,"Sunday   ","2015Q3","N","Y","N",2457236,2457266,2456879,2457153,"N","N","N","N","N"
2457245,"0000000002457245",2015-08-10,1387,6033,462,2015,1,8,10,3,2015,462,6033,"Monday   ","2015Q3","N","N","N",2457236,2457266,2456880,2457154,"N","N","N","N","N"
2457246,"0000000002457246",2015-08-11,1387,6033,462,2015,2,8,11,3,2015,462,6033,"Tuesday  ","2015Q3","N","N","N",2457236,2457266,2456881,2457155,"N","N","N","N","N"
2457247,"0000000002457247",2015-08-12,1387,6033,462,2015,3,8,12,3,2015,462,6033,"Wednesday","2015Q3","N","N","N",2457236,2457266,2456882,2457156,"N","N","N","N","N"
2457248,"0000000002457248",2015-08-13,1387,6033,462,2015,4,8,13,3,2015,462,6033,"Thursday ","2015Q3","N","N","N",2457236,2457266,2456883,2457157,"N","N","N","N","N"
2457249,"0000000002457249",2015-08-14,1387,6033,462,2015,5,8,14,3,2015,462,6033,"Friday   ","2015Q3","N","N","N",2457236,2457266,2456884,2457158,"N","N","N","N","N"
2457250,"0000000002457250",2015-08-15,1387,6033,462,2015,6,8,15,3,2015,462,6033,"Saturday ","2015Q3","N","Y","N",2457236,2457266,2456885,2457159,"N","N","N","N","N"
2457251,"0000000002457251",2015-08-16,1387,6033,462,2015,0,8,16,3,2015,462,6033,"Sunday   ","2015Q3","N","Y","N",2457236,2457266,2456886,2457160,"N","N","N","N","N"
2457252,"0000000002457252",2015-08-17,1387,6034,462,2015,1,8,17,3,2015,462,6034,"Monday   ","2015Q3","N","N","N",2457236,2457266,2456887,2457161,"N","N","N","N","N"
2457253,"0000000002457253",2015-08-18,1387,6034,462,2015,2,8,18,3,2015,462,6034,"Tuesday  ","2015Q3","N","N","N",2457236,2457266,2456888,2457162,"N","N","N","N","N"
2457254,"0000000002457254",2015-08-19,1387,6034,462,2015,3,8,19,3,2015,462,6034,"Wednesday","2015Q3","N","N","N",2457236,2457266,2456889,2457163,"N","N","N","N","N"
2457255,"0000000002457255",2015-08-20,1387,6034,462,2015,4,8,20,3,2015,462,6034,"Thursday ","2015Q3","N","N","N",2457236,2457266,2456890,2457164,"N","N","N","N","N"
2457256,"0000000002457256",2015-08-21,1387,6034,462,2015,5,8,21,3,2015,462,6034,"Friday   ","2015Q3","N","N","N",2457236,2457266,2456891,2457165,"N","N","N","N","N"
2457257,"0000000002457257",2015-08-22,1387,6034,462,2015,6,8,22,3,2015,462,6034,"Saturday ","2015Q3","N","Y","N",2457236,2457266,2456892,2457166,"N","N","N","N","N"
2457258,"0000000002457258",2015-08-23,1387,6034,462,2015,0,8,23,3,2015,462,6034,"Sunday   ","2015Q3","N","Y","N",2457236,2457266,2456893,2457167,"N","N","N","N","N"
2457259,"0000000002457259",2015-08-24,1387,6035,462,2015,1,8,24,3,2015,462,6035,"Monday   ","2015Q3","N","N","N",2457236,2457266,2456894,2457168,"N","N","N","N","N"
2457260,"0000000002457260",2015-08-25,1387,6035,462,2015,2,8,25,3,2015,462,6035,"Tuesday  ","2015Q3","N","N","N",2457236,2457266,2456895,2457169,"N","N","N","N","N"
2457261,"0000000002457261",2015-08-26,1387,6035,462,2015,3,8,26,3,2015,462,6035,"Wednesday","2015Q3","N","N","N",2457236,2457266,2456896,2457170,"N","N","N","N","N"
2457262,"0000000002457262",2015-08-27,1387,6035,462,2015,4,8,27,3,2015,462,6035,"Thursday ","2015Q3","N","N","N",2457236,2457266,2456897,2457171,"N","N","N","N","N"
2457263,"0000000002457263",2015-08-28,1387,6035,462,2015,5,8,28,3,2015,462,6035,"Friday   ","2015Q3","N","N","N",2457236,2457266,2456898,2457172,"N","N","N","N","N"
2457264,"0000000002457264",2015-08-29,1387,6035,462,2015,6,8,29,3,2015,462,6035,"Saturday ","2015Q3","N","Y","N",2457236,2457266,2456899,2457173,"N","N","N","N","N"
2457265,"0000000002457265",2015-08-30,1387,6035,462,2015,0,8,30,3,2015,462,6035,"Sunday   ","2015Q3","N","Y","N",2457236,2457266,2456900,2457174,"N","N","N","N","N"
2457266,"0000000002457266",2015-08-31,1387,6036,462,2015,1,8,31,3,2015,462,6036,"Monday   ","2015Q3","N","N","N",2457236,2457266,2456901,2457175,"N","N","N","N","N"
2457267,"0000000002457267",2015-09-01,1388,6036,462,2015,2,9,1,3,2015,462,6036,"Tuesday  ","2015Q3","N","N","N",2457267,2457296,2456902,2457176,"N","N","N","N","N"
2457268,"0000000002457268",2015-09-02,1388,6036,462,2015,3,9,2,3,2015,462,6036,"Wednesday","2015Q3","N","N","N",2457267,2457296,2456903,2457177,"N","N","N","N","N"
2457269,"0000000002457269",2015-09-03,1388,6036,462,2015,4,9,3,3,2015,462,6036,"Thursday ","2015Q3","N","N","N",2457267,2457296,2456904,2457178,"N","N","N","N","N"
2457270,"0000000002457270",2015-09-04,1388,6036,462,2015,5,9,4,3,2015,462,6036,"Friday   ","2015Q3","N","N","N",2457267,2457296,2456905,2457179,"N","N","N","N","N"
2457271,"0000000002457271",2015-09-05,1388,6036,462,2015,6,9,5,3,2015,462,6036,"Saturday ","2015Q3","N","Y","N",2457267,2457296,2456906,2457180,"N","N","N","N","N"
2457272,"0000000002457272",2015-09-06,1388,6036,462,2015,0,9,6,3,2015,462,6036,"Sunday   ","2015Q3","N","Y","N",2457267,2457296,2456907,2457181,"N","N","N","N","N"
2457273,"0000000002457273",2015-09-07,1388,6037,462,2015,1,9,7,3,2015,462,6037,"Monday   ","2015Q3","N","N","N",2457267,2457296,2456908,2457182,"N","N","N","N","N"
2457274,"0000000002457274",2015-09-08,1388,6037,462,2015,2,9,8,3,2015,462,6037,"Tuesday  ","2015Q3","N","N","N",2457267,2457296,2456909,2457183,"N","N","N","N","N"
2457275,"0000000002457275",2015-09-09,1388,6037,462,2015,3,9,9,3,2015,462,6037,"Wednesday","2015Q3","N","N","N",2457267,2457296,2456910,2457184,"N","N","N","N","N"
2457276,"0000000002457276",2015-09-10,1388,6037,462,2015,4,9,10,3,2015,462,6037,"Thursday ","2015Q3","N","N","N",2457267,2457296,2456911,2457185,"N","N","N","N","N"
2457277,"0000000002457277",2015-09-11,1388,6037,462,2015,5,9,11,3,2015,462,6037,"Friday   ","2015Q3","N","N","N",2457267,2457296,2456912,2457186,"N","N","N","N","N"
2457278,"0000000002457278",2015-09-12,1388,6037,462,2015,6,9,12,3,2015,462,6037,"Saturday ","2015Q3","N","Y","N",2457267,2457296,2456913,2457187,"N","N","N","N","N"
2457279,"0000000002457279",2015-09-13,1388,6037,462,2015,0,9,13,3,2015,462,6037,"Sunday   ","2015Q3","N","Y","N",2457267,2457296,2456914,2457188,"N","N","N","N","N"
2457280,"0000000002457280",2015-09-14,1388,6038,462,2015,1,9,14,3,2015,462,6038,"Monday   ","2015Q3","N","N","N",2457267,2457296,2456915,2457189,"N","N","N","N","N"
2457281,"0000000002457281",2015-09-15,1388,6038,462,2015,2,9,15,3,2015,462,6038,"Tuesday  ","2015Q3","N","N","N",2457267,2457296,2456916,2457190,"N","N","N","N","N"
2457282,"0000000002457282",2015-09-16,1388,6038,462,2015,3,9,16,3,2015,462,6038,"Wednesday","2015Q3","N","N","N",2457267,2457296,2456917,2457191,"N","N","N","N","N"
2457283,"0000000002457283",2015-09-17,1388,6038,462,2015,4,9,17,3,2015,462,6038,"Thursday ","2015Q3","N","N","N",2457267,2457296,2456918,2457192,"N","N","N","N","N"
2457284,"0000000002457284",2015-09-18,1388,6038,462,2015,5,9,18,3,2015,462,6038,"Friday   ","2015Q3","N","N","N",2457267,2457296,2456919,2457193,"N","N","N","N","N"
2457285,"0000000002457285",2015-09-19,1388,6038,462,2015,6,9,19,3,2015,462,6038,"Saturday ","2015Q3","N","Y","N",2457267,2457296,2456920,2457194,"N","N","N","N","N"
2457286,"0000000002457286",2015-09-20,1388,6038,462,2015,0,9,20,3,2015,462,6038,"Sunday   ","2015Q3","N","Y","N",2457267,2457296,2456921,2457195,"N","N","N","N","N"
2457287,"0000000002457287",2015-09-21,1388,6039,462,2015,1,9,21,3,2015,462,6039,"Monday   ","2015Q3","N","N","N",2457267,2457296,2456922,2457196,"N","N","N","N","N"
2457288,"0000000002457288",2015-09-22,1388,6039,462,2015,2,9,22,3,2015,462,6039,"Tuesday  ","2015Q3","N","N","N",2457267,2457296,2456923,2457197,"N","N","N","N","N"
2457289,"0000000002457289",2015-09-23,1388,6039,462,2015,3,9,23,3,2015,462,6039,"Wednesday","2015Q3","N","N","N",2457267,2457296,2456924,2457198,"N","N","N","N","N"
2457290,"0000000002457290",2015-09-24,1388,6039,462,2015,4,9,24,3,2015,462,6039,"Thursday ","2015Q3","N","N","N",2457267,2457296,2456925,2457199,"N","N","N","N","N"
2457291,"0000000002457291",2015-09-25,1388,6039,462,2015,5,9,25,3,2015,462,6039,"Friday   ","2015Q3","N","N","N",2457267,2457296,2456926,2457200,"N","N","N","N","N"
2457292,"0000000002457292",2015-09-26,1388,6039,462,2015,6,9,26,3,2015,462,6039,"Saturday ","2015Q3","N","Y","N",2457267,2457296,2456927,2457201,"N","N","N","N","N"
2457293,"0000000002457293",2015-09-27,1388,6039,462,2015,0,9,27,3,2015,462,6039,"Sunday   ","2015Q3","N","Y","N",2457267,2457296,2456928,2457202,"N","N","N","N","N"
2457294,"0000000002457294",2015-09-28,1388,6040,462,2015,1,9,28,3,2015,462,6040,"Monday   ","2015Q3","N","N","N",2457267,2457296,2456929,2457203,"N","N","N","N","N"
2457295,"0000000002457295",2015-09-29,1388,6040,462,2015,2,9,29,3,2015,462,6040,"Tuesday  ","2015Q3","N","N","N",2457267,2457296,2456930,2457204,"N","N","N","N","N"
2457296,"0000000002457296",2015-09-30,1388,6040,462,2015,3,9,30,3,2015,462,6040,"Wednesday","2015Q3","N","N","N",2457267,2457296,2456931,2457205,"N","N","N","N","N"
2457297,"0000000002457297",2015-10-01,1389,6040,463,2015,4,10,1,4,2015,463,6040,"Thursday ","2015Q4","N","N","N",2457297,2457327,2456932,2457206,"N","N","N","N","N"
2457298,"0000000002457298",2015-10-02,1389,6040,463,2015,5,10,2,4,2015,463,6040,"Friday   ","2015Q4","N","N","N",2457297,2457327,2456933,2457207,"N","N","N","N","N"
2457299,"0000000002457299",2015-10-03,1389,6040,463,2015,6,10,3,4,2015,463,6040,"Saturday ","2015Q4","N","Y","N",2457297,2457327,2456934,2457208,"N","N","N","N","N"
2457300,"0000000002457300",2015-10-04,1389,6040,463,2015,0,10,4,4,2015,463,6040,"Sunday   ","2015Q4","N","Y","N",2457297,2457327,2456935,2457209,"N","N","N","N","N"
2457301,"0000000002457301",2015-10-05,1389,6041,463,2015,1,10,5,4,2015,463,6041,"Monday   ","2015Q4","N","N","N",2457297,2457327,2456936,2457210,"N","N","N","N","N"
2457302,"0000000002457302",2015-10-06,1389,6041,463,2015,2,10,6,4,2015,463,6041,"Tuesday  ","2015Q4","N","N","N",2457297,2457327,2456937,2457211,"N","N","N","N","N"
2457303,"0000000002457303",2015-10-07,1389,6041,463,2015,3,10,7,4,2015,463,6041,"Wednesday","2015Q4","N","N","N",2457297,2457327,2456938,2457212,"N","N","N","N","N"
2457304,"0000000002457304",2015-10-08,1389,6041,463,2015,4,10,8,4,2015,463,6041,"Thursday ","2015Q4","N","N","N",2457297,2457327,2456939,2457213,"N","N","N","N","N"
2457305,"0000000002457305",2015-10-09,1389,6041,463,2015,5,10,9,4,2015,463,6041,"Friday   ","2015Q4","N","N","N",2457297,2457327,2456940,2457214,"N","N","N","N","N"
2457306,"0000000002457306",2015-10-10,1389,6041,463,2015,6,10,10,4,2015,463,6041,"Saturday ","2015Q4","N","Y","N",2457297,2457327,2456941,2457215,"N","N","N","N","N"
2457307,"0000000002457307",2015-10-11,1389,6041,463,2015,0,10,11,4,2015,463,6041,"Sunday   ","2015Q4","N","Y","N",2457297,2457327,2456942,2457216,"N","N","N","N","N"
2457308,"0000000002457308",2015-10-12,1389,6042,463,2015,1,10,12,4,2015,463,6042,"Monday   ","2015Q4","N","N","N",2457297,2457327,2456943,2457217,"N","N","N","N","N"
2457309,"0000000002457309",2015-10-13,1389,6042,463,2015,2,10,13,4,2015,463,6042,"Tuesday  ","2015Q4","N","N","N",2457297,2457327,2456944,2457218,"N","N","N","N","N"
2457310,"0000000002457310",2015-10-14,1389,6042,463,2015,3,10,14,4,2015,463,6042,"Wednesday","2015Q4","N","N","N",2457297,2457327,2456945,2457219,"N","N","N","N","N"
2457311,"0000000002457311",2015-10-15,1389,6042,463,2015,4,10,15,4,2015,463,6042,"Thursday ","2015Q4","N","N","N",2457297,2457327,2456946,2457220,"N","N","N","N","N"
2457312,"0000000002457312",2015-10-16,1389,6042,463,2015,5,10,16,4,2015,463,6042,"Friday   ","2015Q4","N","N","N",2457297,2457327,2456947,2457221,"N","N","N","N","N"
2457313,"0000000002457313",2015-10-17,1389,6042,463,2015,6,10,17,4,2015,463,6042,"Saturday ","2015Q4","N","Y","N",2457297,2457327,2456948,2457222,"N","N","N","N","N"
2457314,"0000000002457314",2015-10-18,1389,6042,463,2015,0,10,18,4,2015,463,6042,"Sunday   ","2015Q4","N","Y","N",2457297,2457327,2456949,2457223,"N","N","N","N","N"
2457315,"0000000002457315",2015-10-19,1389,6043,463,2015,1,10,19,4,2015,463,6043,"Monday   ","2015Q4","N","N","N",2457297,2457327,2456950,2457224,"N","N","N","N","N"
2457316,"0000000002457316",2015-10-20,1389,6043,463,2015,2,10,20,4,2015,463,6043,"Tuesday  ","2015Q4","N","N","N",2457297,2457327,2456951,2457225,"N","N","N","N","N"
2457317,"0000000002457317",2015-10-21,1389,6043,463,2015,3,10,21,4,2015,463,6043,"Wednesday","2015Q4","N","N","N",2457297,2457327,2456952,2457226,"N","N","N","N","N"
2457318,"0000000002457318",2015-10-22,1389,6043,463,2015,4,10,22,4,2015,463,6043,"Thursday ","2015Q4","N","N","N",2457297,2457327,2456953,2457227,"N","N","N","N","N"
2457319,"0000000002457319",2015-10-23,1389,6043,463,2015,5,10,23,4,2015,463,6043,"Friday   ","2015Q4","N","N","N",2457297,2457327,2456954,2457228,"N","N","N","N","N"
2457320,"0000000002457320",2015-10-24,1389,6043,463,2015,6,10,24,4,2015,463,6043,"Saturday ","2015Q4","N","Y","N",2457297,2457327,2456955,2457229,"N","N","N","N","N"
2457321,"0000000002457321",2015-10-25,1389,6043,463,2015,0,10,25,4,2015,463,6043,"Sunday   ","2015Q4","N","Y","N",2457297,2457327,2456956,2457230,"N","N","N","N","N"
2457322,"0000000002457322",2015-10-26,1389,6044,463,2015,1,10,26,4,2015,463,6044,"Monday   ","2015Q4","N","N","N",2457297,2457327,2456957,2457231,"N","N","N","N","N"
2457323,"0000000002457323",2015-10-27,1389,6044,463,2015,2,10,27,4,2015,463,6044,"Tuesday  ","2015Q4","N","N","N",2457297,2457327,2456958,2457232,"N","N","N","N","N"
2457324,"0000000002457324",2015-10-28,1389,6044,463,2015,3,10,28,4,2015,463,6044,"Wednesday","2015Q4","N","N","N",2457297,2457327,2456959,2457233,"N","N","N","N","N"
2457325,"0000000002457325",2015-10-29,1389,6044,463,2015,4,10,29,4,2015,463,6044,"Thursday ","2015Q4","N","N","N",2457297,2457327,2456960,2457234,"N","N","N","N","N"
2457326,"0000000002457326",2015-10-30,1389,6044,463,2015,5,10,30,4,2015,463,6044,"Friday   ","2015Q4","N","N","N",2457297,2457327,2456961,2457235,"N","N","N","N","N"
2457327,"0000000002457327",2015-10-31,1389,6044,463,2015,6,10,31,4,2015,463,6044,"Saturday ","2015Q4","N","Y","N",2457297,2457327,2456962,2457236,"N","N","N","N","N"
2457328,"0000000002457328",2015-11-01,1390,6044,463,2015,0,11,1,4,2015,463,6044,"Sunday   ","2015Q4","N","Y","N",2457328,2457357,2456963,2457237,"N","N","N","N","N"
2457329,"0000000002457329",2015-11-02,1390,6045,463,2015,1,11,2,4,2015,463,6045,"Monday   ","2015Q4","N","N","N",2457328,2457357,2456964,2457238,"N","N","N","N","N"
2457330,"0000000002457330",2015-11-03,1390,6045,463,2015,2,11,3,4,2015,463,6045,"Tuesday  ","2015Q4","N","N","N",2457328,2457357,2456965,2457239,"N","N","N","N","N"
2457331,"0000000002457331",2015-11-04,1390,6045,463,2015,3,11,4,4,2015,463,6045,"Wednesday","2015Q4","N","N","N",2457328,2457357,2456966,2457240,"N","N","N","N","N"
2457332,"0000000002457332",2015-11-05,1390,6045,463,2015,4,11,5,4,2015,463,6045,"Thursday ","2015Q4","N","N","N",2457328,2457357,2456967,2457241,"N","N","N","N","N"
2457333,"0000000002457333",2015-11-06,1390,6045,463,2015,5,11,6,4,2015,463,6045,"Friday   ","2015Q4","N","N","N",2457328,2457357,2456968,2457242,"N","N","N","N","N"
2457334,"0000000002457334",2015-11-07,1390,6045,463,2015,6,11,7,4,2015,463,6045,"Saturday ","2015Q4","N","Y","N",2457328,2457357,2456969,2457243,"N","N","N","N","N"
2457335,"0000000002457335",2015-11-08,1390,6045,463,2015,0,11,8,4,2015,463,6045,"Sunday   ","2015Q4","N","Y","N",2457328,2457357,2456970,2457244,"N","N","N","N","N"
2457336,"0000000002457336",2015-11-09,1390,6046,463,2015,1,11,9,4,2015,463,6046,"Monday   ","2015Q4","N","N","N",2457328,2457357,2456971,2457245,"N","N","N","N","N"
2457337,"0000000002457337",2015-11-10,1390,6046,463,2015,2,11,10,4,2015,463,6046,"Tuesday  ","2015Q4","N","N","N",2457328,2457357,2456972,2457246,"N","N","N","N","N"
2457338,"0000000002457338",2015-11-11,1390,6046,463,2015,3,11,11,4,2015,463,6046,"Wednesday","2015Q4","N","N","N",2457328,2457357,2456973,2457247,"N","N","N","N","N"
2457339,"0000000002457339",2015-11-12,1390,6046,463,2015,4,11,12,4,2015,463,6046,"Thursday ","2015Q4","N","N","N",2457328,2457357,2456974,2457248,"N","N","N","N","N"
2457340,"0000000002457340",2015-11-13,1390,6046,463,2015,5,11,13,4,2015,463,6046,"Friday   ","2015Q4","N","N","N",2457328,2457357,2456975,2457249,"N","N","N","N","N"
2457341,"0000000002457341",2015-11-14,1390,6046,463,2015,6,11,14,4,2015,463,6046,"Saturday ","2015Q4","N","Y","N",2457328,2457357,2456976,2457250,"N","N","N","N","N"
2457342,"0000000002457342",2015-11-15,1390,6046,463,2015,0,11,15,4,2015,463,6046,"Sunday   ","2015Q4","N","Y","N",2457328,2457357,2456977,2457251,"N","N","N","N","N"
2457343,"0000000002457343",2015-11-16,1390,6047,463,2015,1,11,16,4,2015,463,6047,"Monday   ","2015Q4","N","N","N",2457328,2457357,2456978,2457252,"N","N","N","N","N"
2457344,"0000000002457344",2015-11-17,1390,6047,463,2015,2,11,17,4,2015,463,6047,"Tuesday  ","2015Q4","N","N","N",2457328,2457357,2456979,2457253,"N","N","N","N","N"
2457345,"0000000002457345",2015-11-18,1390,6047,463,2015,3,11,18,4,2015,463,6047,"Wednesday","2015Q4","N","N","N",2457328,2457357,2456980,2457254,"N","N","N","N","N"
2457346,"0000000002457346",2015-11-19,1390,6047,463,2015,4,11,19,4,2015,463,6047,"Thursday ","2015Q4","N","N","N",2457328,2457357,2456981,2457255,"N","N","N","N","N"
2457347,"0000000002457347",2015-11-20,1390,6047,463,2015,5,11,20,4,2015,463,6047,"Friday   ","2015Q4","N","N","N",2457328,2457357,2456982,2457256,"N","N","N","N","N"
2457348,"0000000002457348",2015-11-21,1390,6047,463,2015,6,11,21,4,2015,463,6047,"Saturday ","2015Q4","N","Y","N",2457328,2457357,2456983,2457257,"N","N","N","N","N"
2457349,"0000000002457349",2015-11-22,1390,6047,463,2015,0,11,22,4,2015,463,6047,"Sunday   ","2015Q4","N","Y","N",2457328,2457357,2456984,2457258,"N","N","N","N","N"
2457350,"0000000002457350",2015-11-23,1390,6048,463,2015,1,11,23,4,2015,463,6048,"Monday   ","2015Q4","N","N","N",2457328,2457357,2456985,2457259,"N","N","N","N","N"
2457351,"0000000002457351",2015-11-24,1390,6048,463,2015,2,11,24,4,2015,463,6048,"Tuesday  ","2015Q4","N","N","N",2457328,2457357,2456986,2457260,"N","N","N","N","N"
2457352,"0000000002457352",2015-11-25,1390,6048,463,2015,3,11,25,4,2015,463,6048,"Wednesday","2015Q4","N","N","N",2457328,2457357,2456987,2457261,"N","N","N","N","N"
2457353,"0000000002457353",2015-11-26,1390,6048,463,2015,4,11,26,4,2015,463,6048,"Thursday ","2015Q4","N","N","N",2457328,2457357,2456988,2457262,"N","N","N","N","N"
2457354,"0000000002457354",2015-11-27,1390,6048,463,2015,5,11,27,4,2015,463,6048,"Friday   ","2015Q4","N","N","N",2457328,2457357,2456989,2457263,"N","N","N","N","N"
2457355,"0000000002457355",2015-11-28,1390,6048,463,2015,6,11,28,4,2015,463,6048,"Saturday ","2015Q4","N","Y","N",2457328,2457357,2456990,2457264,"N","N","N","N","N"
2457356,"0000000002457356",2015-11-29,1390,6048,463,2015,0,11,29,4,2015,463,6048,"Sunday   ","2015Q4","N","Y","N",2457328,2457357,2456991,2457265,"N","N","N","N","N"
2457357,"0000000002457357",2015-11-30,1390,6049,463,2015,1,11,30,4,2015,463,6049,"Monday   ","2015Q4","N","N","N",2457328,2457357,2456992,2457266,"N","N","N","N","N"
2457358,"0000000002457358",2015-12-01,1391,6049,463,2015,2,12,1,4,2015,463,6049,"Tuesday  ","2015Q4","N","N","N",2457358,2457388,2456993,2457267,"N","N","N","N","N"
2457359,"0000000002457359",2015-12-02,1391,6049,463,2015,3,12,2,4,2015,463,6049,"Wednesday","2015Q4","N","N","N",2457358,2457388,2456994,2457268,"N","N","N","N","N"
2457360,"0000000002457360",2015-12-03,1391,6049,463,2015,4,12,3,4,2015,463,6049,"Thursday ","2015Q4","N","N","N",2457358,2457388,2456995,2457269,"N","N","N","N","N"
2457361,"0000000002457361",2015-12-04,1391,6049,463,2015,5,12,4,4,2015,463,6049,"Friday   ","2015Q4","N","N","N",2457358,2457388,2456996,2457270,"N","N","N","N","N"
2457362,"0000000002457362",2015-12-05,1391,6049,463,2015,6,12,5,4,2015,463,6049,"Saturday ","2015Q4","N","Y","N",2457358,2457388,2456997,2457271,"N","N","N","N","N"
2457363,"0000000002457363",2015-12-06,1391,6049,463,2015,0,12,6,4,2015,463,6049,"Sunday   ","2015Q4","N","Y","N",2457358,2457388,2456998,2457272,"N","N","N","N","N"
2457364,"0000000002457364",2015-12-07,1391,6050,463,2015,1,12,7,4,2015,463,6050,"Monday   ","2015Q4","N","N","N",2457358,2457388,2456999,2457273,"N","N","N","N","N"
2457365,"0000000002457365",2015-12-08,1391,6050,463,2015,2,12,8,4,2015,463,6050,"Tuesday  ","2015Q4","N","N","N",2457358,2457388,2457000,2457274,"N","N","N","N","N"
2457366,"0000000002457366",2015-12-09,1391,6050,463,2015,3,12,9,4,2015,463,6050,"Wednesday","2015Q4","N","N","N",2457358,2457388,2457001,2457275,"N","N","N","N","N"
2457367,"0000000002457367",2015-12-10,1391,6050,463,2015,4,12,10,4,2015,463,6050,"Thursday ","2015Q4","N","N","N",2457358,2457388,2457002,2457276,"N","N","N","N","N"
2457368,"0000000002457368",2015-12-11,1391,6050,463,2015,5,12,11,4,2015,463,6050,"Friday   ","2015Q4","N","N","N",2457358,2457388,2457003,2457277,"N","N","N","N","N"
2457369,"0000000002457369",2015-12-12,1391,6050,463,2015,6,12,12,4,2015,463,6050,"Saturday ","2015Q4","N","Y","N",2457358,2457388,2457004,2457278,"N","N","N","N","N"
2457370,"0000000002457370",2015-12-13,1391,6050,463,2015,0,12,13,4,2015,463,6050,"Sunday   ","2015Q4","N","Y","N",2457358,2457388,2457005,2457279,"N","N","N","N","N"
2457371,"0000000002457371",2015-12-14,1391,6051,463,2015,1,12,14,4,2015,463,6051,"Monday   ","2015Q4","N","N","N",2457358,2457388,2457006,2457280,"N","N","N","N","N"
2457372,"0000000002457372",2015-12-15,1391,6051,463,2015,2,12,15,4,2015,463,6051,"Tuesday  ","2015Q4","N","N","N",2457358,2457388,2457007,2457281,"N","N","N","N","N"
2457373,"0000000002457373",2015-12-16,1391,6051,463,2015,3,12,16,4,2015,463,6051,"Wednesday","2015Q4","N","N","N",2457358,2457388,2457008,2457282,"N","N","N","N","N"
2457374,"0000000002457374",2015-12-17,1391,6051,463,2015,4,12,17,4,2015,463,6051,"Thursday ","2015Q4","N","N","N",2457358,2457388,2457009,2457283,"N","N","N","N","N"
2457375,"0000000002457375",2015-12-18,1391,6051,463,2015,5,12,18,4,2015,463,6051,"Friday   ","2015Q4","N","N","N",2457358,2457388,2457010,2457284,"N","N","N","N","N"
2457376,"0000000002457376",2015-12-19,1391,6051,463,2015,6,12,19,4,2015,463,6051,"Saturday ","2015Q4","N","Y","N",2457358,2457388,2457011,2457285,"N","N","N","N","N"
2457377,"0000000002457377",2015-12-20,1391,6051,463,2015,0,12,20,4,2015,463,6051,"Sunday   ","2015Q4","N","Y","N",2457358,2457388,2457012,2457286,"N","N","N","N","N"
2457378,"0000000002457378",2015-12-21,1391,6052,463,2015,1,12,21,4,2015,463,6052,"Monday   ","2015Q4","N","N","N",2457358,2457388,2457013,2457287,"N","N","N","N","N"
2457379,"0000000002457379",2015-12-22,1391,6052,463,2015,2,12,22,4,2015,463,6052,"Tuesday  ","2015Q4","N","N","N",2457358,2457388,2457014,2457288,"N","N","N","N","N"
2457380,"0000000002457380",2015-12-23,1391,6052,463,2015,3,12,23,4,2015,463,6052,"Wednesday","2015Q4","N","N","N",2457358,2457388,2457015,2457289,"N","N","N","N","N"
2457381,"0000000002457381",2015-12-24,1391,6052,463,2015,4,12,24,4,2015,463,6052,"Thursday ","2015Q4","N","N","N",2457358,2457388,2457016,2457290,"N","N","N","N","N"
2457382,"0000000002457382",2015-12-25,1391,6052,463,2015,5,12,25,4,2015,463,6052,"Friday   ","2015Q4","N","N","N",2457358,2457388,2457017,2457291,"N","N","N","N","N"
2457383,"0000000002457383",2015-12-26,1391,6052,463,2015,6,12,26,4,2015,463,6052,"Saturday ","2015Q4","N","Y","N",2457358,2457388,2457018,2457292,"N","N","N","N","N"
2457384,"0000000002457384",2015-12-27,1391,6052,463,2015,0,12,27,4,2015,463,6052,"Sunday   ","2015Q4","N","Y","N",2457358,2457388,2457019,2457293,"N","N","N","N","N"
2457385,"0000000002457385",2015-12-28,1391,6053,463,2015,1,12,28,4,2015,463,6053,"Monday   ","2015Q4","N","N","N",2457358,2457388,2457020,2457294,"N","N","N","N","N"
2457386,"0000000002457386",2015-12-29,1391,6053,463,2015,2,12,29,4,2015,463,6053,"Tuesday  ","2015Q4","N","N","N",2457358,2457388,2457021,2457295,"N","N","N","N","N"
2457387,"0000000002457387",2015-12-30,1391,6053,463,2015,3,12,30,4,2015,463,6053,"Wednesday","2015Q4","N","N","N",2457358,2457388,2457022,2457296,"N","N","N","N","N"
2457388,"0000000002457388",2015-12-31,1391,6053,463,2015,4,12,31,4,2015,463,6053,"Thursday ","2015Q4","N","N","N",2457358,2457388,2457023,2457297,"N","N","N","N","N"
2457389,"0000000002457389",2016-01-01,1392,6053,464,2016,5,1,1,1,2016,464,6053,"Friday   ","2016Q1","N","N","N",2457389,2457419,2457024,2457298,"N","N","N","N","N"
2457390,"0000000002457390",2016-01-02,1392,6053,464,2016,6,1,2,1,2016,464,6053,"Saturday ","2016Q1","N","Y","N",2457389,2457419,2457025,2457299,"N","N","N","N","N"
2457391,"0000000002457391",2016-01-03,1392,6053,464,2016,0,1,3,1,2016,464,6053,"Sunday   ","2016Q1","N","Y","N",2457389,2457419,2457026,2457300,"N","N","N","N","N"
2457392,"0000000002457392",2016-01-04,1392,6054,464,2016,1,1,4,1,2016,464,6054,"Monday   ","2016Q1","N","N","N",2457389,2457419,2457027,2457301,"N","N","N","N","N"
2457393,"0000000002457393",2016-01-05,1392,6054,464,2016,2,1,5,1,2016,464,6054,"Tuesday  ","2016Q1","N","N","N",2457389,2457419,2457028,2457302,"N","N","N","N","N"
2457394,"0000000002457394",2016-01-06,1392,6054,464,2016,3,1,6,1,2016,464,6054,"Wednesday","2016Q1","N","N","N",2457389,2457419,2457029,2457303,"N","N","N","N","N"
2457395,"0000000002457395",2016-01-07,1392,6054,464,2016,4,1,7,1,2016,464,6054,"Thursday ","2016Q1","N","N","N",2457389,2457419,2457030,2457304,"N","N","N","N","N"
2457396,"0000000002457396",2016-01-08,1392,6054,464,2016,5,1,8,1,2016,464,6054,"Friday   ","2016Q1","N","N","N",2457389,2457419,2457031,2457305,"N","N","N","N","N"
2457397,"0000000002457397",2016-01-09,1392,6054,464,2016,6,1,9,1,2016,464,6054,"Saturday ","2016Q1","N","Y","N",2457389,2457419,2457032,2457306,"N","N","N","N","N"
2457398,"0000000002457398",2016-01-10,1392,6054,464,2016,0,1,10,1,2016,464,6054,"Sunday   ","2016Q1","N","Y","N",2457389,2457419,2457033,2457307,"N","N","N","N","N"
2457399,"0000000002457399",2016-01-11,1392,6055,464,2016,1,1,11,1,2016,464,6055,"Monday   ","2016Q1","N","N","N",2457389,2457419,2457034,2457308,"N","N","N","N","N"
2457400,"0000000002457400",2016-01-12,1392,6055,464,2016,2,1,12,1,2016,464,6055,"Tuesday  ","2016Q1","N","N","N",2457389,2457419,2457035,2457309,"N","N","N","N","N"
2457401,"0000000002457401",2016-01-13,1392,6055,464,2016,3,1,13,1,2016,464,6055,"Wednesday","2016Q1","N","N","N",2457389,2457419,2457036,2457310,"N","N","N","N","N"
2457402,"0000000002457402",2016-01-14,1392,6055,464,2016,4,1,14,1,2016,464,6055,"Thursday ","2016Q1","N","N","N",2457389,2457419,2457037,2457311,"N","N","N","N","N"
2457403,"0000000002457403",2016-01-15,1392,6055,464,2016,5,1,15,1,2016,464,6055,"Friday   ","2016Q1","N","N","N",2457389,2457419,2457038,2457312,"N","N","N","N","N"
2457404,"0000000002457404",2016-01-16,1392,6055,464,2016,6,1,16,1,2016,464,6055,"Saturday ","2016Q1","N","Y","N",2457389,2457419,2457039,2457313,"N","N","N","N","N"
2457405,"0000000002457405",2016-01-17,1392,6055,464,2016,0,1,17,1,2016,464,6055,"Sunday   ","2016Q1","N","Y","N",2457389,2457419,2457040,2457314,"N","N","N","N","N"
2457406,"0000000002457406",2016-01-18,1392,6056,464,2016,1,1,18,1,2016,464,6056,"Monday   ","2016Q1","N","N","N",2457389,2457419,2457041,2457315,"N","N","N","N","N"
2457407,"0000000002457407",2016-01-19,1392,6056,464,2016,2,1,19,1,2016,464,6056,"Tuesday  ","2016Q1","N","N","N",2457389,2457419,2457042,2457316,"N","N","N","N","N"
2457408,"0000000002457408",2016-01-20,1392,6056,464,2016,3,1,20,1,2016,464,6056,"Wednesday","2016Q1","N","N","N",2457389,2457419,2457043,2457317,"N","N","N","N","N"
2457409,"0000000002457409",2016-01-21,1392,6056,464,2016,4,1,21,1,2016,464,6056,"Thursday ","2016Q1","N","N","N",2457389,2457419,2457044,2457318,"N","N","N","N","N"
2457410,"0000000002457410",2016-01-22,1392,6056,464,2016,5,1,22,1,2016,464,6056,"Friday   ","2016Q1","N","N","N",2457389,2457419,2457045,2457319,"N","N","N","N","N"
2457411,"0000000002457411",2016-01-23,1392,6056,464,2016,6,1,23,1,2016,464,6056,"Saturday ","2016Q1","N","Y","N",2457389,2457419,2457046,2457320,"N","N","N","N","N"
2457412,"0000000002457412",2016-01-24,1392,6056,464,2016,0,1,24,1,2016,464,6056,"Sunday   ","2016Q1","N","Y","N",2457389,2457419,2457047,2457321,"N","N","N","N","N"
2457413,"0000000002457413",2016-01-25,1392,6057,464,2016,1,1,25,1,2016,464,6057,"Monday   ","2016Q1","N","N","N",2457389,2457419,2457048,2457322,"N","N","N","N","N"
2457414,"0000000002457414",2016-01-26,1392,6057,464,2016,2,1,26,1,2016,464,6057,"Tuesday  ","2016Q1","N","N","N",2457389,2457419,2457049,2457323,"N","N","N","N","N"
2457415,"0000000002457415",2016-01-27,1392,6057,464,2016,3,1,27,1,2016,464,6057,"Wednesday","2016Q1","N","N","N",2457389,2457419,2457050,2457324,"N","N","N","N","N"
2457416,"0000000002457416",2016-01-28,1392,6057,464,2016,4,1,28,1,2016,464,6057,"Thursday ","2016Q1","N","N","N",2457389,2457419,2457051,2457325,"N","N","N","N","N"
2457417,"0000000002457417",2016-01-29,1392,6057,464,2016,5,1,29,1,2016,464,6057,"Friday   ","2016Q1","N","N","N",2457389,2457419,2457052,2457326,"N","N","N","N","N"
2457418,"0000000002457418",2016-01-30,1392,6057,464,2016,6,1,30,1,2016,464,6057,"Saturday ","2016Q1","N","Y","N",2457389,2457419,2457053,2457327,"N","N","N","N","N"
2457419,"0000000002457419",2016-01-31,1392,6057,464,2016,0,1,31,1,2016,464,6057,"Sunday   ","2016Q1","N","Y","N",2457389,2457419,2457054,2457328,"N","N","N","N","N"
2457420,"0000000002457420",2016-02-01,1393,6058,464,2016,1,2,1,1,2016,464,6058,"Monday   ","2016Q1","N","N","N",2457420,2457448,2457055,2457329,"N","N","N","N","N"
2457421,"0000000002457421",2016-02-02,1393,6058,464,2016,2,2,2,1,2016,464,6058,"Tuesday  ","2016Q1","N","N","N",2457420,2457448,2457056,2457330,"N","N","N","N","N"
2457422,"0000000002457422",2016-02-03,1393,6058,464,2016,3,2,3,1,2016,464,6058,"Wednesday","2016Q1","N","N","N",2457420,2457448,2457057,2457331,"N","N","N","N","N"
2457423,"0000000002457423",2016-02-04,1393,6058,464,2016,4,2,4,1,2016,464,6058,"Thursday ","2016Q1","N","N","N",2457420,2457448,2457058,2457332,"N","N","N","N","N"
2457424,"0000000002457424",2016-02-05,1393,6058,464,2016,5,2,5,1,2016,464,6058,"Friday   ","2016Q1","N","N","N",2457420,2457448,2457059,2457333,"N","N","N","N","N"
2457425,"0000000002457425",2016-02-06,1393,6058,464,2016,6,2,6,1,2016,464,6058,"Saturday ","2016Q1","N","Y","N",2457420,2457448,2457060,2457334,"N","N","N","N","N"
2457426,"0000000002457426",2016-02-07,1393,6058,464,2016,0,2,7,1,2016,464,6058,"Sunday   ","2016Q1","N","Y","N",2457420,2457448,2457061,2457335,"N","N","N","N","N"
2457427,"0000000002457427",2016-02-08,1393,6059,464,2016,1,2,8,1,2016,464,6059,"Monday   ","2016Q1","N","N","N",2457420,2457448,2457062,2457336,"N","N","N","N","N"
2457428,"0000000002457428",2016-02-09,1393,6059,464,2016,2,2,9,1,2016,464,6059,"Tuesday  ","2016Q1","N","N","N",2457420,2457448,2457063,2457337,"N","N","N","N","N"
2457429,"0000000002457429",2016-02-10,1393,6059,464,2016,3,2,10,1,2016,464,6059,"Wednesday","2016Q1","N","N","N",2457420,2457448,2457064,2457338,"N","N","N","N","N"
2457430,"0000000002457430",2016-02-11,1393,6059,464,2016,4,2,11,1,2016,464,6059,"Thursday ","2016Q1","N","N","N",2457420,2457448,2457065,2457339,"N","N","N","N","N"
2457431,"0000000002457431",2016-02-12,1393,6059,464,2016,5,2,12,1,2016,464,6059,"Friday   ","2016Q1","N","N","N",2457420,2457448,2457066,2457340,"N","N","N","N","N"
2457432,"0000000002457432",2016-02-13,1393,6059,464,2016,6,2,13,1,2016,464,6059,"Saturday ","2016Q1","N","Y","N",2457420,2457448,2457067,2457341,"N","N","N","N","N"
2457433,"0000000002457433",2016-02-14,1393,6059,464,2016,0,2,14,1,2016,464,6059,"Sunday   ","2016Q1","N","Y","N",2457420,2457448,2457068,2457342,"N","N","N","N","N"
2457434,"0000000002457434",2016-02-15,1393,6060,464,2016,1,2,15,1,2016,464,6060,"Monday   ","2016Q1","N","N","N",2457420,2457448,2457069,2457343,"N","N","N","N","N"
2457435,"0000000002457435",2016-02-16,1393,6060,464,2016,2,2,16,1,2016,464,6060,"Tuesday  ","2016Q1","N","N","N",2457420,2457448,2457070,2457344,"N","N","N","N","N"
2457436,"0000000002457436",2016-02-17,1393,6060,464,2016,3,2,17,1,2016,464,6060,"Wednesday","2016Q1","N","N","N",2457420,2457448,2457071,2457345,"N","N","N","N","N"
2457437,"0000000002457437",2016-02-18,1393,6060,464,2016,4,2,18,1,2016,464,6060,"Thursday ","2016Q1","N","N","N",2457420,2457448,2457072,2457346,"N","N","N","N","N"
2457438,"0000000002457438",2016-02-19,1393,6060,464,2016,5,2,19,1,2016,464,6060,"Friday   ","2016Q1","N","N","N",2457420,2457448,2457073,2457347,"N","N","N","N","N"
2457439,"0000000002457439",2016-02-20,1393,6060,464,2016,6,2,20,1,2016,464,6060,"Saturday ","2016Q1","N","Y","N",2457420,2457448,2457074,2457348,"N","N","N","N","N"
2457440,"0000000002457440",2016-02-21,1393,6060,464,2016,0,2,21,1,2016,464,6060,"Sunday   ","2016Q1","N","Y","N",2457420,2457448,2457075,2457349,"N","N","N","N","N"
2457441,"0000000002457441",2016-02-22,1393,6061,464,2016,1,2,22,1,2016,464,6061,"Monday   ","2016Q1","N","N","N",2457420,2457448,2457076,2457350,"N","N","N","N","N"
2457442,"0000000002457442",2016-02-23,1393,6061,464,2016,2,2,23,1,2016,464,6061,"Tuesday  ","2016Q1","N","N","N",2457420,2457448,2457077,2457351,"N","N","N","N","N"
2457443,"0000000002457443",2016-02-24,1393,6061,464,2016,3,2,24,1,2016,464,6061,"Wednesday","2016Q1","N","N","N",2457420,2457448,2457078,2457352,"N","N","N","N","N"
2457444,"0000000002457444",2016-02-25,1393,6061,464,2016,4,2,25,1,2016,464,6061,"Thursday ","2016Q1","N","N","N",2457420,2457448,2457079,2457353,"N","N","N","N","N"
2457445,"0000000002457445",2016-02-26,1393,6061,464,2016,5,2,26,1,2016,464,6061,"Friday   ","2016Q1","N","N","N",2457420,2457448,2457080,2457354,"N","N","N","N","N"
2457446,"0000000002457446",2016-02-27,1393,6061,464,2016,6,2,27,1,2016,464,6061,"Saturday ","2016Q1","N","Y","N",2457420,2457448,2457081,2457355,"N","N","N","N","N"
2457447,"0000000002457447",2016-02-28,1393,6061,464,2016,0,2,28,1,2016,464,6061,"Sunday   ","2016Q1","N","Y","N",2457420,2457448,2457082,2457356,"N","N","N","N","N"
2457448,"0000000002457448",2016-02-29,1393,6062,464,2016,1,2,29,1,2016,464,6062,"Monday   ","2016Q1","N","N","N",2457420,2457448,2457082,2457357,"N","N","N","N","N"
2457449,"0000000002457449",2016-03-01,1394,6062,464,2016,2,3,1,1,2016,464,6062,"Tuesday  ","2016Q1","N","N","N",2457449,2457479,2457083,2457358,"N","N","N","N","N"
2457450,"0000000002457450",2016-03-02,1394,6062,464,2016,3,3,2,1,2016,464,6062,"Wednesday","2016Q1","N","N","N",2457449,2457479,2457084,2457359,"N","N","N","N","N"
2457451,"0000000002457451",2016-03-03,1394,6062,464,2016,4,3,3,1,2016,464,6062,"Thursday ","2016Q1","N","N","N",2457449,2457479,2457085,2457360,"N","N","N","N","N"
2457452,"0000000002457452",2016-03-04,1394,6062,464,2016,5,3,4,1,2016,464,6062,"Friday   ","2016Q1","N","N","N",2457449,2457479,2457086,2457361,"N","N","N","N","N"
2457453,"0000000002457453",2016-03-05,1394,6062,464,2016,6,3,5,1,2016,464,6062,"Saturday ","2016Q1","N","Y","N",2457449,2457479,2457087,2457362,"N","N","N","N","N"
2457454,"0000000002457454",2016-03-06,1394,6062,464,2016,0,3,6,1,2016,464,6062,"Sunday   ","2016Q1","N","Y","N",2457449,2457479,2457088,2457363,"N","N","N","N","N"
2457455,"0000000002457455",2016-03-07,1394,6063,464,2016,1,3,7,1,2016,464,6063,"Monday   ","2016Q1","N","N","N",2457449,2457479,2457089,2457364,"N","N","N","N","N"
2457456,"0000000002457456",2016-03-08,1394,6063,464,2016,2,3,8,1,2016,464,6063,"Tuesday  ","2016Q1","N","N","N",2457449,2457479,2457090,2457365,"N","N","N","N","N"
2457457,"0000000002457457",2016-03-09,1394,6063,464,2016,3,3,9,1,2016,464,6063,"Wednesday","2016Q1","N","N","N",2457449,2457479,2457091,2457366,"N","N","N","N","N"
2457458,"0000000002457458",2016-03-10,1394,6063,464,2016,4,3,10,1,2016,464,6063,"Thursday ","2016Q1","N","N","N",2457449,2457479,2457092,2457367,"N","N","N","N","N"
2457459,"0000000002457459",2016-03-11,1394,6063,464,2016,5,3,11,1,2016,464,6063,"Friday   ","2016Q1","N","N","N",2457449,2457479,2457093,2457368,"N","N","N","N","N"
2457460,"0000000002457460",2016-03-12,1394,6063,464,2016,6,3,12,1,2016,464,6063,"Saturday ","2016Q1","N","Y","N",2457449,2457479,2457094,2457369,"N","N","N","N","N"
2457461,"0000000002457461",2016-03-13,1394,6063,464,2016,0,3,13,1,2016,464,6063,"Sunday   ","2016Q1","N","Y","N",2457449,2457479,2457095,2457370,"N","N","N","N","N"
2457462,"0000000002457462",2016-03-14,1394,6064,464,2016,1,3,14,1,2016,464,6064,"Monday   ","2016Q1","N","N","N",2457449,2457479,2457096,2457371,"N","N","N","N","N"
2457463,"0000000002457463",2016-03-15,1394,6064,464,2016,2,3,15,1,2016,464,6064,"Tuesday  ","2016Q1","N","N","N",2457449,2457479,2457097,2457372,"N","N","N","N","N"
2457464,"0000000002457464",2016-03-16,1394,6064,464,2016,3,3,16,1,2016,464,6064,"Wednesday","2016Q1","N","N","N",2457449,2457479,2457098,2457373,"N","N","N","N","N"
2457465,"0000000002457465",2016-03-17,1394,6064,464,2016,4,3,17,1,2016,464,6064,"Thursday ","2016Q1","N","N","N",2457449,2457479,2457099,2457374,"N","N","N","N","N"
2457466,"0000000002457466",2016-03-18,1394,6064,464,2016,5,3,18,1,2016,464,6064,"Friday   ","2016Q1","N","N","N",2457449,2457479,2457100,2457375,"N","N","N","N","N"
2457467,"0000000002457467",2016-03-19,1394,6064,464,2016,6,3,19,1,2016,464,6064,"Saturday ","2016Q1","N","Y","N",2457449,2457479,2457101,2457376,"N","N","N","N","N"
2457468,"0000000002457468",2016-03-20,1394,6064,464,2016,0,3,20,1,2016,464,6064,"Sunday   ","2016Q1","N","Y","N",2457449,2457479,2457102,2457377,"N","N","N","N","N"
2457469,"0000000002457469",2016-03-21,1394,6065,464,2016,1,3,21,1,2016,464,6065,"Monday   ","2016Q1","N","N","N",2457449,2457479,2457103,2457378,"N","N","N","N","N"
2457470,"0000000002457470",2016-03-22,1394,6065,464,2016,2,3,22,1,2016,464,6065,"Tuesday  ","2016Q1","N","N","N",2457449,2457479,2457104,2457379,"N","N","N","N","N"
2457471,"0000000002457471",2016-03-23,1394,6065,464,2016,3,3,23,1,2016,464,6065,"Wednesday","2016Q1","N","N","N",2457449,2457479,2457105,2457380,"N","N","N","N","N"
2457472,"0000000002457472",2016-03-24,1394,6065,464,2016,4,3,24,1,2016,464,6065,"Thursday ","2016Q1","N","N","N",2457449,2457479,2457106,2457381,"N","N","N","N","N"
2457473,"0000000002457473",2016-03-25,1394,6065,464,2016,5,3,25,1,2016,464,6065,"Friday   ","2016Q1","N","N","N",2457449,2457479,2457107,2457382,"N","N","N","N","N"
2457474,"0000000002457474",2016-03-26,1394,6065,464,2016,6,3,26,1,2016,464,6065,"Saturday ","2016Q1","N","Y","N",2457449,2457479,2457108,2457383,"N","N","N","N","N"
2457475,"0000000002457475",2016-03-27,1394,6065,464,2016,0,3,27,1,2016,464,6065,"Sunday   ","2016Q1","N","Y","N",2457449,2457479,2457109,2457384,"N","N","N","N","N"
2457476,"0000000002457476",2016-03-28,1394,6066,464,2016,1,3,28,1,2016,464,6066,"Monday   ","2016Q1","N","N","N",2457449,2457479,2457110,2457385,"N","N","N","N","N"
2457477,"0000000002457477",2016-03-29,1394,6066,464,2016,2,3,29,1,2016,464,6066,"Tuesday  ","2016Q1","N","N","N",2457449,2457479,2457111,2457386,"N","N","N","N","N"
2457478,"0000000002457478",2016-03-30,1394,6066,464,2016,3,3,30,1,2016,464,6066,"Wednesday","2016Q1","N","N","N",2457449,2457479,2457112,2457387,"N","N","N","N","N"
2457479,"0000000002457479",2016-03-31,1394,6066,464,2016,4,3,31,1,2016,464,6066,"Thursday ","2016Q1","N","N","N",2457449,2457479,2457113,2457388,"N","N","N","N","N"
2457480,"0000000002457480",2016-04-01,1395,6066,465,2016,5,4,1,2,2016,465,6066,"Friday   ","2016Q2","N","N","N",2457480,2457509,2457114,2457389,"N","N","N","N","N"
2457481,"0000000002457481",2016-04-02,1395,6066,465,2016,6,4,2,2,2016,465,6066,"Saturday ","2016Q2","N","Y","N",2457480,2457509,2457115,2457390,"N","N","N","N","N"
2457482,"0000000002457482",2016-04-03,1395,6066,465,2016,0,4,3,2,2016,465,6066,"Sunday   ","2016Q2","N","Y","N",2457480,2457509,2457116,2457391,"N","N","N","N","N"
2457483,"0000000002457483",2016-04-04,1395,6067,465,2016,1,4,4,2,2016,465,6067,"Monday   ","2016Q2","N","N","N",2457480,2457509,2457117,2457392,"N","N","N","N","N"
2457484,"0000000002457484",2016-04-05,1395,6067,465,2016,2,4,5,2,2016,465,6067,"Tuesday  ","2016Q2","N","N","N",2457480,2457509,2457118,2457393,"N","N","N","N","N"
2457485,"0000000002457485",2016-04-06,1395,6067,465,2016,3,4,6,2,2016,465,6067,"Wednesday","2016Q2","N","N","N",2457480,2457509,2457119,2457394,"N","N","N","N","N"
2457486,"0000000002457486",2016-04-07,1395,6067,465,2016,4,4,7,2,2016,465,6067,"Thursday ","2016Q2","N","N","N",2457480,2457509,2457120,2457395,"N","N","N","N","N"
2457487,"0000000002457487",2016-04-08,1395,6067,465,2016,5,4,8,2,2016,465,6067,"Friday   ","2016Q2","N","N","N",2457480,2457509,2457121,2457396,"N","N","N","N","N"
2457488,"0000000002457488",2016-04-09,1395,6067,465,2016,6,4,9,2,2016,465,6067,"Saturday ","2016Q2","N","Y","N",2457480,2457509,2457122,2457397,"N","N","N","N","N"
2457489,"0000000002457489",2016-04-10,1395,6067,465,2016,0,4,10,2,2016,465,6067,"Sunday   ","2016Q2","N","Y","N",2457480,2457509,2457123,2457398,"N","N","N","N","N"
2457490,"0000000002457490",2016-04-11,1395,6068,465,2016,1,4,11,2,2016,465,6068,"Monday   ","2016Q2","N","N","N",2457480,2457509,2457124,2457399,"N","N","N","N","N"
2457491,"0000000002457491",2016-04-12,1395,6068,465,2016,2,4,12,2,2016,465,6068,"Tuesday  ","2016Q2","N","N","N",2457480,2457509,2457125,2457400,"N","N","N","N","N"
2457492,"0000000002457492",2016-04-13,1395,6068,465,2016,3,4,13,2,2016,465,6068,"Wednesday","2016Q2","N","N","N",2457480,2457509,2457126,2457401,"N","N","N","N","N"
2457493,"0000000002457493",2016-04-14,1395,6068,465,2016,4,4,14,2,2016,465,6068,"Thursday ","2016Q2","N","N","N",2457480,2457509,2457127,2457402,"N","N","N","N","N"
2457494,"0000000002457494",2016-04-15,1395,6068,465,2016,5,4,15,2,2016,465,6068,"Friday   ","2016Q2","N","N","N",2457480,2457509,2457128,2457403,"N","N","N","N","N"
2457495,"0000000002457495",2016-04-16,1395,6068,465,2016,6,4,16,2,2016,465,6068,"Saturday ","2016Q2","N","Y","N",2457480,2457509,2457129,2457404,"N","N","N","N","N"
2457496,"0000000002457496",2016-04-17,1395,6068,465,2016,0,4,17,2,2016,465,6068,"Sunday   ","2016Q2","N","Y","N",2457480,2457509,2457130,2457405,"N","N","N","N","N"
2457497,"0000000002457497",2016-04-18,1395,6069,465,2016,1,4,18,2,2016,465,6069,"Monday   ","2016Q2","N","N","N",2457480,2457509,2457131,2457406,"N","N","N","N","N"
2457498,"0000000002457498",2016-04-19,1395,6069,465,2016,2,4,19,2,2016,465,6069,"Tuesday  ","2016Q2","N","N","N",2457480,2457509,2457132,2457407,"N","N","N","N","N"
2457499,"0000000002457499",2016-04-20,1395,6069,465,2016,3,4,20,2,2016,465,6069,"Wednesday","2016Q2","N","N","N",2457480,2457509,2457133,2457408,"N","N","N","N","N"
2457500,"0000000002457500",2016-04-21,1395,6069,465,2016,4,4,21,2,2016,465,6069,"Thursday ","2016Q2","N","N","N",2457480,2457509,2457134,2457409,"N","N","N","N","N"
2457501,"0000000002457501",2016-04-22,1395,6069,465,2016,5,4,22,2,2016,465,6069,"Friday   ","2016Q2","N","N","N",2457480,2457509,2457135,2457410,"N","N","N","N","N"
2457502,"0000000002457502",2016-04-23,1395,6069,465,2016,6,4,23,2,2016,465,6069,"Saturday ","2016Q2","N","Y","N",2457480,2457509,2457136,2457411,"N","N","N","N","N"
2457503,"0000000002457503",2016-04-24,1395,6069,465,2016,0,4,24,2,2016,465,6069,"Sunday   ","2016Q2","N","Y","N",2457480,2457509,2457137,2457412,"N","N","N","N","N"
2457504,"0000000002457504",2016-04-25,1395,6070,465,2016,1,4,25,2,2016,465,6070,"Monday   ","2016Q2","N","N","N",2457480,2457509,2457138,2457413,"N","N","N","N","N"
2457505,"0000000002457505",2016-04-26,1395,6070,465,2016,2,4,26,2,2016,465,6070,"Tuesday  ","2016Q2","N","N","N",2457480,2457509,2457139,2457414,"N","N","N","N","N"
2457506,"0000000002457506",2016-04-27,1395,6070,465,2016,3,4,27,2,2016,465,6070,"Wednesday","2016Q2","N","N","N",2457480,2457509,2457140,2457415,"N","N","N","N","N"
2457507,"0000000002457507",2016-04-28,1395,6070,465,2016,4,4,28,2,2016,465,6070,"Thursday ","2016Q2","N","N","N",2457480,2457509,2457141,2457416,"N","N","N","N","N"
2457508,"0000000002457508",2016-04-29,1395,6070,465,2016,5,4,29,2,2016,465,6070,"Friday   ","2016Q2","N","N","N",2457480,2457509,2457142,2457417,"N","N","N","N","N"
2457509,"0000000002457509",2016-04-30,1395,6070,465,2016,6,4,30,2,2016,465,6070,"Saturday ","2016Q2","N","Y","N",2457480,2457509,2457143,2457418,"N","N","N","N","N"
2457510,"0000000002457510",2016-05-01,1396,6070,465,2016,0,5,1,2,2016,465,6070,"Sunday   ","2016Q2","N","Y","N",2457510,2457540,2457144,2457419,"N","N","N","N","N"
2457511,"0000000002457511",2016-05-02,1396,6071,465,2016,1,5,2,2,2016,465,6071,"Monday   ","2016Q2","N","N","N",2457510,2457540,2457145,2457420,"N","N","N","N","N"
2457512,"0000000002457512",2016-05-03,1396,6071,465,2016,2,5,3,2,2016,465,6071,"Tuesday  ","2016Q2","N","N","N",2457510,2457540,2457146,2457421,"N","N","N","N","N"
2457513,"0000000002457513",2016-05-04,1396,6071,465,2016,3,5,4,2,2016,465,6071,"Wednesday","2016Q2","N","N","N",2457510,2457540,2457147,2457422,"N","N","N","N","N"
2457514,"0000000002457514",2016-05-05,1396,6071,465,2016,4,5,5,2,2016,465,6071,"Thursday ","2016Q2","N","N","N",2457510,2457540,2457148,2457423,"N","N","N","N","N"
2457515,"0000000002457515",2016-05-06,1396,6071,465,2016,5,5,6,2,2016,465,6071,"Friday   ","2016Q2","N","N","N",2457510,2457540,2457149,2457424,"N","N","N","N","N"
2457516,"0000000002457516",2016-05-07,1396,6071,465,2016,6,5,7,2,2016,465,6071,"Saturday ","2016Q2","N","Y","N",2457510,2457540,2457150,2457425,"N","N","N","N","N"
2457517,"0000000002457517",2016-05-08,1396,6071,465,2016,0,5,8,2,2016,465,6071,"Sunday   ","2016Q2","N","Y","N",2457510,2457540,2457151,2457426,"N","N","N","N","N"
2457518,"0000000002457518",2016-05-09,1396,6072,465,2016,1,5,9,2,2016,465,6072,"Monday   ","2016Q2","N","N","N",2457510,2457540,2457152,2457427,"N","N","N","N","N"
2457519,"0000000002457519",2016-05-10,1396,6072,465,2016,2,5,10,2,2016,465,6072,"Tuesday  ","2016Q2","N","N","N",2457510,2457540,2457153,2457428,"N","N","N","N","N"
2457520,"0000000002457520",2016-05-11,1396,6072,465,2016,3,5,11,2,2016,465,6072,"Wednesday","2016Q2","N","N","N",2457510,2457540,2457154,2457429,"N","N","N","N","N"
2457521,"0000000002457521",2016-05-12,1396,6072,465,2016,4,5,12,2,2016,465,6072,"Thursday ","2016Q2","N","N","N",2457510,2457540,2457155,2457430,"N","N","N","N","N"
2457522,"0000000002457522",2016-05-13,1396,6072,465,2016,5,5,13,2,2016,465,6072,"Friday   ","2016Q2","N","N","N",2457510,2457540,2457156,2457431,"N","N","N","N","N"
2457523,"0000000002457523",2016-05-14,1396,6072,465,2016,6,5,14,2,2016,465,6072,"Saturday ","2016Q2","N","Y","N",2457510,2457540,2457157,2457432,"N","N","N","N","N"
2457524,"0000000002457524",2016-05-15,1396,6072,465,2016,0,5,15,2,2016,465,6072,"Sunday   ","2016Q2","N","Y","N",2457510,2457540,2457158,2457433,"N","N","N","N","N"
2457525,"0000000002457525",2016-05-16,1396,6073,465,2016,1,5,16,2,2016,465,6073,"Monday   ","2016Q2","N","N","N",2457510,2457540,2457159,2457434,"N","N","N","N","N"
2457526,"0000000002457526",2016-05-17,1396,6073,465,2016,2,5,17,2,2016,465,6073,"Tuesday  ","2016Q2","N","N","N",2457510,2457540,2457160,2457435,"N","N","N","N","N"
2457527,"0000000002457527",2016-05-18,1396,6073,465,2016,3,5,18,2,2016,465,6073,"Wednesday","2016Q2","N","N","N",2457510,2457540,2457161,2457436,"N","N","N","N","N"
2457528,"0000000002457528",2016-05-19,1396,6073,465,2016,4,5,19,2,2016,465,6073,"Thursday ","2016Q2","N","N","N",2457510,2457540,2457162,2457437,"N","N","N","N","N"
2457529,"0000000002457529",2016-05-20,1396,6073,465,2016,5,5,20,2,2016,465,6073,"Friday   ","2016Q2","N","N","N",2457510,2457540,2457163,2457438,"N","N","N","N","N"
2457530,"0000000002457530",2016-05-21,1396,6073,465,2016,6,5,21,2,2016,465,6073,"Saturday ","2016Q2","N","Y","N",2457510,2457540,2457164,2457439,"N","N","N","N","N"
2457531,"0000000002457531",2016-05-22,1396,6073,465,2016,0,5,22,2,2016,465,6073,"Sunday   ","2016Q2","N","Y","N",2457510,2457540,2457165,2457440,"N","N","N","N","N"
2457532,"0000000002457532",2016-05-23,1396,6074,465,2016,1,5,23,2,2016,465,6074,"Monday   ","2016Q2","N","N","N",2457510,2457540,2457166,2457441,"N","N","N","N","N"
2457533,"0000000002457533",2016-05-24,1396,6074,465,2016,2,5,24,2,2016,465,6074,"Tuesday  ","2016Q2","N","N","N",2457510,2457540,2457167,2457442,"N","N","N","N","N"
2457534,"0000000002457534",2016-05-25,1396,6074,465,2016,3,5,25,2,2016,465,6074,"Wednesday","2016Q2","N","N","N",2457510,2457540,2457168,2457443,"N","N","N","N","N"
2457535,"0000000002457535",2016-05-26,1396,6074,465,2016,4,5,26,2,2016,465,6074,"Thursday ","2016Q2","N","N","N",2457510,2457540,2457169,2457444,"N","N","N","N","N"
2457536,"0000000002457536",2016-05-27,1396,6074,465,2016,5,5,27,2,2016,465,6074,"Friday   ","2016Q2","N","N","N",2457510,2457540,2457170,2457445,"N","N","N","N","N"
2457537,"0000000002457537",2016-05-28,1396,6074,465,2016,6,5,28,2,2016,465,6074,"Saturday ","2016Q2","N","Y","N",2457510,2457540,2457171,2457446,"N","N","N","N","N"
2457538,"0000000002457538",2016-05-29,1396,6074,465,2016,0,5,29,2,2016,465,6074,"Sunday   ","2016Q2","N","Y","N",2457510,2457540,2457172,2457447,"N","N","N","N","N"
2457539,"0000000002457539",2016-05-30,1396,6075,465,2016,1,5,30,2,2016,465,6075,"Monday   ","2016Q2","N","N","N",2457510,2457540,2457173,2457448,"N","N","N","N","N"
2457540,"0000000002457540",2016-05-31,1396,6075,465,2016,2,5,31,2,2016,465,6075,"Tuesday  ","2016Q2","N","N","N",2457510,2457540,2457174,2457449,"N","N","N","N","N"
2457541,"0000000002457541",2016-06-01,1397,6075,465,2016,3,6,1,2,2016,465,6075,"Wednesday","2016Q2","N","N","N",2457541,2457570,2457175,2457450,"N","N","N","N","N"
2457542,"0000000002457542",2016-06-02,1397,6075,465,2016,4,6,2,2,2016,465,6075,"Thursday ","2016Q2","N","N","N",2457541,2457570,2457176,2457451,"N","N","N","N","N"
2457543,"0000000002457543",2016-06-03,1397,6075,465,2016,5,6,3,2,2016,465,6075,"Friday   ","2016Q2","N","N","N",2457541,2457570,2457177,2457452,"N","N","N","N","N"
2457544,"0000000002457544",2016-06-04,1397,6075,465,2016,6,6,4,2,2016,465,6075,"Saturday ","2016Q2","N","Y","N",2457541,2457570,2457178,2457453,"N","N","N","N","N"
2457545,"0000000002457545",2016-06-05,1397,6075,465,2016,0,6,5,2,2016,465,6075,"Sunday   ","2016Q2","N","Y","N",2457541,2457570,2457179,2457454,"N","N","N","N","N"
2457546,"0000000002457546",2016-06-06,1397,6076,465,2016,1,6,6,2,2016,465,6076,"Monday   ","2016Q2","N","N","N",2457541,2457570,2457180,2457455,"N","N","N","N","N"
2457547,"0000000002457547",2016-06-07,1397,6076,465,2016,2,6,7,2,2016,465,6076,"Tuesday  ","2016Q2","N","N","N",2457541,2457570,2457181,2457456,"N","N","N","N","N"
2457548,"0000000002457548",2016-06-08,1397,6076,465,2016,3,6,8,2,2016,465,6076,"Wednesday","2016Q2","N","N","N",2457541,2457570,2457182,2457457,"N","N","N","N","N"
2457549,"0000000002457549",2016-06-09,1397,6076,465,2016,4,6,9,2,2016,465,6076,"Thursday ","2016Q2","N","N","N",2457541,2457570,2457183,2457458,"N","N","N","N","N"
2457550,"0000000002457550",2016-06-10,1397,6076,465,2016,5,6,10,2,2016,465,6076,"Friday   ","2016Q2","N","N","N",2457541,2457570,2457184,2457459,"N","N","N","N","N"
2457551,"0000000002457551",2016-06-11,1397,6076,465,2016,6,6,11,2,2016,465,6076,"Saturday ","2016Q2","N","Y","N",2457541,2457570,2457185,2457460,"N","N","N","N","N"
2457552,"0000000002457552",2016-06-12,1397,6076,465,2016,0,6,12,2,2016,465,6076,"Sunday   ","2016Q2","N","Y","N",2457541,2457570,2457186,2457461,"N","N","N","N","N"
2457553,"0000000002457553",2016-06-13,1397,6077,465,2016,1,6,13,2,2016,465,6077,"Monday   ","2016Q2","N","N","N",2457541,2457570,2457187,2457462,"N","N","N","N","N"
2457554,"0000000002457554",2016-06-14,1397,6077,465,2016,2,6,14,2,2016,465,6077,"Tuesday  ","2016Q2","N","N","N",2457541,2457570,2457188,2457463,"N","N","N","N","N"
2457555,"0000000002457555",2016-06-15,1397,6077,465,2016,3,6,15,2,2016,465,6077,"Wednesday","2016Q2","N","N","N",2457541,2457570,2457189,2457464,"N","N","N","N","N"
2457556,"0000000002457556",2016-06-16,1397,6077,465,2016,4,6,16,2,2016,465,6077,"Thursday ","2016Q2","N","N","N",2457541,2457570,2457190,2457465,"N","N","N","N","N"
2457557,"0000000002457557",2016-06-17,1397,6077,465,2016,5,6,17,2,2016,465,6077,"Friday   ","2016Q2","N","N","N",2457541,2457570,2457191,2457466,"N","N","N","N","N"
2457558,"0000000002457558",2016-06-18,1397,6077,465,2016,6,6,18,2,2016,465,6077,"Saturday ","2016Q2","N","Y","N",2457541,2457570,2457192,2457467,"N","N","N","N","N"
2457559,"0000000002457559",2016-06-19,1397,6077,465,2016,0,6,19,2,2016,465,6077,"Sunday   ","2016Q2","N","Y","N",2457541,2457570,2457193,2457468,"N","N","N","N","N"
2457560,"0000000002457560",2016-06-20,1397,6078,465,2016,1,6,20,2,2016,465,6078,"Monday   ","2016Q2","N","N","N",2457541,2457570,2457194,2457469,"N","N","N","N","N"
2457561,"0000000002457561",2016-06-21,1397,6078,465,2016,2,6,21,2,2016,465,6078,"Tuesday  ","2016Q2","N","N","N",2457541,2457570,2457195,2457470,"N","N","N","N","N"
2457562,"0000000002457562",2016-06-22,1397,6078,465,2016,3,6,22,2,2016,465,6078,"Wednesday","2016Q2","N","N","N",2457541,2457570,2457196,2457471,"N","N","N","N","N"
2457563,"0000000002457563",2016-06-23,1397,6078,465,2016,4,6,23,2,2016,465,6078,"Thursday ","2016Q2","N","N","N",2457541,2457570,2457197,2457472,"N","N","N","N","N"
2457564,"0000000002457564",2016-06-24,1397,6078,465,2016,5,6,24,2,2016,465,6078,"Friday   ","2016Q2","N","N","N",2457541,2457570,2457198,2457473,"N","N","N","N","N"
2457565,"0000000002457565",2016-06-25,1397,6078,465,2016,6,6,25,2,2016,465,6078,"Saturday ","2016Q2","N","Y","N",2457541,2457570,2457199,2457474,"N","N","N","N","N"
2457566,"0000000002457566",2016-06-26,1397,6078,465,2016,0,6,26,2,2016,465,6078,"Sunday   ","2016Q2","N","Y","N",2457541,2457570,2457200,2457475,"N","N","N","N","N"
2457567,"0000000002457567",2016-06-27,1397,6079,465,2016,1,6,27,2,2016,465,6079,"Monday   ","2016Q2","N","N","N",2457541,2457570,2457201,2457476,"N","N","N","N","N"
2457568,"0000000002457568",2016-06-28,1397,6079,465,2016,2,6,28,2,2016,465,6079,"Tuesday  ","2016Q2","N","N","N",2457541,2457570,2457202,2457477,"N","N","N","N","N"
2457569,"0000000002457569",2016-06-29,1397,6079,465,2016,3,6,29,2,2016,465,6079,"Wednesday","2016Q2","N","N","N",2457541,2457570,2457203,2457478,"N","N","N","N","N"
2457570,"0000000002457570",2016-06-30,1397,6079,465,2016,4,6,30,2,2016,465,6079,"Thursday ","2016Q2","N","N","N",2457541,2457570,2457204,2457479,"N","N","N","N","N"
2457571,"0000000002457571",2016-07-01,1398,6079,466,2016,5,7,1,3,2016,466,6079,"Friday   ","2016Q3","N","N","N",2457571,2457601,2457205,2457480,"N","N","N","N","N"
2457572,"0000000002457572",2016-07-02,1398,6079,466,2016,6,7,2,3,2016,466,6079,"Saturday ","2016Q3","N","Y","N",2457571,2457601,2457206,2457481,"N","N","N","N","N"
2457573,"0000000002457573",2016-07-03,1398,6079,466,2016,0,7,3,3,2016,466,6079,"Sunday   ","2016Q3","N","Y","N",2457571,2457601,2457207,2457482,"N","N","N","N","N"
2457574,"0000000002457574",2016-07-04,1398,6080,466,2016,1,7,4,3,2016,466,6080,"Monday   ","2016Q3","N","N","N",2457571,2457601,2457208,2457483,"N","N","N","N","N"
2457575,"0000000002457575",2016-07-05,1398,6080,466,2016,2,7,5,3,2016,466,6080,"Tuesday  ","2016Q3","N","N","N",2457571,2457601,2457209,2457484,"N","N","N","N","N"
2457576,"0000000002457576",2016-07-06,1398,6080,466,2016,3,7,6,3,2016,466,6080,"Wednesday","2016Q3","N","N","N",2457571,2457601,2457210,2457485,"N","N","N","N","N"
2457577,"0000000002457577",2016-07-07,1398,6080,466,2016,4,7,7,3,2016,466,6080,"Thursday ","2016Q3","N","N","N",2457571,2457601,2457211,2457486,"N","N","N","N","N"
2457578,"0000000002457578",2016-07-08,1398,6080,466,2016,5,7,8,3,2016,466,6080,"Friday   ","2016Q3","N","N","N",2457571,2457601,2457212,2457487,"N","N","N","N","N"
2457579,"0000000002457579",2016-07-09,1398,6080,466,2016,6,7,9,3,2016,466,6080,"Saturday ","2016Q3","N","Y","N",2457571,2457601,2457213,2457488,"N","N","N","N","N"
2457580,"0000000002457580",2016-07-10,1398,6080,466,2016,0,7,10,3,2016,466,6080,"Sunday   ","2016Q3","N","Y","N",2457571,2457601,2457214,2457489,"N","N","N","N","N"
2457581,"0000000002457581",2016-07-11,1398,6081,466,2016,1,7,11,3,2016,466,6081,"Monday   ","2016Q3","N","N","N",2457571,2457601,2457215,2457490,"N","N","N","N","N"
2457582,"0000000002457582",2016-07-12,1398,6081,466,2016,2,7,12,3,2016,466,6081,"Tuesday  ","2016Q3","N","N","N",2457571,2457601,2457216,2457491,"N","N","N","N","N"
2457583,"0000000002457583",2016-07-13,1398,6081,466,2016,3,7,13,3,2016,466,6081,"Wednesday","2016Q3","N","N","N",2457571,2457601,2457217,2457492,"N","N","N","N","N"
2457584,"0000000002457584",2016-07-14,1398,6081,466,2016,4,7,14,3,2016,466,6081,"Thursday ","2016Q3","N","N","N",2457571,2457601,2457218,2457493,"N","N","N","N","N"
2457585,"0000000002457585",2016-07-15,1398,6081,466,2016,5,7,15,3,2016,466,6081,"Friday   ","2016Q3","N","N","N",2457571,2457601,2457219,2457494,"N","N","N","N","N"
2457586,"0000000002457586",2016-07-16,1398,6081,466,2016,6,7,16,3,2016,466,6081,"Saturday ","2016Q3","N","Y","N",2457571,2457601,2457220,2457495,"N","N","N","N","N"
2457587,"0000000002457587",2016-07-17,1398,6081,466,2016,0,7,17,3,2016,466,6081,"Sunday   ","2016Q3","N","Y","N",2457571,2457601,2457221,2457496,"N","N","N","N","N"
2457588,"0000000002457588",2016-07-18,1398,6082,466,2016,1,7,18,3,2016,466,6082,"Monday   ","2016Q3","N","N","N",2457571,2457601,2457222,2457497,"N","N","N","N","N"
2457589,"0000000002457589",2016-07-19,1398,6082,466,2016,2,7,19,3,2016,466,6082,"Tuesday  ","2016Q3","N","N","N",2457571,2457601,2457223,2457498,"N","N","N","N","N"
2457590,"0000000002457590",2016-07-20,1398,6082,466,2016,3,7,20,3,2016,466,6082,"Wednesday","2016Q3","N","N","N",2457571,2457601,2457224,2457499,"N","N","N","N","N"
2457591,"0000000002457591",2016-07-21,1398,6082,466,2016,4,7,21,3,2016,466,6082,"Thursday ","2016Q3","N","N","N",2457571,2457601,2457225,2457500,"N","N","N","N","N"
2457592,"0000000002457592",2016-07-22,1398,6082,466,2016,5,7,22,3,2016,466,6082,"Friday   ","2016Q3","N","N","N",2457571,2457601,2457226,2457501,"N","N","N","N","N"
2457593,"0000000002457593",2016-07-23,1398,6082,466,2016,6,7,23,3,2016,466,6082,"Saturday ","2016Q3","N","Y","N",2457571,2457601,2457227,2457502,"N","N","N","N","N"
2457594,"0000000002457594",2016-07-24,1398,6082,466,2016,0,7,24,3,2016,466,6082,"Sunday   ","2016Q3","N","Y","N",2457571,2457601,2457228,2457503,"N","N","N","N","N"
2457595,"0000000002457595",2016-07-25,1398,6083,466,2016,1,7,25,3,2016,466,6083,"Monday   ","2016Q3","N","N","N",2457571,2457601,2457229,2457504,"N","N","N","N","N"
2457596,"0000000002457596",2016-07-26,1398,6083,466,2016,2,7,26,3,2016,466,6083,"Tuesday  ","2016Q3","N","N","N",2457571,2457601,2457230,2457505,"N","N","N","N","N"
2457597,"0000000002457597",2016-07-27,1398,6083,466,2016,3,7,27,3,2016,466,6083,"Wednesday","2016Q3","N","N","N",2457571,2457601,2457231,2457506,"N","N","N","N","N"
2457598,"0000000002457598",2016-07-28,1398,6083,466,2016,4,7,28,3,2016,466,6083,"Thursday ","2016Q3","N","N","N",2457571,2457601,2457232,2457507,"N","N","N","N","N"
2457599,"0000000002457599",2016-07-29,1398,6083,466,2016,5,7,29,3,2016,466,6083,"Friday   ","2016Q3","N","N","N",2457571,2457601,2457233,2457508,"N","N","N","N","N"
2457600,"0000000002457600",2016-07-30,1398,6083,466,2016,6,7,30,3,2016,466,6083,"Saturday ","2016Q3","N","Y","N",2457571,2457601,2457234,2457509,"N","N","N","N","N"
2457601,"0000000002457601",2016-07-31,1398,6083,466,2016,0,7,31,3,2016,466,6083,"Sunday   ","2016Q3","N","Y","N",2457571,2457601,2457235,2457510,"N","N","N","N","N"
2457602,"0000000002457602",2016-08-01,1399,6084,466,2016,1,8,1,3,2016,466,6084,"Monday   ","2016Q3","N","N","N",2457602,2457632,2457236,2457511,"N","N","N","N","N"
2457603,"0000000002457603",2016-08-02,1399,6084,466,2016,2,8,2,3,2016,466,6084,"Tuesday  ","2016Q3","N","N","N",2457602,2457632,2457237,2457512,"N","N","N","N","N"
2457604,"0000000002457604",2016-08-03,1399,6084,466,2016,3,8,3,3,2016,466,6084,"Wednesday","2016Q3","N","N","N",2457602,2457632,2457238,2457513,"N","N","N","N","N"
2457605,"0000000002457605",2016-08-04,1399,6084,466,2016,4,8,4,3,2016,466,6084,"Thursday ","2016Q3","N","N","N",2457602,2457632,2457239,2457514,"N","N","N","N","N"
2457606,"0000000002457606",2016-08-05,1399,6084,466,2016,5,8,5,3,2016,466,6084,"Friday   ","2016Q3","N","N","N",2457602,2457632,2457240,2457515,"N","N","N","N","N"
2457607,"0000000002457607",2016-08-06,1399,6084,466,2016,6,8,6,3,2016,466,6084,"Saturday ","2016Q3","N","Y","N",2457602,2457632,2457241,2457516,"N","N","N","N","N"
2457608,"0000000002457608",2016-08-07,1399,6084,466,2016,0,8,7,3,2016,466,6084,"Sunday   ","2016Q3","N","Y","N",2457602,2457632,2457242,2457517,"N","N","N","N","N"
2457609,"0000000002457609",2016-08-08,1399,6085,466,2016,1,8,8,3,2016,466,6085,"Monday   ","2016Q3","N","N","N",2457602,2457632,2457243,2457518,"N","N","N","N","N"
2457610,"0000000002457610",2016-08-09,1399,6085,466,2016,2,8,9,3,2016,466,6085,"Tuesday  ","2016Q3","N","N","N",2457602,2457632,2457244,2457519,"N","N","N","N","N"
2457611,"0000000002457611",2016-08-10,1399,6085,466,2016,3,8,10,3,2016,466,6085,"Wednesday","2016Q3","N","N","N",2457602,2457632,2457245,2457520,"N","N","N","N","N"
2457612,"0000000002457612",2016-08-11,1399,6085,466,2016,4,8,11,3,2016,466,6085,"Thursday ","2016Q3","N","N","N",2457602,2457632,2457246,2457521,"N","N","N","N","N"
2457613,"0000000002457613",2016-08-12,1399,6085,466,2016,5,8,12,3,2016,466,6085,"Friday   ","2016Q3","N","N","N",2457602,2457632,2457247,2457522,"N","N","N","N","N"
2457614,"0000000002457614",2016-08-13,1399,6085,466,2016,6,8,13,3,2016,466,6085,"Saturday ","2016Q3","N","Y","N",2457602,2457632,2457248,2457523,"N","N","N","N","N"
2457615,"0000000002457615",2016-08-14,1399,6085,466,2016,0,8,14,3,2016,466,6085,"Sunday   ","2016Q3","N","Y","N",2457602,2457632,2457249,2457524,"N","N","N","N","N"
2457616,"0000000002457616",2016-08-15,1399,6086,466,2016,1,8,15,3,2016,466,6086,"Monday   ","2016Q3","N","N","N",2457602,2457632,2457250,2457525,"N","N","N","N","N"
2457617,"0000000002457617",2016-08-16,1399,6086,466,2016,2,8,16,3,2016,466,6086,"Tuesday  ","2016Q3","N","N","N",2457602,2457632,2457251,2457526,"N","N","N","N","N"
2457618,"0000000002457618",2016-08-17,1399,6086,466,2016,3,8,17,3,2016,466,6086,"Wednesday","2016Q3","N","N","N",2457602,2457632,2457252,2457527,"N","N","N","N","N"
2457619,"0000000002457619",2016-08-18,1399,6086,466,2016,4,8,18,3,2016,466,6086,"Thursday ","2016Q3","N","N","N",2457602,2457632,2457253,2457528,"N","N","N","N","N"
2457620,"0000000002457620",2016-08-19,1399,6086,466,2016,5,8,19,3,2016,466,6086,"Friday   ","2016Q3","N","N","N",2457602,2457632,2457254,2457529,"N","N","N","N","N"
2457621,"0000000002457621",2016-08-20,1399,6086,466,2016,6,8,20,3,2016,466,6086,"Saturday ","2016Q3","N","Y","N",2457602,2457632,2457255,2457530,"N","N","N","N","N"
2457622,"0000000002457622",2016-08-21,1399,6086,466,2016,0,8,21,3,2016,466,6086,"Sunday   ","2016Q3","N","Y","N",2457602,2457632,2457256,2457531,"N","N","N","N","N"
2457623,"0000000002457623",2016-08-22,1399,6087,466,2016,1,8,22,3,2016,466,6087,"Monday   ","2016Q3","N","N","N",2457602,2457632,2457257,2457532,"N","N","N","N","N"
2457624,"0000000002457624",2016-08-23,1399,6087,466,2016,2,8,23,3,2016,466,6087,"Tuesday  ","2016Q3","N","N","N",2457602,2457632,2457258,2457533,"N","N","N","N","N"
2457625,"0000000002457625",2016-08-24,1399,6087,466,2016,3,8,24,3,2016,466,6087,"Wednesday","2016Q3","N","N","N",2457602,2457632,2457259,2457534,"N","N","N","N","N"
2457626,"0000000002457626",2016-08-25,1399,6087,466,2016,4,8,25,3,2016,466,6087,"Thursday ","2016Q3","N","N","N",2457602,2457632,2457260,2457535,"N","N","N","N","N"
2457627,"0000000002457627",2016-08-26,1399,6087,466,2016,5,8,26,3,2016,466,6087,"Friday   ","2016Q3","N","N","N",2457602,2457632,2457261,2457536,"N","N","N","N","N"
2457628,"0000000002457628",2016-08-27,1399,6087,466,2016,6,8,27,3,2016,466,6087,"Saturday ","2016Q3","N","Y","N",2457602,2457632,2457262,2457537,"N","N","N","N","N"
2457629,"0000000002457629",2016-08-28,1399,6087,466,2016,0,8,28,3,2016,466,6087,"Sunday   ","2016Q3","N","Y","N",2457602,2457632,2457263,2457538,"N","N","N","N","N"
2457630,"0000000002457630",2016-08-29,1399,6088,466,2016,1,8,29,3,2016,466,6088,"Monday   ","2016Q3","N","N","N",2457602,2457632,2457264,2457539,"N","N","N","N","N"
2457631,"0000000002457631",2016-08-30,1399,6088,466,2016,2,8,30,3,2016,466,6088,"Tuesday  ","2016Q3","N","N","N",2457602,2457632,2457265,2457540,"N","N","N","N","N"
2457632,"0000000002457632",2016-08-31,1399,6088,466,2016,3,8,31,3,2016,466,6088,"Wednesday","2016Q3","N","N","N",2457602,2457632,2457266,2457541,"N","N","N","N","N"
2457633,"0000000002457633",2016-09-01,1400,6088,466,2016,4,9,1,3,2016,466,6088,"Thursday ","2016Q3","N","N","N",2457633,2457662,2457267,2457542,"N","N","N","N","N"
2457634,"0000000002457634",2016-09-02,1400,6088,466,2016,5,9,2,3,2016,466,6088,"Friday   ","2016Q3","N","N","N",2457633,2457662,2457268,2457543,"N","N","N","N","N"
2457635,"0000000002457635",2016-09-03,1400,6088,466,2016,6,9,3,3,2016,466,6088,"Saturday ","2016Q3","N","Y","N",2457633,2457662,2457269,2457544,"N","N","N","N","N"
2457636,"0000000002457636",2016-09-04,1400,6088,466,2016,0,9,4,3,2016,466,6088,"Sunday   ","2016Q3","N","Y","N",2457633,2457662,2457270,2457545,"N","N","N","N","N"
2457637,"0000000002457637",2016-09-05,1400,6089,466,2016,1,9,5,3,2016,466,6089,"Monday   ","2016Q3","N","N","N",2457633,2457662,2457271,2457546,"N","N","N","N","N"
2457638,"0000000002457638",2016-09-06,1400,6089,466,2016,2,9,6,3,2016,466,6089,"Tuesday  ","2016Q3","N","N","N",2457633,2457662,2457272,2457547,"N","N","N","N","N"
2457639,"0000000002457639",2016-09-07,1400,6089,466,2016,3,9,7,3,2016,466,6089,"Wednesday","2016Q3","N","N","N",2457633,2457662,2457273,2457548,"N","N","N","N","N"
2457640,"0000000002457640",2016-09-08,1400,6089,466,2016,4,9,8,3,2016,466,6089,"Thursday ","2016Q3","N","N","N",2457633,2457662,2457274,2457549,"N","N","N","N","N"
2457641,"0000000002457641",2016-09-09,1400,6089,466,2016,5,9,9,3,2016,466,6089,"Friday   ","2016Q3","N","N","N",2457633,2457662,2457275,2457550,"N","N","N","N","N"
2457642,"0000000002457642",2016-09-10,1400,6089,466,2016,6,9,10,3,2016,466,6089,"Saturday ","2016Q3","N","Y","N",2457633,2457662,2457276,2457551,"N","N","N","N","N"
2457643,"0000000002457643",2016-09-11,1400,6089,466,2016,0,9,11,3,2016,466,6089,"Sunday   ","2016Q3","N","Y","N",2457633,2457662,2457277,2457552,"N","N","N","N","N"
2457644,"0000000002457644",2016-09-12,1400,6090,466,2016,1,9,12,3,2016,466,6090,"Monday   ","2016Q3","N","N","N",2457633,2457662,2457278,2457553,"N","N","N","N","N"
2457645,"0000000002457645",2016-09-13,1400,6090,466,2016,2,9,13,3,2016,466,6090,"Tuesday  ","2016Q3","N","N","N",2457633,2457662,2457279,2457554,"N","N","N","N","N"
2457646,"0000000002457646",2016-09-14,1400,6090,466,2016,3,9,14,3,2016,466,6090,"Wednesday","2016Q3","N","N","N",2457633,2457662,2457280,2457555,"N","N","N","N","N"
2457647,"0000000002457647",2016-09-15,1400,6090,466,2016,4,9,15,3,2016,466,6090,"Thursday ","2016Q3","N","N","N",2457633,2457662,2457281,2457556,"N","N","N","N","N"
2457648,"0000000002457648",2016-09-16,1400,6090,466,2016,5,9,16,3,2016,466,6090,"Friday   ","2016Q3","N","N","N",2457633,2457662,2457282,2457557,"N","N","N","N","N"
2457649,"0000000002457649",2016-09-17,1400,6090,466,2016,6,9,17,3,2016,466,6090,"Saturday ","2016Q3","N","Y","N",2457633,2457662,2457283,2457558,"N","N","N","N","N"
2457650,"0000000002457650",2016-09-18,1400,6090,466,2016,0,9,18,3,2016,466,6090,"Sunday   ","2016Q3","N","Y","N",2457633,2457662,2457284,2457559,"N","N","N","N","N"
2457651,"0000000002457651",2016-09-19,1400,6091,466,2016,1,9,19,3,2016,466,6091,"Monday   ","2016Q3","N","N","N",2457633,2457662,2457285,2457560,"N","N","N","N","N"
2457652,"0000000002457652",2016-09-20,1400,6091,466,2016,2,9,20,3,2016,466,6091,"Tuesday  ","2016Q3","N","N","N",2457633,2457662,2457286,2457561,"N","N","N","N","N"
2457653,"0000000002457653",2016-09-21,1400,6091,466,2016,3,9,21,3,2016,466,6091,"Wednesday","2016Q3","N","N","N",2457633,2457662,2457287,2457562,"N","N","N","N","N"
2457654,"0000000002457654",2016-09-22,1400,6091,466,2016,4,9,22,3,2016,466,6091,"Thursday ","2016Q3","N","N","N",2457633,2457662,2457288,2457563,"N","N","N","N","N"
2457655,"0000000002457655",2016-09-23,1400,6091,466,2016,5,9,23,3,2016,466,6091,"Friday   ","2016Q3","N","N","N",2457633,2457662,2457289,2457564,"N","N","N","N","N"
2457656,"0000000002457656",2016-09-24,1400,6091,466,2016,6,9,24,3,2016,466,6091,"Saturday ","2016Q3","N","Y","N",2457633,2457662,2457290,2457565,"N","N","N","N","N"
2457657,"0000000002457657",2016-09-25,1400,6091,466,2016,0,9,25,3,2016,466,6091,"Sunday   ","2016Q3","N","Y","N",2457633,2457662,2457291,2457566,"N","N","N","N","N"
2457658,"0000000002457658",2016-09-26,1400,6092,466,2016,1,9,26,3,2016,466,6092,"Monday   ","2016Q3","N","N","N",2457633,2457662,2457292,2457567,"N","N","N","N","N"
2457659,"0000000002457659",2016-09-27,1400,6092,466,2016,2,9,27,3,2016,466,6092,"Tuesday  ","2016Q3","N","N","N",2457633,2457662,2457293,2457568,"N","N","N","N","N"
2457660,"0000000002457660",2016-09-28,1400,6092,466,2016,3,9,28,3,2016,466,6092,"Wednesday","2016Q3","N","N","N",2457633,2457662,2457294,2457569,"N","N","N","N","N"
2457661,"0000000002457661",2016-09-29,1400,6092,466,2016,4,9,29,3,2016,466,6092,"Thursday ","2016Q3","N","N","N",2457633,2457662,2457295,2457570,"N","N","N","N","N"
2457662,"0000000002457662",2016-09-30,1400,6092,466,2016,5,9,30,3,2016,466,6092,"Friday   ","2016Q3","N","N","N",2457633,2457662,2457296,2457571,"N","N","N","N","N"
2457663,"0000000002457663",2016-10-01,1401,6092,467,2016,6,10,1,4,2016,467,6092,"Saturday ","2016Q4","N","Y","N",2457663,2457693,2457297,2457572,"N","N","N","N","N"
2457664,"0000000002457664",2016-10-02,1401,6092,467,2016,0,10,2,4,2016,467,6092,"Sunday   ","2016Q4","N","Y","N",2457663,2457693,2457298,2457573,"N","N","N","N","N"
2457665,"0000000002457665",2016-10-03,1401,6093,467,2016,1,10,3,4,2016,467,6093,"Monday   ","2016Q4","N","N","N",2457663,2457693,2457299,2457574,"N","N","N","N","N"
2457666,"0000000002457666",2016-10-04,1401,6093,467,2016,2,10,4,4,2016,467,6093,"Tuesday  ","2016Q4","N","N","N",2457663,2457693,2457300,2457575,"N","N","N","N","N"
2457667,"0000000002457667",2016-10-05,1401,6093,467,2016,3,10,5,4,2016,467,6093,"Wednesday","2016Q4","N","N","N",2457663,2457693,2457301,2457576,"N","N","N","N","N"
2457668,"0000000002457668",2016-10-06,1401,6093,467,2016,4,10,6,4,2016,467,6093,"Thursday ","2016Q4","N","N","N",2457663,2457693,2457302,2457577,"N","N","N","N","N"
2457669,"0000000002457669",2016-10-07,1401,6093,467,2016,5,10,7,4,2016,467,6093,"Friday   ","2016Q4","N","N","N",2457663,2457693,2457303,2457578,"N","N","N","N","N"
2457670,"0000000002457670",2016-10-08,1401,6093,467,2016,6,10,8,4,2016,467,6093,"Saturday ","2016Q4","N","Y","N",2457663,2457693,2457304,2457579,"N","N","N","N","N"
2457671,"0000000002457671",2016-10-09,1401,6093,467,2016,0,10,9,4,2016,467,6093,"Sunday   ","2016Q4","N","Y","N",2457663,2457693,2457305,2457580,"N","N","N","N","N"
2457672,"0000000002457672",2016-10-10,1401,6094,467,2016,1,10,10,4,2016,467,6094,"Monday   ","2016Q4","N","N","N",2457663,2457693,2457306,2457581,"N","N","N","N","N"
2457673,"0000000002457673",2016-10-11,1401,6094,467,2016,2,10,11,4,2016,467,6094,"Tuesday  ","2016Q4","N","N","N",2457663,2457693,2457307,2457582,"N","N","N","N","N"
2457674,"0000000002457674",2016-10-12,1401,6094,467,2016,3,10,12,4,2016,467,6094,"Wednesday","2016Q4","N","N","N",2457663,2457693,2457308,2457583,"N","N","N","N","N"
2457675,"0000000002457675",2016-10-13,1401,6094,467,2016,4,10,13,4,2016,467,6094,"Thursday ","2016Q4","N","N","N",2457663,2457693,2457309,2457584,"N","N","N","N","N"
2457676,"0000000002457676",2016-10-14,1401,6094,467,2016,5,10,14,4,2016,467,6094,"Friday   ","2016Q4","N","N","N",2457663,2457693,2457310,2457585,"N","N","N","N","N"
2457677,"0000000002457677",2016-10-15,1401,6094,467,2016,6,10,15,4,2016,467,6094,"Saturday ","2016Q4","N","Y","N",2457663,2457693,2457311,2457586,"N","N","N","N","N"
2457678,"0000000002457678",2016-10-16,1401,6094,467,2016,0,10,16,4,2016,467,6094,"Sunday   ","2016Q4","N","Y","N",2457663,2457693,2457312,2457587,"N","N","N","N","N"
2457679,"0000000002457679",2016-10-17,1401,6095,467,2016,1,10,17,4,2016,467,6095,"Monday   ","2016Q4","N","N","N",2457663,2457693,2457313,2457588,"N","N","N","N","N"
2457680,"0000000002457680",2016-10-18,1401,6095,467,2016,2,10,18,4,2016,467,6095,"Tuesday  ","2016Q4","N","N","N",2457663,2457693,2457314,2457589,"N","N","N","N","N"
2457681,"0000000002457681",2016-10-19,1401,6095,467,2016,3,10,19,4,2016,467,6095,"Wednesday","2016Q4","N","N","N",2457663,2457693,2457315,2457590,"N","N","N","N","N"
2457682,"0000000002457682",2016-10-20,1401,6095,467,2016,4,10,20,4,2016,467,6095,"Thursday ","2016Q4","N","N","N",2457663,2457693,2457316,2457591,"N","N","N","N","N"
2457683,"0000000002457683",2016-10-21,1401,6095,467,2016,5,10,21,4,2016,467,6095,"Friday   ","2016Q4","N","N","N",2457663,2457693,2457317,2457592,"N","N","N","N","N"
2457684,"0000000002457684",2016-10-22,1401,6095,467,2016,6,10,22,4,2016,467,6095,"Saturday ","2016Q4","N","Y","N",2457663,2457693,2457318,2457593,"N","N","N","N","N"
2457685,"0000000002457685",2016-10-23,1401,6095,467,2016,0,10,23,4,2016,467,6095,"Sunday   ","2016Q4","N","Y","N",2457663,2457693,2457319,2457594,"N","N","N","N","N"
2457686,"0000000002457686",2016-10-24,1401,6096,467,2016,1,10,24,4,2016,467,6096,"Monday   ","2016Q4","N","N","N",2457663,2457693,2457320,2457595,"N","N","N","N","N"
2457687,"0000000002457687",2016-10-25,1401,6096,467,2016,2,10,25,4,2016,467,6096,"Tuesday  ","2016Q4","N","N","N",2457663,2457693,2457321,2457596,"N","N","N","N","N"
2457688,"0000000002457688",2016-10-26,1401,6096,467,2016,3,10,26,4,2016,467,6096,"Wednesday","2016Q4","N","N","N",2457663,2457693,2457322,2457597,"N","N","N","N","N"
2457689,"0000000002457689",2016-10-27,1401,6096,467,2016,4,10,27,4,2016,467,6096,"Thursday ","2016Q4","N","N","N",2457663,2457693,2457323,2457598,"N","N","N","N","N"
2457690,"0000000002457690",2016-10-28,1401,6096,467,2016,5,10,28,4,2016,467,6096,"Friday   ","2016Q4","N","N","N",2457663,2457693,2457324,2457599,"N","N","N","N","N"
2457691,"0000000002457691",2016-10-29,1401,6096,467,2016,6,10,29,4,2016,467,6096,"Saturday ","2016Q4","N","Y","N",2457663,2457693,2457325,2457600,"N","N","N","N","N"
2457692,"0000000002457692",2016-10-30,1401,6096,467,2016,0,10,30,4,2016,467,6096,"Sunday   ","2016Q4","N","Y","N",2457663,2457693,2457326,2457601,"N","N","N","N","N"
2457693,"0000000002457693",2016-10-31,1401,6097,467,2016,1,10,31,4,2016,467,6097,"Monday   ","2016Q4","N","N","N",2457663,2457693,2457327,2457602,"N","N","N","N","N"
2457694,"0000000002457694",2016-11-01,1402,6097,467,2016,2,11,1,4,2016,467,6097,"Tuesday  ","2016Q4","N","N","N",2457694,2457723,2457328,2457603,"N","N","N","N","N"
2457695,"0000000002457695",2016-11-02,1402,6097,467,2016,3,11,2,4,2016,467,6097,"Wednesday","2016Q4","N","N","N",2457694,2457723,2457329,2457604,"N","N","N","N","N"
2457696,"0000000002457696",2016-11-03,1402,6097,467,2016,4,11,3,4,2016,467,6097,"Thursday ","2016Q4","N","N","N",2457694,2457723,2457330,2457605,"N","N","N","N","N"
2457697,"0000000002457697",2016-11-04,1402,6097,467,2016,5,11,4,4,2016,467,6097,"Friday   ","2016Q4","N","N","N",2457694,2457723,2457331,2457606,"N","N","N","N","N"
2457698,"0000000002457698",2016-11-05,1402,6097,467,2016,6,11,5,4,2016,467,6097,"Saturday ","2016Q4","N","Y","N",2457694,2457723,2457332,2457607,"N","N","N","N","N"
2457699,"0000000002457699",2016-11-06,1402,6097,467,2016,0,11,6,4,2016,467,6097,"Sunday   ","2016Q4","N","Y","N",2457694,2457723,2457333,2457608,"N","N","N","N","N"
2457700,"0000000002457700",2016-11-07,1402,6098,467,2016,1,11,7,4,2016,467,6098,"Monday   ","2016Q4","N","N","N",2457694,2457723,2457334,2457609,"N","N","N","N","N"
2457701,"0000000002457701",2016-11-08,1402,6098,467,2016,2,11,8,4,2016,467,6098,"Tuesday  ","2016Q4","N","N","N",2457694,2457723,2457335,2457610,"N","N","N","N","N"
2457702,"0000000002457702",2016-11-09,1402,6098,467,2016,3,11,9,4,2016,467,6098,"Wednesday","2016Q4","N","N","N",2457694,2457723,2457336,2457611,"N","N","N","N","N"
2457703,"0000000002457703",2016-11-10,1402,6098,467,2016,4,11,10,4,2016,467,6098,"Thursday ","2016Q4","N","N","N",2457694,2457723,2457337,2457612,"N","N","N","N","N"
2457704,"0000000002457704",2016-11-11,1402,6098,467,2016,5,11,11,4,2016,467,6098,"Friday   ","2016Q4","N","N","N",2457694,2457723,2457338,2457613,"N","N","N","N","N"
2457705,"0000000002457705",2016-11-12,1402,6098,467,2016,6,11,12,4,2016,467,6098,"Saturday ","2016Q4","N","Y","N",2457694,2457723,2457339,2457614,"N","N","N","N","N"
2457706,"0000000002457706",2016-11-13,1402,6098,467,2016,0,11,13,4,2016,467,6098,"Sunday   ","2016Q4","N","Y","N",2457694,2457723,2457340,2457615,"N","N","N","N","N"
2457707,"0000000002457707",2016-11-14,1402,6099,467,2016,1,11,14,4,2016,467,6099,"Monday   ","2016Q4","N","N","N",2457694,2457723,2457341,2457616,"N","N","N","N","N"
2457708,"0000000002457708",2016-11-15,1402,6099,467,2016,2,11,15,4,2016,467,6099,"Tuesday  ","2016Q4","N","N","N",2457694,2457723,2457342,2457617,"N","N","N","N","N"
2457709,"0000000002457709",2016-11-16,1402,6099,467,2016,3,11,16,4,2016,467,6099,"Wednesday","2016Q4","N","N","N",2457694,2457723,2457343,2457618,"N","N","N","N","N"
2457710,"0000000002457710",2016-11-17,1402,6099,467,2016,4,11,17,4,2016,467,6099,"Thursday ","2016Q4","N","N","N",2457694,2457723,2457344,2457619,"N","N","N","N","N"
2457711,"0000000002457711",2016-11-18,1402,6099,467,2016,5,11,18,4,2016,467,6099,"Friday   ","2016Q4","N","N","N",2457694,2457723,2457345,2457620,"N","N","N","N","N"
2457712,"0000000002457712",2016-11-19,1402,6099,467,2016,6,11,19,4,2016,467,6099,"Saturday ","2016Q4","N","Y","N",2457694,2457723,2457346,2457621,"N","N","N","N","N"
2457713,"0000000002457713",2016-11-20,1402,6099,467,2016,0,11,20,4,2016,467,6099,"Sunday   ","2016Q4","N","Y","N",2457694,2457723,2457347,2457622,"N","N","N","N","N"
2457714,"0000000002457714",2016-11-21,1402,6100,467,2016,1,11,21,4,2016,467,6100,"Monday   ","2016Q4","N","N","N",2457694,2457723,2457348,2457623,"N","N","N","N","N"
2457715,"0000000002457715",2016-11-22,1402,6100,467,2016,2,11,22,4,2016,467,6100,"Tuesday  ","2016Q4","N","N","N",2457694,2457723,2457349,2457624,"N","N","N","N","N"
2457716,"0000000002457716",2016-11-23,1402,6100,467,2016,3,11,23,4,2016,467,6100,"Wednesday","2016Q4","N","N","N",2457694,2457723,2457350,2457625,"N","N","N","N","N"
2457717,"0000000002457717",2016-11-24,1402,6100,467,2016,4,11,24,4,2016,467,6100,"Thursday ","2016Q4","N","N","N",2457694,2457723,2457351,2457626,"N","N","N","N","N"
2457718,"0000000002457718",2016-11-25,1402,6100,467,2016,5,11,25,4,2016,467,6100,"Friday   ","2016Q4","N","N","N",2457694,2457723,2457352,2457627,"N","N","N","N","N"
2457719,"0000000002457719",2016-11-26,1402,6100,467,2016,6,11,26,4,2016,467,6100,"Saturday ","2016Q4","N","Y","N",2457694,2457723,2457353,2457628,"N","N","N","N","N"
2457720,"0000000002457720",2016-11-27,1402,6100,467,2016,0,11,27,4,2016,467,6100,"Sunday   ","2016Q4","N","Y","N",2457694,2457723,2457354,2457629,"N","N","N","N","N"
2457721,"0000000002457721",2016-11-28,1402,6101,467,2016,1,11,28,4,2016,467,6101,"Monday   ","2016Q4","N","N","N",2457694,2457723,2457355,2457630,"N","N","N","N","N"
2457722,"0000000002457722",2016-11-29,1402,6101,467,2016,2,11,29,4,2016,467,6101,"Tuesday  ","2016Q4","N","N","N",2457694,2457723,2457356,2457631,"N","N","N","N","N"
2457723,"0000000002457723",2016-11-30,1402,6101,467,2016,3,11,30,4,2016,467,6101,"Wednesday","2016Q4","N","N","N",2457694,2457723,2457357,2457632,"N","N","N","N","N"
2457724,"0000000002457724",2016-12-01,1403,6101,467,2016,4,12,1,4,2016,467,6101,"Thursday ","2016Q4","N","N","N",2457724,2457754,2457358,2457633,"N","N","N","N","N"
2457725,"0000000002457725",2016-12-02,1403,6101,467,2016,5,12,2,4,2016,467,6101,"Friday   ","2016Q4","N","N","N",2457724,2457754,2457359,2457634,"N","N","N","N","N"
2457726,"0000000002457726",2016-12-03,1403,6101,467,2016,6,12,3,4,2016,467,6101,"Saturday ","2016Q4","N","Y","N",2457724,2457754,2457360,2457635,"N","N","N","N","N"
2457727,"0000000002457727",2016-12-04,1403,6101,467,2016,0,12,4,4,2016,467,6101,"Sunday   ","2016Q4","N","Y","N",2457724,2457754,2457361,2457636,"N","N","N","N","N"
2457728,"0000000002457728",2016-12-05,1403,6102,467,2016,1,12,5,4,2016,467,6102,"Monday   ","2016Q4","N","N","N",2457724,2457754,2457362,2457637,"N","N","N","N","N"
2457729,"0000000002457729",2016-12-06,1403,6102,467,2016,2,12,6,4,2016,467,6102,"Tuesday  ","2016Q4","N","N","N",2457724,2457754,2457363,2457638,"N","N","N","N","N"
2457730,"0000000002457730",2016-12-07,1403,6102,467,2016,3,12,7,4,2016,467,6102,"Wednesday","2016Q4","N","N","N",2457724,2457754,2457364,2457639,"N","N","N","N","N"
2457731,"0000000002457731",2016-12-08,1403,6102,467,2016,4,12,8,4,2016,467,6102,"Thursday ","2016Q4","N","N","N",2457724,2457754,2457365,2457640,"N","N","N","N","N"
2457732,"0000000002457732",2016-12-09,1403,6102,467,2016,5,12,9,4,2016,467,6102,"Friday   ","2016Q4","N","N","N",2457724,2457754,2457366,2457641,"N","N","N","N","N"
2457733,"0000000002457733",2016-12-10,1403,6102,467,2016,6,12,10,4,2016,467,6102,"Saturday ","2016Q4","N","Y","N",2457724,2457754,2457367,2457642,"N","N","N","N","N"
2457734,"0000000002457734",2016-12-11,1403,6102,467,2016,0,12,11,4,2016,467,6102,"Sunday   ","2016Q4","N","Y","N",2457724,2457754,2457368,2457643,"N","N","N","N","N"
2457735,"0000000002457735",2016-12-12,1403,6103,467,2016,1,12,12,4,2016,467,6103,"Monday   ","2016Q4","N","N","N",2457724,2457754,2457369,2457644,"N","N","N","N","N"
2457736,"0000000002457736",2016-12-13,1403,6103,467,2016,2,12,13,4,2016,467,6103,"Tuesday  ","2016Q4","N","N","N",2457724,2457754,2457370,2457645,"N","N","N","N","N"
2457737,"0000000002457737",2016-12-14,1403,6103,467,2016,3,12,14,4,2016,467,6103,"Wednesday","2016Q4","N","N","N",2457724,2457754,2457371,2457646,"N","N","N","N","N"
2457738,"0000000002457738",2016-12-15,1403,6103,467,2016,4,12,15,4,2016,467,6103,"Thursday ","2016Q4","N","N","N",2457724,2457754,2457372,2457647,"N","N","N","N","N"
2457739,"0000000002457739",2016-12-16,1403,6103,467,2016,5,12,16,4,2016,467,6103,"Friday   ","2016Q4","N","N","N",2457724,2457754,2457373,2457648,"N","N","N","N","N"
2457740,"0000000002457740",2016-12-17,1403,6103,467,2016,6,12,17,4,2016,467,6103,"Saturday ","2016Q4","N","Y","N",2457724,2457754,2457374,2457649,"N","N","N","N","N"
2457741,"0000000002457741",2016-12-18,1403,6103,467,2016,0,12,18,4,2016,467,6103,"Sunday   ","2016Q4","N","Y","N",2457724,2457754,2457375,2457650,"N","N","N","N","N"
2457742,"0000000002457742",2016-12-19,1403,6104,467,2016,1,12,19,4,2016,467,6104,"Monday   ","2016Q4","N","N","N",2457724,2457754,2457376,2457651,"N","N","N","N","N"
2457743,"0000000002457743",2016-12-20,1403,6104,467,2016,2,12,20,4,2016,467,6104,"Tuesday  ","2016Q4","N","N","N",2457724,2457754,2457377,2457652,"N","N","N","N","N"
2457744,"0000000002457744",2016-12-21,1403,6104,467,2016,3,12,21,4,2016,467,6104,"Wednesday","2016Q4","N","N","N",2457724,2457754,2457378,2457653,"N","N","N","N","N"
2457745,"0000000002457745",2016-12-22,1403,6104,467,2016,4,12,22,4,2016,467,6104,"Thursday ","2016Q4","N","N","N",2457724,2457754,2457379,2457654,"N","N","N","N","N"
2457746,"0000000002457746",2016-12-23,1403,6104,467,2016,5,12,23,4,2016,467,6104,"Friday   ","2016Q4","N","N","N",2457724,2457754,2457380,2457655,"N","N","N","N","N"
2457747,"0000000002457747",2016-12-24,1403,6104,467,2016,6,12,24,4,2016,467,6104,"Saturday ","2016Q4","N","Y","N",2457724,2457754,2457381,2457656,"N","N","N","N","N"
2457748,"0000000002457748",2016-12-25,1403,6104,467,2016,0,12,25,4,2016,467,6104,"Sunday   ","2016Q4","N","Y","N",2457724,2457754,2457382,2457657,"N","N","N","N","N"
2457749,"0000000002457749",2016-12-26,1403,6105,467,2016,1,12,26,4,2016,467,6105,"Monday   ","2016Q4","N","N","N",2457724,2457754,2457383,2457658,"N","N","N","N","N"
2457750,"0000000002457750",2016-12-27,1403,6105,467,2016,2,12,27,4,2016,467,6105,"Tuesday  ","2016Q4","N","N","N",2457724,2457754,2457384,2457659,"N","N","N","N","N"
2457751,"0000000002457751",2016-12-28,1403,6105,467,2016,3,12,28,4,2016,467,6105,"Wednesday","2016Q4","N","N","N",2457724,2457754,2457385,2457660,"N","N","N","N","N"
2457752,"0000000002457752",2016-12-29,1403,6105,467,2016,4,12,29,4,2016,467,6105,"Thursday ","2016Q4","N","N","N",2457724,2457754,2457386,2457661,"N","N","N","N","N"
2457753,"0000000002457753",2016-12-30,1403,6105,467,2016,5,12,30,4,2016,467,6105,"Friday   ","2016Q4","N","N","N",2457724,2457754,2457387,2457662,"N","N","N","N","N"
2457754,"0000000002457754",2016-12-31,1403,6105,467,2016,6,12,31,4,2016,467,6105,"Saturday ","2016Q4","N","Y","N",2457724,2457754,2457388,2457663,"N","N","N","N","N"
2457755,"0000000002457755",2017-01-01,1404,6105,468,2017,0,1,1,1,2017,468,6105,"Sunday   ","2017Q1","N","Y","N",2457755,2457785,2457389,2457664,"N","N","N","N","N"
2457756,"0000000002457756",2017-01-02,1404,6106,468,2017,1,1,2,1,2017,468,6106,"Monday   ","2017Q1","N","N","N",2457755,2457785,2457390,2457665,"N","N","N","N","N"
2457757,"0000000002457757",2017-01-03,1404,6106,468,2017,2,1,3,1,2017,468,6106,"Tuesday  ","2017Q1","N","N","N",2457755,2457785,2457391,2457666,"N","N","N","N","N"
2457758,"0000000002457758",2017-01-04,1404,6106,468,2017,3,1,4,1,2017,468,6106,"Wednesday","2017Q1","N","N","N",2457755,2457785,2457392,2457667,"N","N","N","N","N"
2457759,"0000000002457759",2017-01-05,1404,6106,468,2017,4,1,5,1,2017,468,6106,"Thursday ","2017Q1","N","N","N",2457755,2457785,2457393,2457668,"N","N","N","N","N"
2457760,"0000000002457760",2017-01-06,1404,6106,468,2017,5,1,6,1,2017,468,6106,"Friday   ","2017Q1","N","N","N",2457755,2457785,2457394,2457669,"N","N","N","N","N"
2457761,"0000000002457761",2017-01-07,1404,6106,468,2017,6,1,7,1,2017,468,6106,"Saturday ","2017Q1","N","Y","N",2457755,2457785,2457395,2457670,"N","N","N","N","N"
2457762,"0000000002457762",2017-01-08,1404,6106,468,2017,0,1,8,1,2017,468,6106,"Sunday   ","2017Q1","N","Y","N",2457755,2457785,2457396,2457671,"N","N","N","N","N"
2457763,"0000000002457763",2017-01-09,1404,6107,468,2017,1,1,9,1,2017,468,6107,"Monday   ","2017Q1","N","N","N",2457755,2457785,2457397,2457672,"N","N","N","N","N"
2457764,"0000000002457764",2017-01-10,1404,6107,468,2017,2,1,10,1,2017,468,6107,"Tuesday  ","2017Q1","N","N","N",2457755,2457785,2457398,2457673,"N","N","N","N","N"
2457765,"0000000002457765",2017-01-11,1404,6107,468,2017,3,1,11,1,2017,468,6107,"Wednesday","2017Q1","N","N","N",2457755,2457785,2457399,2457674,"N","N","N","N","N"
2457766,"0000000002457766",2017-01-12,1404,6107,468,2017,4,1,12,1,2017,468,6107,"Thursday ","2017Q1","N","N","N",2457755,2457785,2457400,2457675,"N","N","N","N","N"
2457767,"0000000002457767",2017-01-13,1404,6107,468,2017,5,1,13,1,2017,468,6107,"Friday   ","2017Q1","N","N","N",2457755,2457785,2457401,2457676,"N","N","N","N","N"
2457768,"0000000002457768",2017-01-14,1404,6107,468,2017,6,1,14,1,2017,468,6107,"Saturday ","2017Q1","N","Y","N",2457755,2457785,2457402,2457677,"N","N","N","N","N"
2457769,"0000000002457769",2017-01-15,1404,6107,468,2017,0,1,15,1,2017,468,6107,"Sunday   ","2017Q1","N","Y","N",2457755,2457785,2457403,2457678,"N","N","N","N","N"
2457770,"0000000002457770",2017-01-16,1404,6108,468,2017,1,1,16,1,2017,468,6108,"Monday   ","2017Q1","N","N","N",2457755,2457785,2457404,2457679,"N","N","N","N","N"
2457771,"0000000002457771",2017-01-17,1404,6108,468,2017,2,1,17,1,2017,468,6108,"Tuesday  ","2017Q1","N","N","N",2457755,2457785,2457405,2457680,"N","N","N","N","N"
2457772,"0000000002457772",2017-01-18,1404,6108,468,2017,3,1,18,1,2017,468,6108,"Wednesday","2017Q1","N","N","N",2457755,2457785,2457406,2457681,"N","N","N","N","N"
2457773,"0000000002457773",2017-01-19,1404,6108,468,2017,4,1,19,1,2017,468,6108,"Thursday ","2017Q1","N","N","N",2457755,2457785,2457407,2457682,"N","N","N","N","N"
2457774,"0000000002457774",2017-01-20,1404,6108,468,2017,5,1,20,1,2017,468,6108,"Friday   ","2017Q1","N","N","N",2457755,2457785,2457408,2457683,"N","N","N","N","N"
2457775,"0000000002457775",2017-01-21,1404,6108,468,2017,6,1,21,1,2017,468,6108,"Saturday ","2017Q1","N","Y","N",2457755,2457785,2457409,2457684,"N","N","N","N","N"
2457776,"0000000002457776",2017-01-22,1404,6108,468,2017,0,1,22,1,2017,468,6108,"Sunday   ","2017Q1","N","Y","N",2457755,2457785,2457410,2457685,"N","N","N","N","N"
2457777,"0000000002457777",2017-01-23,1404,6109,468,2017,1,1,23,1,2017,468,6109,"Monday   ","2017Q1","N","N","N",2457755,2457785,2457411,2457686,"N","N","N","N","N"
2457778,"0000000002457778",2017-01-24,1404,6109,468,2017,2,1,24,1,2017,468,6109,"Tuesday  ","2017Q1","N","N","N",2457755,2457785,2457412,2457687,"N","N","N","N","N"
2457779,"0000000002457779",2017-01-25,1404,6109,468,2017,3,1,25,1,2017,468,6109,"Wednesday","2017Q1","N","N","N",2457755,2457785,2457413,2457688,"N","N","N","N","N"
2457780,"0000000002457780",2017-01-26,1404,6109,468,2017,4,1,26,1,2017,468,6109,"Thursday ","2017Q1","N","N","N",2457755,2457785,2457414,2457689,"N","N","N","N","N"
2457781,"0000000002457781",2017-01-27,1404,6109,468,2017,5,1,27,1,2017,468,6109,"Friday   ","2017Q1","N","N","N",2457755,2457785,2457415,2457690,"N","N","N","N","N"
2457782,"0000000002457782",2017-01-28,1404,6109,468,2017,6,1,28,1,2017,468,6109,"Saturday ","2017Q1","N","Y","N",2457755,2457785,2457416,2457691,"N","N","N","N","N"
2457783,"0000000002457783",2017-01-29,1404,6109,468,2017,0,1,29,1,2017,468,6109,"Sunday   ","2017Q1","N","Y","N",2457755,2457785,2457417,2457692,"N","N","N","N","N"
2457784,"0000000002457784",2017-01-30,1404,6110,468,2017,1,1,30,1,2017,468,6110,"Monday   ","2017Q1","N","N","N",2457755,2457785,2457418,2457693,"N","N","N","N","N"
2457785,"0000000002457785",2017-01-31,1404,6110,468,2017,2,1,31,1,2017,468,6110,"Tuesday  ","2017Q1","N","N","N",2457755,2457785,2457419,2457694,"N","N","N","N","N"
2457786,"0000000002457786",2017-02-01,1405,6110,468,2017,3,2,1,1,2017,468,6110,"Wednesday","2017Q1","N","N","N",2457786,2457813,2457420,2457695,"N","N","N","N","N"
2457787,"0000000002457787",2017-02-02,1405,6110,468,2017,4,2,2,1,2017,468,6110,"Thursday ","2017Q1","N","N","N",2457786,2457813,2457421,2457696,"N","N","N","N","N"
2457788,"0000000002457788",2017-02-03,1405,6110,468,2017,5,2,3,1,2017,468,6110,"Friday   ","2017Q1","N","N","N",2457786,2457813,2457422,2457697,"N","N","N","N","N"
2457789,"0000000002457789",2017-02-04,1405,6110,468,2017,6,2,4,1,2017,468,6110,"Saturday ","2017Q1","N","Y","N",2457786,2457813,2457423,2457698,"N","N","N","N","N"
2457790,"0000000002457790",2017-02-05,1405,6110,468,2017,0,2,5,1,2017,468,6110,"Sunday   ","2017Q1","N","Y","N",2457786,2457813,2457424,2457699,"N","N","N","N","N"
2457791,"0000000002457791",2017-02-06,1405,6111,468,2017,1,2,6,1,2017,468,6111,"Monday   ","2017Q1","N","N","N",2457786,2457813,2457425,2457700,"N","N","N","N","N"
2457792,"0000000002457792",2017-02-07,1405,6111,468,2017,2,2,7,1,2017,468,6111,"Tuesday  ","2017Q1","N","N","N",2457786,2457813,2457426,2457701,"N","N","N","N","N"
2457793,"0000000002457793",2017-02-08,1405,6111,468,2017,3,2,8,1,2017,468,6111,"Wednesday","2017Q1","N","N","N",2457786,2457813,2457427,2457702,"N","N","N","N","N"
2457794,"0000000002457794",2017-02-09,1405,6111,468,2017,4,2,9,1,2017,468,6111,"Thursday ","2017Q1","N","N","N",2457786,2457813,2457428,2457703,"N","N","N","N","N"
2457795,"0000000002457795",2017-02-10,1405,6111,468,2017,5,2,10,1,2017,468,6111,"Friday   ","2017Q1","N","N","N",2457786,2457813,2457429,2457704,"N","N","N","N","N"
2457796,"0000000002457796",2017-02-11,1405,6111,468,2017,6,2,11,1,2017,468,6111,"Saturday ","2017Q1","N","Y","N",2457786,2457813,2457430,2457705,"N","N","N","N","N"
2457797,"0000000002457797",2017-02-12,1405,6111,468,2017,0,2,12,1,2017,468,6111,"Sunday   ","2017Q1","N","Y","N",2457786,2457813,2457431,2457706,"N","N","N","N","N"
2457798,"0000000002457798",2017-02-13,1405,6112,468,2017,1,2,13,1,2017,468,6112,"Monday   ","2017Q1","N","N","N",2457786,2457813,2457432,2457707,"N","N","N","N","N"
2457799,"0000000002457799",2017-02-14,1405,6112,468,2017,2,2,14,1,2017,468,6112,"Tuesday  ","2017Q1","N","N","N",2457786,2457813,2457433,2457708,"N","N","N","N","N"
2457800,"0000000002457800",2017-02-15,1405,6112,468,2017,3,2,15,1,2017,468,6112,"Wednesday","2017Q1","N","N","N",2457786,2457813,2457434,2457709,"N","N","N","N","N"
2457801,"0000000002457801",2017-02-16,1405,6112,468,2017,4,2,16,1,2017,468,6112,"Thursday ","2017Q1","N","N","N",2457786,2457813,2457435,2457710,"N","N","N","N","N"
2457802,"0000000002457802",2017-02-17,1405,6112,468,2017,5,2,17,1,2017,468,6112,"Friday   ","2017Q1","N","N","N",2457786,2457813,2457436,2457711,"N","N","N","N","N"
2457803,"0000000002457803",2017-02-18,1405,6112,468,2017,6,2,18,1,2017,468,6112,"Saturday ","2017Q1","N","Y","N",2457786,2457813,2457437,2457712,"N","N","N","N","N"
2457804,"0000000002457804",2017-02-19,1405,6112,468,2017,0,2,19,1,2017,468,6112,"Sunday   ","2017Q1","N","Y","N",2457786,2457813,2457438,2457713,"N","N","N","N","N"
2457805,"0000000002457805",2017-02-20,1405,6113,468,2017,1,2,20,1,2017,468,6113,"Monday   ","2017Q1","N","N","N",2457786,2457813,2457439,2457714,"N","N","N","N","N"
2457806,"0000000002457806",2017-02-21,1405,6113,468,2017,2,2,21,1,2017,468,6113,"Tuesday  ","2017Q1","N","N","N",2457786,2457813,2457440,2457715,"N","N","N","N","N"
2457807,"0000000002457807",2017-02-22,1405,6113,468,2017,3,2,22,1,2017,468,6113,"Wednesday","2017Q1","N","N","N",2457786,2457813,2457441,2457716,"N","N","N","N","N"
2457808,"0000000002457808",2017-02-23,1405,6113,468,2017,4,2,23,1,2017,468,6113,"Thursday ","2017Q1","N","N","N",2457786,2457813,2457442,2457717,"N","N","N","N","N"
2457809,"0000000002457809",2017-02-24,1405,6113,468,2017,5,2,24,1,2017,468,6113,"Friday   ","2017Q1","N","N","N",2457786,2457813,2457443,2457718,"N","N","N","N","N"
2457810,"0000000002457810",2017-02-25,1405,6113,468,2017,6,2,25,1,2017,468,6113,"Saturday ","2017Q1","N","Y","N",2457786,2457813,2457444,2457719,"N","N","N","N","N"
2457811,"0000000002457811",2017-02-26,1405,6113,468,2017,0,2,26,1,2017,468,6113,"Sunday   ","2017Q1","N","Y","N",2457786,2457813,2457445,2457720,"N","N","N","N","N"
2457812,"0000000002457812",2017-02-27,1405,6114,468,2017,1,2,27,1,2017,468,6114,"Monday   ","2017Q1","N","N","N",2457786,2457813,2457446,2457721,"N","N","N","N","N"
2457813,"0000000002457813",2017-02-28,1405,6114,468,2017,2,2,28,1,2017,468,6114,"Tuesday  ","2017Q1","N","N","N",2457786,2457813,2457447,2457722,"N","N","N","N","N"
2457814,"0000000002457814",2017-03-01,1406,6114,468,2017,3,3,1,1,2017,468,6114,"Wednesday","2017Q1","N","N","N",2457814,2457844,2457449,2457723,"N","N","N","N","N"
2457815,"0000000002457815",2017-03-02,1406,6114,468,2017,4,3,2,1,2017,468,6114,"Thursday ","2017Q1","N","N","N",2457814,2457844,2457450,2457724,"N","N","N","N","N"
2457816,"0000000002457816",2017-03-03,1406,6114,468,2017,5,3,3,1,2017,468,6114,"Friday   ","2017Q1","N","N","N",2457814,2457844,2457451,2457725,"N","N","N","N","N"
2457817,"0000000002457817",2017-03-04,1406,6114,468,2017,6,3,4,1,2017,468,6114,"Saturday ","2017Q1","N","Y","N",2457814,2457844,2457452,2457726,"N","N","N","N","N"
2457818,"0000000002457818",2017-03-05,1406,6114,468,2017,0,3,5,1,2017,468,6114,"Sunday   ","2017Q1","N","Y","N",2457814,2457844,2457453,2457727,"N","N","N","N","N"
2457819,"0000000002457819",2017-03-06,1406,6115,468,2017,1,3,6,1,2017,468,6115,"Monday   ","2017Q1","N","N","N",2457814,2457844,2457454,2457728,"N","N","N","N","N"
2457820,"0000000002457820",2017-03-07,1406,6115,468,2017,2,3,7,1,2017,468,6115,"Tuesday  ","2017Q1","N","N","N",2457814,2457844,2457455,2457729,"N","N","N","N","N"
2457821,"0000000002457821",2017-03-08,1406,6115,468,2017,3,3,8,1,2017,468,6115,"Wednesday","2017Q1","N","N","N",2457814,2457844,2457456,2457730,"N","N","N","N","N"
2457822,"0000000002457822",2017-03-09,1406,6115,468,2017,4,3,9,1,2017,468,6115,"Thursday ","2017Q1","N","N","N",2457814,2457844,2457457,2457731,"N","N","N","N","N"
2457823,"0000000002457823",2017-03-10,1406,6115,468,2017,5,3,10,1,2017,468,6115,"Friday   ","2017Q1","N","N","N",2457814,2457844,2457458,2457732,"N","N","N","N","N"
2457824,"0000000002457824",2017-03-11,1406,6115,468,2017,6,3,11,1,2017,468,6115,"Saturday ","2017Q1","N","Y","N",2457814,2457844,2457459,2457733,"N","N","N","N","N"
2457825,"0000000002457825",2017-03-12,1406,6115,468,2017,0,3,12,1,2017,468,6115,"Sunday   ","2017Q1","N","Y","N",2457814,2457844,2457460,2457734,"N","N","N","N","N"
2457826,"0000000002457826",2017-03-13,1406,6116,468,2017,1,3,13,1,2017,468,6116,"Monday   ","2017Q1","N","N","N",2457814,2457844,2457461,2457735,"N","N","N","N","N"
2457827,"0000000002457827",2017-03-14,1406,6116,468,2017,2,3,14,1,2017,468,6116,"Tuesday  ","2017Q1","N","N","N",2457814,2457844,2457462,2457736,"N","N","N","N","N"
2457828,"0000000002457828",2017-03-15,1406,6116,468,2017,3,3,15,1,2017,468,6116,"Wednesday","2017Q1","N","N","N",2457814,2457844,2457463,2457737,"N","N","N","N","N"
2457829,"0000000002457829",2017-03-16,1406,6116,468,2017,4,3,16,1,2017,468,6116,"Thursday ","2017Q1","N","N","N",2457814,2457844,2457464,2457738,"N","N","N","N","N"
2457830,"0000000002457830",2017-03-17,1406,6116,468,2017,5,3,17,1,2017,468,6116,"Friday   ","2017Q1","N","N","N",2457814,2457844,2457465,2457739,"N","N","N","N","N"
2457831,"0000000002457831",2017-03-18,1406,6116,468,2017,6,3,18,1,2017,468,6116,"Saturday ","2017Q1","N","Y","N",2457814,2457844,2457466,2457740,"N","N","N","N","N"
2457832,"0000000002457832",2017-03-19,1406,6116,468,2017,0,3,19,1,2017,468,6116,"Sunday   ","2017Q1","N","Y","N",2457814,2457844,2457467,2457741,"N","N","N","N","N"
2457833,"0000000002457833",2017-03-20,1406,6117,468,2017,1,3,20,1,2017,468,6117,"Monday   ","2017Q1","N","N","N",2457814,2457844,2457468,2457742,"N","N","N","N","N"
2457834,"0000000002457834",2017-03-21,1406,6117,468,2017,2,3,21,1,2017,468,6117,"Tuesday  ","2017Q1","N","N","N",2457814,2457844,2457469,2457743,"N","N","N","N","N"
2457835,"0000000002457835",2017-03-22,1406,6117,468,2017,3,3,22,1,2017,468,6117,"Wednesday","2017Q1","N","N","N",2457814,2457844,2457470,2457744,"N","N","N","N","N"
2457836,"0000000002457836",2017-03-23,1406,6117,468,2017,4,3,23,1,2017,468,6117,"Thursday ","2017Q1","N","N","N",2457814,2457844,2457471,2457745,"N","N","N","N","N"
2457837,"0000000002457837",2017-03-24,1406,6117,468,2017,5,3,24,1,2017,468,6117,"Friday   ","2017Q1","N","N","N",2457814,2457844,2457472,2457746,"N","N","N","N","N"
2457838,"0000000002457838",2017-03-25,1406,6117,468,2017,6,3,25,1,2017,468,6117,"Saturday ","2017Q1","N","Y","N",2457814,2457844,2457473,2457747,"N","N","N","N","N"
2457839,"0000000002457839",2017-03-26,1406,6117,468,2017,0,3,26,1,2017,468,6117,"Sunday   ","2017Q1","N","Y","N",2457814,2457844,2457474,2457748,"N","N","N","N","N"
2457840,"0000000002457840",2017-03-27,1406,6118,468,2017,1,3,27,1,2017,468,6118,"Monday   ","2017Q1","N","N","N",2457814,2457844,2457475,2457749,"N","N","N","N","N"
2457841,"0000000002457841",2017-03-28,1406,6118,468,2017,2,3,28,1,2017,468,6118,"Tuesday  ","2017Q1","N","N","N",2457814,2457844,2457476,2457750,"N","N","N","N","N"
2457842,"0000000002457842",2017-03-29,1406,6118,468,2017,3,3,29,1,2017,468,6118,"Wednesday","2017Q1","N","N","N",2457814,2457844,2457477,2457751,"N","N","N","N","N"
2457843,"0000000002457843",2017-03-30,1406,6118,468,2017,4,3,30,1,2017,468,6118,"Thursday ","2017Q1","N","N","N",2457814,2457844,2457478,2457752,"N","N","N","N","N"
2457844,"0000000002457844",2017-03-31,1406,6118,468,2017,5,3,31,1,2017,468,6118,"Friday   ","2017Q1","N","N","N",2457814,2457844,2457479,2457753,"N","N","N","N","N"
2457845,"0000000002457845",2017-04-01,1407,6118,469,2017,6,4,1,2,2017,469,6118,"Saturday ","2017Q2","N","Y","N",2457845,2457874,2457480,2457754,"N","N","N","N","N"
2457846,"0000000002457846",2017-04-02,1407,6118,469,2017,0,4,2,2,2017,469,6118,"Sunday   ","2017Q2","N","Y","N",2457845,2457874,2457481,2457755,"N","N","N","N","N"
2457847,"0000000002457847",2017-04-03,1407,6119,469,2017,1,4,3,2,2017,469,6119,"Monday   ","2017Q2","N","N","N",2457845,2457874,2457482,2457756,"N","N","N","N","N"
2457848,"0000000002457848",2017-04-04,1407,6119,469,2017,2,4,4,2,2017,469,6119,"Tuesday  ","2017Q2","N","N","N",2457845,2457874,2457483,2457757,"N","N","N","N","N"
2457849,"0000000002457849",2017-04-05,1407,6119,469,2017,3,4,5,2,2017,469,6119,"Wednesday","2017Q2","N","N","N",2457845,2457874,2457484,2457758,"N","N","N","N","N"
2457850,"0000000002457850",2017-04-06,1407,6119,469,2017,4,4,6,2,2017,469,6119,"Thursday ","2017Q2","N","N","N",2457845,2457874,2457485,2457759,"N","N","N","N","N"
2457851,"0000000002457851",2017-04-07,1407,6119,469,2017,5,4,7,2,2017,469,6119,"Friday   ","2017Q2","N","N","N",2457845,2457874,2457486,2457760,"N","N","N","N","N"
2457852,"0000000002457852",2017-04-08,1407,6119,469,2017,6,4,8,2,2017,469,6119,"Saturday ","2017Q2","N","Y","N",2457845,2457874,2457487,2457761,"N","N","N","N","N"
2457853,"0000000002457853",2017-04-09,1407,6119,469,2017,0,4,9,2,2017,469,6119,"Sunday   ","2017Q2","N","Y","N",2457845,2457874,2457488,2457762,"N","N","N","N","N"
2457854,"0000000002457854",2017-04-10,1407,6120,469,2017,1,4,10,2,2017,469,6120,"Monday   ","2017Q2","N","N","N",2457845,2457874,2457489,2457763,"N","N","N","N","N"
2457855,"0000000002457855",2017-04-11,1407,6120,469,2017,2,4,11,2,2017,469,6120,"Tuesday  ","2017Q2","N","N","N",2457845,2457874,2457490,2457764,"N","N","N","N","N"
2457856,"0000000002457856",2017-04-12,1407,6120,469,2017,3,4,12,2,2017,469,6120,"Wednesday","2017Q2","N","N","N",2457845,2457874,2457491,2457765,"N","N","N","N","N"
2457857,"0000000002457857",2017-04-13,1407,6120,469,2017,4,4,13,2,2017,469,6120,"Thursday ","2017Q2","N","N","N",2457845,2457874,2457492,2457766,"N","N","N","N","N"
2457858,"0000000002457858",2017-04-14,1407,6120,469,2017,5,4,14,2,2017,469,6120,"Friday   ","2017Q2","N","N","N",2457845,2457874,2457493,2457767,"N","N","N","N","N"
2457859,"0000000002457859",2017-04-15,1407,6120,469,2017,6,4,15,2,2017,469,6120,"Saturday ","2017Q2","N","Y","N",2457845,2457874,2457494,2457768,"N","N","N","N","N"
2457860,"0000000002457860",2017-04-16,1407,6120,469,2017,0,4,16,2,2017,469,6120,"Sunday   ","2017Q2","N","Y","N",2457845,2457874,2457495,2457769,"N","N","N","N","N"
2457861,"0000000002457861",2017-04-17,1407,6121,469,2017,1,4,17,2,2017,469,6121,"Monday   ","2017Q2","N","N","N",2457845,2457874,2457496,2457770,"N","N","N","N","N"
2457862,"0000000002457862",2017-04-18,1407,6121,469,2017,2,4,18,2,2017,469,6121,"Tuesday  ","2017Q2","N","N","N",2457845,2457874,2457497,2457771,"N","N","N","N","N"
2457863,"0000000002457863",2017-04-19,1407,6121,469,2017,3,4,19,2,2017,469,6121,"Wednesday","2017Q2","N","N","N",2457845,2457874,2457498,2457772,"N","N","N","N","N"
2457864,"0000000002457864",2017-04-20,1407,6121,469,2017,4,4,20,2,2017,469,6121,"Thursday ","2017Q2","N","N","N",2457845,2457874,2457499,2457773,"N","N","N","N","N"
2457865,"0000000002457865",2017-04-21,1407,6121,469,2017,5,4,21,2,2017,469,6121,"Friday   ","2017Q2","N","N","N",2457845,2457874,2457500,2457774,"N","N","N","N","N"
2457866,"0000000002457866",2017-04-22,1407,6121,469,2017,6,4,22,2,2017,469,6121,"Saturday ","2017Q2","N","Y","N",2457845,2457874,2457501,2457775,"N","N","N","N","N"
2457867,"0000000002457867",2017-04-23,1407,6121,469,2017,0,4,23,2,2017,469,6121,"Sunday   ","2017Q2","N","Y","N",2457845,2457874,2457502,2457776,"N","N","N","N","N"
2457868,"0000000002457868",2017-04-24,1407,6122,469,2017,1,4,24,2,2017,469,6122,"Monday   ","2017Q2","N","N","N",2457845,2457874,2457503,2457777,"N","N","N","N","N"
2457869,"0000000002457869",2017-04-25,1407,6122,469,2017,2,4,25,2,2017,469,6122,"Tuesday  ","2017Q2","N","N","N",2457845,2457874,2457504,2457778,"N","N","N","N","N"
2457870,"0000000002457870",2017-04-26,1407,6122,469,2017,3,4,26,2,2017,469,6122,"Wednesday","2017Q2","N","N","N",2457845,2457874,2457505,2457779,"N","N","N","N","N"
2457871,"0000000002457871",2017-04-27,1407,6122,469,2017,4,4,27,2,2017,469,6122,"Thursday ","2017Q2","N","N","N",2457845,2457874,2457506,2457780,"N","N","N","N","N"
2457872,"0000000002457872",2017-04-28,1407,6122,469,2017,5,4,28,2,2017,469,6122,"Friday   ","2017Q2","N","N","N",2457845,2457874,2457507,2457781,"N","N","N","N","N"
2457873,"0000000002457873",2017-04-29,1407,6122,469,2017,6,4,29,2,2017,469,6122,"Saturday ","2017Q2","N","Y","N",2457845,2457874,2457508,2457782,"N","N","N","N","N"
2457874,"0000000002457874",2017-04-30,1407,6122,469,2017,0,4,30,2,2017,469,6122,"Sunday   ","2017Q2","N","Y","N",2457845,2457874,2457509,2457783,"N","N","N","N","N"
2457875,"0000000002457875",2017-05-01,1408,6123,469,2017,1,5,1,2,2017,469,6123,"Monday   ","2017Q2","N","N","N",2457875,2457905,2457510,2457784,"N","N","N","N","N"
2457876,"0000000002457876",2017-05-02,1408,6123,469,2017,2,5,2,2,2017,469,6123,"Tuesday  ","2017Q2","N","N","N",2457875,2457905,2457511,2457785,"N","N","N","N","N"
2457877,"0000000002457877",2017-05-03,1408,6123,469,2017,3,5,3,2,2017,469,6123,"Wednesday","2017Q2","N","N","N",2457875,2457905,2457512,2457786,"N","N","N","N","N"
2457878,"0000000002457878",2017-05-04,1408,6123,469,2017,4,5,4,2,2017,469,6123,"Thursday ","2017Q2","N","N","N",2457875,2457905,2457513,2457787,"N","N","N","N","N"
2457879,"0000000002457879",2017-05-05,1408,6123,469,2017,5,5,5,2,2017,469,6123,"Friday   ","2017Q2","N","N","N",2457875,2457905,2457514,2457788,"N","N","N","N","N"
2457880,"0000000002457880",2017-05-06,1408,6123,469,2017,6,5,6,2,2017,469,6123,"Saturday ","2017Q2","N","Y","N",2457875,2457905,2457515,2457789,"N","N","N","N","N"
2457881,"0000000002457881",2017-05-07,1408,6123,469,2017,0,5,7,2,2017,469,6123,"Sunday   ","2017Q2","N","Y","N",2457875,2457905,2457516,2457790,"N","N","N","N","N"
2457882,"0000000002457882",2017-05-08,1408,6124,469,2017,1,5,8,2,2017,469,6124,"Monday   ","2017Q2","N","N","N",2457875,2457905,2457517,2457791,"N","N","N","N","N"
2457883,"0000000002457883",2017-05-09,1408,6124,469,2017,2,5,9,2,2017,469,6124,"Tuesday  ","2017Q2","N","N","N",2457875,2457905,2457518,2457792,"N","N","N","N","N"
2457884,"0000000002457884",2017-05-10,1408,6124,469,2017,3,5,10,2,2017,469,6124,"Wednesday","2017Q2","N","N","N",2457875,2457905,2457519,2457793,"N","N","N","N","N"
2457885,"0000000002457885",2017-05-11,1408,6124,469,2017,4,5,11,2,2017,469,6124,"Thursday ","2017Q2","N","N","N",2457875,2457905,2457520,2457794,"N","N","N","N","N"
2457886,"0000000002457886",2017-05-12,1408,6124,469,2017,5,5,12,2,2017,469,6124,"Friday   ","2017Q2","N","N","N",2457875,2457905,2457521,2457795,"N","N","N","N","N"
2457887,"0000000002457887",2017-05-13,1408,6124,469,2017,6,5,13,2,2017,469,6124,"Saturday ","2017Q2","N","Y","N",2457875,2457905,2457522,2457796,"N","N","N","N","N"
2457888,"0000000002457888",2017-05-14,1408,6124,469,2017,0,5,14,2,2017,469,6124,"Sunday   ","2017Q2","N","Y","N",2457875,2457905,2457523,2457797,"N","N","N","N","N"
2457889,"0000000002457889",2017-05-15,1408,6125,469,2017,1,5,15,2,2017,469,6125,"Monday   ","2017Q2","N","N","N",2457875,2457905,2457524,2457798,"N","N","N","N","N"
2457890,"0000000002457890",2017-05-16,1408,6125,469,2017,2,5,16,2,2017,469,6125,"Tuesday  ","2017Q2","N","N","N",2457875,2457905,2457525,2457799,"N","N","N","N","N"
2457891,"0000000002457891",2017-05-17,1408,6125,469,2017,3,5,17,2,2017,469,6125,"Wednesday","2017Q2","N","N","N",2457875,2457905,2457526,2457800,"N","N","N","N","N"
2457892,"0000000002457892",2017-05-18,1408,6125,469,2017,4,5,18,2,2017,469,6125,"Thursday ","2017Q2","N","N","N",2457875,2457905,2457527,2457801,"N","N","N","N","N"
2457893,"0000000002457893",2017-05-19,1408,6125,469,2017,5,5,19,2,2017,469,6125,"Friday   ","2017Q2","N","N","N",2457875,2457905,2457528,2457802,"N","N","N","N","N"
2457894,"0000000002457894",2017-05-20,1408,6125,469,2017,6,5,20,2,2017,469,6125,"Saturday ","2017Q2","N","Y","N",2457875,2457905,2457529,2457803,"N","N","N","N","N"
2457895,"0000000002457895",2017-05-21,1408,6125,469,2017,0,5,21,2,2017,469,6125,"Sunday   ","2017Q2","N","Y","N",2457875,2457905,2457530,2457804,"N","N","N","N","N"
2457896,"0000000002457896",2017-05-22,1408,6126,469,2017,1,5,22,2,2017,469,6126,"Monday   ","2017Q2","N","N","N",2457875,2457905,2457531,2457805,"N","N","N","N","N"
2457897,"0000000002457897",2017-05-23,1408,6126,469,2017,2,5,23,2,2017,469,6126,"Tuesday  ","2017Q2","N","N","N",2457875,2457905,2457532,2457806,"N","N","N","N","N"
2457898,"0000000002457898",2017-05-24,1408,6126,469,2017,3,5,24,2,2017,469,6126,"Wednesday","2017Q2","N","N","N",2457875,2457905,2457533,2457807,"N","N","N","N","N"
2457899,"0000000002457899",2017-05-25,1408,6126,469,2017,4,5,25,2,2017,469,6126,"Thursday ","2017Q2","N","N","N",2457875,2457905,2457534,2457808,"N","N","N","N","N"
2457900,"0000000002457900",2017-05-26,1408,6126,469,2017,5,5,26,2,2017,469,6126,"Friday   ","2017Q2","N","N","N",2457875,2457905,2457535,2457809,"N","N","N","N","N"
2457901,"0000000002457901",2017-05-27,1408,6126,469,2017,6,5,27,2,2017,469,6126,"Saturday ","2017Q2","N","Y","N",2457875,2457905,2457536,2457810,"N","N","N","N","N"
2457902,"0000000002457902",2017-05-28,1408,6126,469,2017,0,5,28,2,2017,469,6126,"Sunday   ","2017Q2","N","Y","N",2457875,2457905,2457537,2457811,"N","N","N","N","N"
2457903,"0000000002457903",2017-05-29,1408,6127,469,2017,1,5,29,2,2017,469,6127,"Monday   ","2017Q2","N","N","N",2457875,2457905,2457538,2457812,"N","N","N","N","N"
2457904,"0000000002457904",2017-05-30,1408,6127,469,2017,2,5,30,2,2017,469,6127,"Tuesday  ","2017Q2","N","N","N",2457875,2457905,2457539,2457813,"N","N","N","N","N"
2457905,"0000000002457905",2017-05-31,1408,6127,469,2017,3,5,31,2,2017,469,6127,"Wednesday","2017Q2","N","N","N",2457875,2457905,2457540,2457814,"N","N","N","N","N"
2457906,"0000000002457906",2017-06-01,1409,6127,469,2017,4,6,1,2,2017,469,6127,"Thursday ","2017Q2","N","N","N",2457906,2457935,2457541,2457815,"N","N","N","N","N"
2457907,"0000000002457907",2017-06-02,1409,6127,469,2017,5,6,2,2,2017,469,6127,"Friday   ","2017Q2","N","N","N",2457906,2457935,2457542,2457816,"N","N","N","N","N"
2457908,"0000000002457908",2017-06-03,1409,6127,469,2017,6,6,3,2,2017,469,6127,"Saturday ","2017Q2","N","Y","N",2457906,2457935,2457543,2457817,"N","N","N","N","N"
2457909,"0000000002457909",2017-06-04,1409,6127,469,2017,0,6,4,2,2017,469,6127,"Sunday   ","2017Q2","N","Y","N",2457906,2457935,2457544,2457818,"N","N","N","N","N"
2457910,"0000000002457910",2017-06-05,1409,6128,469,2017,1,6,5,2,2017,469,6128,"Monday   ","2017Q2","N","N","N",2457906,2457935,2457545,2457819,"N","N","N","N","N"
2457911,"0000000002457911",2017-06-06,1409,6128,469,2017,2,6,6,2,2017,469,6128,"Tuesday  ","2017Q2","N","N","N",2457906,2457935,2457546,2457820,"N","N","N","N","N"
2457912,"0000000002457912",2017-06-07,1409,6128,469,2017,3,6,7,2,2017,469,6128,"Wednesday","2017Q2","N","N","N",2457906,2457935,2457547,2457821,"N","N","N","N","N"
2457913,"0000000002457913",2017-06-08,1409,6128,469,2017,4,6,8,2,2017,469,6128,"Thursday ","2017Q2","N","N","N",2457906,2457935,2457548,2457822,"N","N","N","N","N"
2457914,"0000000002457914",2017-06-09,1409,6128,469,2017,5,6,9,2,2017,469,6128,"Friday   ","2017Q2","N","N","N",2457906,2457935,2457549,2457823,"N","N","N","N","N"
2457915,"0000000002457915",2017-06-10,1409,6128,469,2017,6,6,10,2,2017,469,6128,"Saturday ","2017Q2","N","Y","N",2457906,2457935,2457550,2457824,"N","N","N","N","N"
2457916,"0000000002457916",2017-06-11,1409,6128,469,2017,0,6,11,2,2017,469,6128,"Sunday   ","2017Q2","N","Y","N",2457906,2457935,2457551,2457825,"N","N","N","N","N"
2457917,"0000000002457917",2017-06-12,1409,6129,469,2017,1,6,12,2,2017,469,6129,"Monday   ","2017Q2","N","N","N",2457906,2457935,2457552,2457826,"N","N","N","N","N"
2457918,"0000000002457918",2017-06-13,1409,6129,469,2017,2,6,13,2,2017,469,6129,"Tuesday  ","2017Q2","N","N","N",2457906,2457935,2457553,2457827,"N","N","N","N","N"
2457919,"0000000002457919",2017-06-14,1409,6129,469,2017,3,6,14,2,2017,469,6129,"Wednesday","2017Q2","N","N","N",2457906,2457935,2457554,2457828,"N","N","N","N","N"
2457920,"0000000002457920",2017-06-15,1409,6129,469,2017,4,6,15,2,2017,469,6129,"Thursday ","2017Q2","N","N","N",2457906,2457935,2457555,2457829,"N","N","N","N","N"
2457921,"0000000002457921",2017-06-16,1409,6129,469,2017,5,6,16,2,2017,469,6129,"Friday   ","2017Q2","N","N","N",2457906,2457935,2457556,2457830,"N","N","N","N","N"
2457922,"0000000002457922",2017-06-17,1409,6129,469,2017,6,6,17,2,2017,469,6129,"Saturday ","2017Q2","N","Y","N",2457906,2457935,2457557,2457831,"N","N","N","N","N"
2457923,"0000000002457923",2017-06-18,1409,6129,469,2017,0,6,18,2,2017,469,6129,"Sunday   ","2017Q2","N","Y","N",2457906,2457935,2457558,2457832,"N","N","N","N","N"
2457924,"0000000002457924",2017-06-19,1409,6130,469,2017,1,6,19,2,2017,469,6130,"Monday   ","2017Q2","N","N","N",2457906,2457935,2457559,2457833,"N","N","N","N","N"
2457925,"0000000002457925",2017-06-20,1409,6130,469,2017,2,6,20,2,2017,469,6130,"Tuesday  ","2017Q2","N","N","N",2457906,2457935,2457560,2457834,"N","N","N","N","N"
2457926,"0000000002457926",2017-06-21,1409,6130,469,2017,3,6,21,2,2017,469,6130,"Wednesday","2017Q2","N","N","N",2457906,2457935,2457561,2457835,"N","N","N","N","N"
2457927,"0000000002457927",2017-06-22,1409,6130,469,2017,4,6,22,2,2017,469,6130,"Thursday ","2017Q2","N","N","N",2457906,2457935,2457562,2457836,"N","N","N","N","N"
2457928,"0000000002457928",2017-06-23,1409,6130,469,2017,5,6,23,2,2017,469,6130,"Friday   ","2017Q2","N","N","N",2457906,2457935,2457563,2457837,"N","N","N","N","N"
2457929,"0000000002457929",2017-06-24,1409,6130,469,2017,6,6,24,2,2017,469,6130,"Saturday ","2017Q2","N","Y","N",2457906,2457935,2457564,2457838,"N","N","N","N","N"
2457930,"0000000002457930",2017-06-25,1409,6130,469,2017,0,6,25,2,2017,469,6130,"Sunday   ","2017Q2","N","Y","N",2457906,2457935,2457565,2457839,"N","N","N","N","N"
2457931,"0000000002457931",2017-06-26,1409,6131,469,2017,1,6,26,2,2017,469,6131,"Monday   ","2017Q2","N","N","N",2457906,2457935,2457566,2457840,"N","N","N","N","N"
2457932,"0000000002457932",2017-06-27,1409,6131,469,2017,2,6,27,2,2017,469,6131,"Tuesday  ","2017Q2","N","N","N",2457906,2457935,2457567,2457841,"N","N","N","N","N"
2457933,"0000000002457933",2017-06-28,1409,6131,469,2017,3,6,28,2,2017,469,6131,"Wednesday","2017Q2","N","N","N",2457906,2457935,2457568,2457842,"N","N","N","N","N"
2457934,"0000000002457934",2017-06-29,1409,6131,469,2017,4,6,29,2,2017,469,6131,"Thursday ","2017Q2","N","N","N",2457906,2457935,2457569,2457843,"N","N","N","N","N"
2457935,"0000000002457935",2017-06-30,1409,6131,469,2017,5,6,30,2,2017,469,6131,"Friday   ","2017Q2","N","N","N",2457906,2457935,2457570,2457844,"N","N","N","N","N"
2457936,"0000000002457936",2017-07-01,1410,6131,470,2017,6,7,1,3,2017,470,6131,"Saturday ","2017Q3","N","Y","N",2457936,2457966,2457571,2457845,"N","N","N","N","N"
2457937,"0000000002457937",2017-07-02,1410,6131,470,2017,0,7,2,3,2017,470,6131,"Sunday   ","2017Q3","N","Y","N",2457936,2457966,2457572,2457846,"N","N","N","N","N"
2457938,"0000000002457938",2017-07-03,1410,6132,470,2017,1,7,3,3,2017,470,6132,"Monday   ","2017Q3","N","N","N",2457936,2457966,2457573,2457847,"N","N","N","N","N"
2457939,"0000000002457939",2017-07-04,1410,6132,470,2017,2,7,4,3,2017,470,6132,"Tuesday  ","2017Q3","N","N","N",2457936,2457966,2457574,2457848,"N","N","N","N","N"
2457940,"0000000002457940",2017-07-05,1410,6132,470,2017,3,7,5,3,2017,470,6132,"Wednesday","2017Q3","N","N","N",2457936,2457966,2457575,2457849,"N","N","N","N","N"
2457941,"0000000002457941",2017-07-06,1410,6132,470,2017,4,7,6,3,2017,470,6132,"Thursday ","2017Q3","N","N","N",2457936,2457966,2457576,2457850,"N","N","N","N","N"
2457942,"0000000002457942",2017-07-07,1410,6132,470,2017,5,7,7,3,2017,470,6132,"Friday   ","2017Q3","N","N","N",2457936,2457966,2457577,2457851,"N","N","N","N","N"
2457943,"0000000002457943",2017-07-08,1410,6132,470,2017,6,7,8,3,2017,470,6132,"Saturday ","2017Q3","N","Y","N",2457936,2457966,2457578,2457852,"N","N","N","N","N"
2457944,"0000000002457944",2017-07-09,1410,6132,470,2017,0,7,9,3,2017,470,6132,"Sunday   ","2017Q3","N","Y","N",2457936,2457966,2457579,2457853,"N","N","N","N","N"
2457945,"0000000002457945",2017-07-10,1410,6133,470,2017,1,7,10,3,2017,470,6133,"Monday   ","2017Q3","N","N","N",2457936,2457966,2457580,2457854,"N","N","N","N","N"
2457946,"0000000002457946",2017-07-11,1410,6133,470,2017,2,7,11,3,2017,470,6133,"Tuesday  ","2017Q3","N","N","N",2457936,2457966,2457581,2457855,"N","N","N","N","N"
2457947,"0000000002457947",2017-07-12,1410,6133,470,2017,3,7,12,3,2017,470,6133,"Wednesday","2017Q3","N","N","N",2457936,2457966,2457582,2457856,"N","N","N","N","N"
2457948,"0000000002457948",2017-07-13,1410,6133,470,2017,4,7,13,3,2017,470,6133,"Thursday ","2017Q3","N","N","N",2457936,2457966,2457583,2457857,"N","N","N","N","N"
2457949,"0000000002457949",2017-07-14,1410,6133,470,2017,5,7,14,3,2017,470,6133,"Friday   ","2017Q3","N","N","N",2457936,2457966,2457584,2457858,"N","N","N","N","N"
2457950,"0000000002457950",2017-07-15,1410,6133,470,2017,6,7,15,3,2017,470,6133,"Saturday ","2017Q3","N","Y","N",2457936,2457966,2457585,2457859,"N","N","N","N","N"
2457951,"0000000002457951",2017-07-16,1410,6133,470,2017,0,7,16,3,2017,470,6133,"Sunday   ","2017Q3","N","Y","N",2457936,2457966,2457586,2457860,"N","N","N","N","N"
2457952,"0000000002457952",2017-07-17,1410,6134,470,2017,1,7,17,3,2017,470,6134,"Monday   ","2017Q3","N","N","N",2457936,2457966,2457587,2457861,"N","N","N","N","N"
2457953,"0000000002457953",2017-07-18,1410,6134,470,2017,2,7,18,3,2017,470,6134,"Tuesday  ","2017Q3","N","N","N",2457936,2457966,2457588,2457862,"N","N","N","N","N"
2457954,"0000000002457954",2017-07-19,1410,6134,470,2017,3,7,19,3,2017,470,6134,"Wednesday","2017Q3","N","N","N",2457936,2457966,2457589,2457863,"N","N","N","N","N"
2457955,"0000000002457955",2017-07-20,1410,6134,470,2017,4,7,20,3,2017,470,6134,"Thursday ","2017Q3","N","N","N",2457936,2457966,2457590,2457864,"N","N","N","N","N"
2457956,"0000000002457956",2017-07-21,1410,6134,470,2017,5,7,21,3,2017,470,6134,"Friday   ","2017Q3","N","N","N",2457936,2457966,2457591,2457865,"N","N","N","N","N"
2457957,"0000000002457957",2017-07-22,1410,6134,470,2017,6,7,22,3,2017,470,6134,"Saturday ","2017Q3","N","Y","N",2457936,2457966,2457592,2457866,"N","N","N","N","N"
2457958,"0000000002457958",2017-07-23,1410,6134,470,2017,0,7,23,3,2017,470,6134,"Sunday   ","2017Q3","N","Y","N",2457936,2457966,2457593,2457867,"N","N","N","N","N"
2457959,"0000000002457959",2017-07-24,1410,6135,470,2017,1,7,24,3,2017,470,6135,"Monday   ","2017Q3","N","N","N",2457936,2457966,2457594,2457868,"N","N","N","N","N"
2457960,"0000000002457960",2017-07-25,1410,6135,470,2017,2,7,25,3,2017,470,6135,"Tuesday  ","2017Q3","N","N","N",2457936,2457966,2457595,2457869,"N","N","N","N","N"
2457961,"0000000002457961",2017-07-26,1410,6135,470,2017,3,7,26,3,2017,470,6135,"Wednesday","2017Q3","N","N","N",2457936,2457966,2457596,2457870,"N","N","N","N","N"
2457962,"0000000002457962",2017-07-27,1410,6135,470,2017,4,7,27,3,2017,470,6135,"Thursday ","2017Q3","N","N","N",2457936,2457966,2457597,2457871,"N","N","N","N","N"
2457963,"0000000002457963",2017-07-28,1410,6135,470,2017,5,7,28,3,2017,470,6135,"Friday   ","2017Q3","N","N","N",2457936,2457966,2457598,2457872,"N","N","N","N","N"
2457964,"0000000002457964",2017-07-29,1410,6135,470,2017,6,7,29,3,2017,470,6135,"Saturday ","2017Q3","N","Y","N",2457936,2457966,2457599,2457873,"N","N","N","N","N"
2457965,"0000000002457965",2017-07-30,1410,6135,470,2017,0,7,30,3,2017,470,6135,"Sunday   ","2017Q3","N","Y","N",2457936,2457966,2457600,2457874,"N","N","N","N","N"
2457966,"0000000002457966",2017-07-31,1410,6136,470,2017,1,7,31,3,2017,470,6136,"Monday   ","2017Q3","N","N","N",2457936,2457966,2457601,2457875,"N","N","N","N","N"
2457967,"0000000002457967",2017-08-01,1411,6136,470,2017,2,8,1,3,2017,470,6136,"Tuesday  ","2017Q3","N","N","N",2457967,2457997,2457602,2457876,"N","N","N","N","N"
2457968,"0000000002457968",2017-08-02,1411,6136,470,2017,3,8,2,3,2017,470,6136,"Wednesday","2017Q3","N","N","N",2457967,2457997,2457603,2457877,"N","N","N","N","N"
2457969,"0000000002457969",2017-08-03,1411,6136,470,2017,4,8,3,3,2017,470,6136,"Thursday ","2017Q3","N","N","N",2457967,2457997,2457604,2457878,"N","N","N","N","N"
2457970,"0000000002457970",2017-08-04,1411,6136,470,2017,5,8,4,3,2017,470,6136,"Friday   ","2017Q3","N","N","N",2457967,2457997,2457605,2457879,"N","N","N","N","N"
2457971,"0000000002457971",2017-08-05,1411,6136,470,2017,6,8,5,3,2017,470,6136,"Saturday ","2017Q3","N","Y","N",2457967,2457997,2457606,2457880,"N","N","N","N","N"
2457972,"0000000002457972",2017-08-06,1411,6136,470,2017,0,8,6,3,2017,470,6136,"Sunday   ","2017Q3","N","Y","N",2457967,2457997,2457607,2457881,"N","N","N","N","N"
2457973,"0000000002457973",2017-08-07,1411,6137,470,2017,1,8,7,3,2017,470,6137,"Monday   ","2017Q3","N","N","N",2457967,2457997,2457608,2457882,"N","N","N","N","N"
2457974,"0000000002457974",2017-08-08,1411,6137,470,2017,2,8,8,3,2017,470,6137,"Tuesday  ","2017Q3","N","N","N",2457967,2457997,2457609,2457883,"N","N","N","N","N"
2457975,"0000000002457975",2017-08-09,1411,6137,470,2017,3,8,9,3,2017,470,6137,"Wednesday","2017Q3","N","N","N",2457967,2457997,2457610,2457884,"N","N","N","N","N"
2457976,"0000000002457976",2017-08-10,1411,6137,470,2017,4,8,10,3,2017,470,6137,"Thursday ","2017Q3","N","N","N",2457967,2457997,2457611,2457885,"N","N","N","N","N"
2457977,"0000000002457977",2017-08-11,1411,6137,470,2017,5,8,11,3,2017,470,6137,"Friday   ","2017Q3","N","N","N",2457967,2457997,2457612,2457886,"N","N","N","N","N"
2457978,"0000000002457978",2017-08-12,1411,6137,470,2017,6,8,12,3,2017,470,6137,"Saturday ","2017Q3","N","Y","N",2457967,2457997,2457613,2457887,"N","N","N","N","N"
2457979,"0000000002457979",2017-08-13,1411,6137,470,2017,0,8,13,3,2017,470,6137,"Sunday   ","2017Q3","N","Y","N",2457967,2457997,2457614,2457888,"N","N","N","N","N"
2457980,"0000000002457980",2017-08-14,1411,6138,470,2017,1,8,14,3,2017,470,6138,"Monday   ","2017Q3","N","N","N",2457967,2457997,2457615,2457889,"N","N","N","N","N"
2457981,"0000000002457981",2017-08-15,1411,6138,470,2017,2,8,15,3,2017,470,6138,"Tuesday  ","2017Q3","N","N","N",2457967,2457997,2457616,2457890,"N","N","N","N","N"
2457982,"0000000002457982",2017-08-16,1411,6138,470,2017,3,8,16,3,2017,470,6138,"Wednesday","2017Q3","N","N","N",2457967,2457997,2457617,2457891,"N","N","N","N","N"
2457983,"0000000002457983",2017-08-17,1411,6138,470,2017,4,8,17,3,2017,470,6138,"Thursday ","2017Q3","N","N","N",2457967,2457997,2457618,2457892,"N","N","N","N","N"
2457984,"0000000002457984",2017-08-18,1411,6138,470,2017,5,8,18,3,2017,470,6138,"Friday   ","2017Q3","N","N","N",2457967,2457997,2457619,2457893,"N","N","N","N","N"
2457985,"0000000002457985",2017-08-19,1411,6138,470,2017,6,8,19,3,2017,470,6138,"Saturday ","2017Q3","N","Y","N",2457967,2457997,2457620,2457894,"N","N","N","N","N"
2457986,"0000000002457986",2017-08-20,1411,6138,470,2017,0,8,20,3,2017,470,6138,"Sunday   ","2017Q3","N","Y","N",2457967,2457997,2457621,2457895,"N","N","N","N","N"
2457987,"0000000002457987",2017-08-21,1411,6139,470,2017,1,8,21,3,2017,470,6139,"Monday   ","2017Q3","N","N","N",2457967,2457997,2457622,2457896,"N","N","N","N","N"
2457988,"0000000002457988",2017-08-22,1411,6139,470,2017,2,8,22,3,2017,470,6139,"Tuesday  ","2017Q3","N","N","N",2457967,2457997,2457623,2457897,"N","N","N","N","N"
2457989,"0000000002457989",2017-08-23,1411,6139,470,2017,3,8,23,3,2017,470,6139,"Wednesday","2017Q3","N","N","N",2457967,2457997,2457624,2457898,"N","N","N","N","N"
2457990,"0000000002457990",2017-08-24,1411,6139,470,2017,4,8,24,3,2017,470,6139,"Thursday ","2017Q3","N","N","N",2457967,2457997,2457625,2457899,"N","N","N","N","N"
2457991,"0000000002457991",2017-08-25,1411,6139,470,2017,5,8,25,3,2017,470,6139,"Friday   ","2017Q3","N","N","N",2457967,2457997,2457626,2457900,"N","N","N","N","N"
2457992,"0000000002457992",2017-08-26,1411,6139,470,2017,6,8,26,3,2017,470,6139,"Saturday ","2017Q3","N","Y","N",2457967,2457997,2457627,2457901,"N","N","N","N","N"
2457993,"0000000002457993",2017-08-27,1411,6139,470,2017,0,8,27,3,2017,470,6139,"Sunday   ","2017Q3","N","Y","N",2457967,2457997,2457628,2457902,"N","N","N","N","N"
2457994,"0000000002457994",2017-08-28,1411,6140,470,2017,1,8,28,3,2017,470,6140,"Monday   ","2017Q3","N","N","N",2457967,2457997,2457629,2457903,"N","N","N","N","N"
2457995,"0000000002457995",2017-08-29,1411,6140,470,2017,2,8,29,3,2017,470,6140,"Tuesday  ","2017Q3","N","N","N",2457967,2457997,2457630,2457904,"N","N","N","N","N"
2457996,"0000000002457996",2017-08-30,1411,6140,470,2017,3,8,30,3,2017,470,6140,"Wednesday","2017Q3","N","N","N",2457967,2457997,2457631,2457905,"N","N","N","N","N"
2457997,"0000000002457997",2017-08-31,1411,6140,470,2017,4,8,31,3,2017,470,6140,"Thursday ","2017Q3","N","N","N",2457967,2457997,2457632,2457906,"N","N","N","N","N"
2457998,"0000000002457998",2017-09-01,1412,6140,470,2017,5,9,1,3,2017,470,6140,"Friday   ","2017Q3","N","N","N",2457998,2458027,2457633,2457907,"N","N","N","N","N"
2457999,"0000000002457999",2017-09-02,1412,6140,470,2017,6,9,2,3,2017,470,6140,"Saturday ","2017Q3","N","Y","N",2457998,2458027,2457634,2457908,"N","N","N","N","N"
2458000,"0000000002458000",2017-09-03,1412,6140,470,2017,0,9,3,3,2017,470,6140,"Sunday   ","2017Q3","N","Y","N",2457998,2458027,2457635,2457909,"N","N","N","N","N"
2458001,"0000000002458001",2017-09-04,1412,6141,470,2017,1,9,4,3,2017,470,6141,"Monday   ","2017Q3","N","N","N",2457998,2458027,2457636,2457910,"N","N","N","N","N"
2458002,"0000000002458002",2017-09-05,1412,6141,470,2017,2,9,5,3,2017,470,6141,"Tuesday  ","2017Q3","N","N","N",2457998,2458027,2457637,2457911,"N","N","N","N","N"
2458003,"0000000002458003",2017-09-06,1412,6141,470,2017,3,9,6,3,2017,470,6141,"Wednesday","2017Q3","N","N","N",2457998,2458027,2457638,2457912,"N","N","N","N","N"
2458004,"0000000002458004",2017-09-07,1412,6141,470,2017,4,9,7,3,2017,470,6141,"Thursday ","2017Q3","N","N","N",2457998,2458027,2457639,2457913,"N","N","N","N","N"
2458005,"0000000002458005",2017-09-08,1412,6141,470,2017,5,9,8,3,2017,470,6141,"Friday   ","2017Q3","N","N","N",2457998,2458027,2457640,2457914,"N","N","N","N","N"
2458006,"0000000002458006",2017-09-09,1412,6141,470,2017,6,9,9,3,2017,470,6141,"Saturday ","2017Q3","N","Y","N",2457998,2458027,2457641,2457915,"N","N","N","N","N"
2458007,"0000000002458007",2017-09-10,1412,6141,470,2017,0,9,10,3,2017,470,6141,"Sunday   ","2017Q3","N","Y","N",2457998,2458027,2457642,2457916,"N","N","N","N","N"
2458008,"0000000002458008",2017-09-11,1412,6142,470,2017,1,9,11,3,2017,470,6142,"Monday   ","2017Q3","N","N","N",2457998,2458027,2457643,2457917,"N","N","N","N","N"
2458009,"0000000002458009",2017-09-12,1412,6142,470,2017,2,9,12,3,2017,470,6142,"Tuesday  ","2017Q3","N","N","N",2457998,2458027,2457644,2457918,"N","N","N","N","N"
2458010,"0000000002458010",2017-09-13,1412,6142,470,2017,3,9,13,3,2017,470,6142,"Wednesday","2017Q3","N","N","N",2457998,2458027,2457645,2457919,"N","N","N","N","N"
2458011,"0000000002458011",2017-09-14,1412,6142,470,2017,4,9,14,3,2017,470,6142,"Thursday ","2017Q3","N","N","N",2457998,2458027,2457646,2457920,"N","N","N","N","N"
2458012,"0000000002458012",2017-09-15,1412,6142,470,2017,5,9,15,3,2017,470,6142,"Friday   ","2017Q3","N","N","N",2457998,2458027,2457647,2457921,"N","N","N","N","N"
2458013,"0000000002458013",2017-09-16,1412,6142,470,2017,6,9,16,3,2017,470,6142,"Saturday ","2017Q3","N","Y","N",2457998,2458027,2457648,2457922,"N","N","N","N","N"
2458014,"0000000002458014",2017-09-17,1412,6142,470,2017,0,9,17,3,2017,470,6142,"Sunday   ","2017Q3","N","Y","N",2457998,2458027,2457649,2457923,"N","N","N","N","N"
2458015,"0000000002458015",2017-09-18,1412,6143,470,2017,1,9,18,3,2017,470,6143,"Monday   ","2017Q3","N","N","N",2457998,2458027,2457650,2457924,"N","N","N","N","N"
2458016,"0000000002458016",2017-09-19,1412,6143,470,2017,2,9,19,3,2017,470,6143,"Tuesday  ","2017Q3","N","N","N",2457998,2458027,2457651,2457925,"N","N","N","N","N"
2458017,"0000000002458017",2017-09-20,1412,6143,470,2017,3,9,20,3,2017,470,6143,"Wednesday","2017Q3","N","N","N",2457998,2458027,2457652,2457926,"N","N","N","N","N"
2458018,"0000000002458018",2017-09-21,1412,6143,470,2017,4,9,21,3,2017,470,6143,"Thursday ","2017Q3","N","N","N",2457998,2458027,2457653,2457927,"N","N","N","N","N"
2458019,"0000000002458019",2017-09-22,1412,6143,470,2017,5,9,22,3,2017,470,6143,"Friday   ","2017Q3","N","N","N",2457998,2458027,2457654,2457928,"N","N","N","N","N"
2458020,"0000000002458020",2017-09-23,1412,6143,470,2017,6,9,23,3,2017,470,6143,"Saturday ","2017Q3","N","Y","N",2457998,2458027,2457655,2457929,"N","N","N","N","N"
2458021,"0000000002458021",2017-09-24,1412,6143,470,2017,0,9,24,3,2017,470,6143,"Sunday   ","2017Q3","N","Y","N",2457998,2458027,2457656,2457930,"N","N","N","N","N"
2458022,"0000000002458022",2017-09-25,1412,6144,470,2017,1,9,25,3,2017,470,6144,"Monday   ","2017Q3","N","N","N",2457998,2458027,2457657,2457931,"N","N","N","N","N"
2458023,"0000000002458023",2017-09-26,1412,6144,470,2017,2,9,26,3,2017,470,6144,"Tuesday  ","2017Q3","N","N","N",2457998,2458027,2457658,2457932,"N","N","N","N","N"
2458024,"0000000002458024",2017-09-27,1412,6144,470,2017,3,9,27,3,2017,470,6144,"Wednesday","2017Q3","N","N","N",2457998,2458027,2457659,2457933,"N","N","N","N","N"
2458025,"0000000002458025",2017-09-28,1412,6144,470,2017,4,9,28,3,2017,470,6144,"Thursday ","2017Q3","N","N","N",2457998,2458027,2457660,2457934,"N","N","N","N","N"
2458026,"0000000002458026",2017-09-29,1412,6144,470,2017,5,9,29,3,2017,470,6144,"Friday   ","2017Q3","N","N","N",2457998,2458027,2457661,2457935,"N","N","N","N","N"
2458027,"0000000002458027",2017-09-30,1412,6144,470,2017,6,9,30,3,2017,470,6144,"Saturday ","2017Q3","N","Y","N",2457998,2458027,2457662,2457936,"N","N","N","N","N"
2458028,"0000000002458028",2017-10-01,1413,6144,471,2017,0,10,1,4,2017,471,6144,"Sunday   ","2017Q4","N","Y","N",2458028,2458058,2457663,2457937,"N","N","N","N","N"
2458029,"0000000002458029",2017-10-02,1413,6145,471,2017,1,10,2,4,2017,471,6145,"Monday   ","2017Q4","N","N","N",2458028,2458058,2457664,2457938,"N","N","N","N","N"
2458030,"0000000002458030",2017-10-03,1413,6145,471,2017,2,10,3,4,2017,471,6145,"Tuesday  ","2017Q4","N","N","N",2458028,2458058,2457665,2457939,"N","N","N","N","N"
2458031,"0000000002458031",2017-10-04,1413,6145,471,2017,3,10,4,4,2017,471,6145,"Wednesday","2017Q4","N","N","N",2458028,2458058,2457666,2457940,"N","N","N","N","N"
2458032,"0000000002458032",2017-10-05,1413,6145,471,2017,4,10,5,4,2017,471,6145,"Thursday ","2017Q4","N","N","N",2458028,2458058,2457667,2457941,"N","N","N","N","N"
2458033,"0000000002458033",2017-10-06,1413,6145,471,2017,5,10,6,4,2017,471,6145,"Friday   ","2017Q4","N","N","N",2458028,2458058,2457668,2457942,"N","N","N","N","N"
2458034,"0000000002458034",2017-10-07,1413,6145,471,2017,6,10,7,4,2017,471,6145,"Saturday ","2017Q4","N","Y","N",2458028,2458058,2457669,2457943,"N","N","N","N","N"
2458035,"0000000002458035",2017-10-08,1413,6145,471,2017,0,10,8,4,2017,471,6145,"Sunday   ","2017Q4","N","Y","N",2458028,2458058,2457670,2457944,"N","N","N","N","N"
2458036,"0000000002458036",2017-10-09,1413,6146,471,2017,1,10,9,4,2017,471,6146,"Monday   ","2017Q4","N","N","N",2458028,2458058,2457671,2457945,"N","N","N","N","N"
2458037,"0000000002458037",2017-10-10,1413,6146,471,2017,2,10,10,4,2017,471,6146,"Tuesday  ","2017Q4","N","N","N",2458028,2458058,2457672,2457946,"N","N","N","N","N"
2458038,"0000000002458038",2017-10-11,1413,6146,471,2017,3,10,11,4,2017,471,6146,"Wednesday","2017Q4","N","N","N",2458028,2458058,2457673,2457947,"N","N","N","N","N"
2458039,"0000000002458039",2017-10-12,1413,6146,471,2017,4,10,12,4,2017,471,6146,"Thursday ","2017Q4","N","N","N",2458028,2458058,2457674,2457948,"N","N","N","N","N"
2458040,"0000000002458040",2017-10-13,1413,6146,471,2017,5,10,13,4,2017,471,6146,"Friday   ","2017Q4","N","N","N",2458028,2458058,2457675,2457949,"N","N","N","N","N"
2458041,"0000000002458041",2017-10-14,1413,6146,471,2017,6,10,14,4,2017,471,6146,"Saturday ","2017Q4","N","Y","N",2458028,2458058,2457676,2457950,"N","N","N","N","N"
2458042,"0000000002458042",2017-10-15,1413,6146,471,2017,0,10,15,4,2017,471,6146,"Sunday   ","2017Q4","N","Y","N",2458028,2458058,2457677,2457951,"N","N","N","N","N"
2458043,"0000000002458043",2017-10-16,1413,6147,471,2017,1,10,16,4,2017,471,6147,"Monday   ","2017Q4","N","N","N",2458028,2458058,2457678,2457952,"N","N","N","N","N"
2458044,"0000000002458044",2017-10-17,1413,6147,471,2017,2,10,17,4,2017,471,6147,"Tuesday  ","2017Q4","N","N","N",2458028,2458058,2457679,2457953,"N","N","N","N","N"
2458045,"0000000002458045",2017-10-18,1413,6147,471,2017,3,10,18,4,2017,471,6147,"Wednesday","2017Q4","N","N","N",2458028,2458058,2457680,2457954,"N","N","N","N","N"
2458046,"0000000002458046",2017-10-19,1413,6147,471,2017,4,10,19,4,2017,471,6147,"Thursday ","2017Q4","N","N","N",2458028,2458058,2457681,2457955,"N","N","N","N","N"
2458047,"0000000002458047",2017-10-20,1413,6147,471,2017,5,10,20,4,2017,471,6147,"Friday   ","2017Q4","N","N","N",2458028,2458058,2457682,2457956,"N","N","N","N","N"
2458048,"0000000002458048",2017-10-21,1413,6147,471,2017,6,10,21,4,2017,471,6147,"Saturday ","2017Q4","N","Y","N",2458028,2458058,2457683,2457957,"N","N","N","N","N"
2458049,"0000000002458049",2017-10-22,1413,6147,471,2017,0,10,22,4,2017,471,6147,"Sunday   ","2017Q4","N","Y","N",2458028,2458058,2457684,2457958,"N","N","N","N","N"
2458050,"0000000002458050",2017-10-23,1413,6148,471,2017,1,10,23,4,2017,471,6148,"Monday   ","2017Q4","N","N","N",2458028,2458058,2457685,2457959,"N","N","N","N","N"
2458051,"0000000002458051",2017-10-24,1413,6148,471,2017,2,10,24,4,2017,471,6148,"Tuesday  ","2017Q4","N","N","N",2458028,2458058,2457686,2457960,"N","N","N","N","N"
2458052,"0000000002458052",2017-10-25,1413,6148,471,2017,3,10,25,4,2017,471,6148,"Wednesday","2017Q4","N","N","N",2458028,2458058,2457687,2457961,"N","N","N","N","N"
2458053,"0000000002458053",2017-10-26,1413,6148,471,2017,4,10,26,4,2017,471,6148,"Thursday ","2017Q4","N","N","N",2458028,2458058,2457688,2457962,"N","N","N","N","N"
2458054,"0000000002458054",2017-10-27,1413,6148,471,2017,5,10,27,4,2017,471,6148,"Friday   ","2017Q4","N","N","N",2458028,2458058,2457689,2457963,"N","N","N","N","N"
2458055,"0000000002458055",2017-10-28,1413,6148,471,2017,6,10,28,4,2017,471,6148,"Saturday ","2017Q4","N","Y","N",2458028,2458058,2457690,2457964,"N","N","N","N","N"
2458056,"0000000002458056",2017-10-29,1413,6148,471,2017,0,10,29,4,2017,471,6148,"Sunday   ","2017Q4","N","Y","N",2458028,2458058,2457691,2457965,"N","N","N","N","N"
2458057,"0000000002458057",2017-10-30,1413,6149,471,2017,1,10,30,4,2017,471,6149,"Monday   ","2017Q4","N","N","N",2458028,2458058,2457692,2457966,"N","N","N","N","N"
2458058,"0000000002458058",2017-10-31,1413,6149,471,2017,2,10,31,4,2017,471,6149,"Tuesday  ","2017Q4","N","N","N",2458028,2458058,2457693,2457967,"N","N","N","N","N"
2458059,"0000000002458059",2017-11-01,1414,6149,471,2017,3,11,1,4,2017,471,6149,"Wednesday","2017Q4","N","N","N",2458059,2458088,2457694,2457968,"N","N","N","N","N"
2458060,"0000000002458060",2017-11-02,1414,6149,471,2017,4,11,2,4,2017,471,6149,"Thursday ","2017Q4","N","N","N",2458059,2458088,2457695,2457969,"N","N","N","N","N"
2458061,"0000000002458061",2017-11-03,1414,6149,471,2017,5,11,3,4,2017,471,6149,"Friday   ","2017Q4","N","N","N",2458059,2458088,2457696,2457970,"N","N","N","N","N"
2458062,"0000000002458062",2017-11-04,1414,6149,471,2017,6,11,4,4,2017,471,6149,"Saturday ","2017Q4","N","Y","N",2458059,2458088,2457697,2457971,"N","N","N","N","N"
2458063,"0000000002458063",2017-11-05,1414,6149,471,2017,0,11,5,4,2017,471,6149,"Sunday   ","2017Q4","N","Y","N",2458059,2458088,2457698,2457972,"N","N","N","N","N"
2458064,"0000000002458064",2017-11-06,1414,6150,471,2017,1,11,6,4,2017,471,6150,"Monday   ","2017Q4","N","N","N",2458059,2458088,2457699,2457973,"N","N","N","N","N"
2458065,"0000000002458065",2017-11-07,1414,6150,471,2017,2,11,7,4,2017,471,6150,"Tuesday  ","2017Q4","N","N","N",2458059,2458088,2457700,2457974,"N","N","N","N","N"
2458066,"0000000002458066",2017-11-08,1414,6150,471,2017,3,11,8,4,2017,471,6150,"Wednesday","2017Q4","N","N","N",2458059,2458088,2457701,2457975,"N","N","N","N","N"
2458067,"0000000002458067",2017-11-09,1414,6150,471,2017,4,11,9,4,2017,471,6150,"Thursday ","2017Q4","N","N","N",2458059,2458088,2457702,2457976,"N","N","N","N","N"
2458068,"0000000002458068",2017-11-10,1414,6150,471,2017,5,11,10,4,2017,471,6150,"Friday   ","2017Q4","N","N","N",2458059,2458088,2457703,2457977,"N","N","N","N","N"
2458069,"0000000002458069",2017-11-11,1414,6150,471,2017,6,11,11,4,2017,471,6150,"Saturday ","2017Q4","N","Y","N",2458059,2458088,2457704,2457978,"N","N","N","N","N"
2458070,"0000000002458070",2017-11-12,1414,6150,471,2017,0,11,12,4,2017,471,6150,"Sunday   ","2017Q4","N","Y","N",2458059,2458088,2457705,2457979,"N","N","N","N","N"
2458071,"0000000002458071",2017-11-13,1414,6151,471,2017,1,11,13,4,2017,471,6151,"Monday   ","2017Q4","N","N","N",2458059,2458088,2457706,2457980,"N","N","N","N","N"
2458072,"0000000002458072",2017-11-14,1414,6151,471,2017,2,11,14,4,2017,471,6151,"Tuesday  ","2017Q4","N","N","N",2458059,2458088,2457707,2457981,"N","N","N","N","N"
2458073,"0000000002458073",2017-11-15,1414,6151,471,2017,3,11,15,4,2017,471,6151,"Wednesday","2017Q4","N","N","N",2458059,2458088,2457708,2457982,"N","N","N","N","N"
2458074,"0000000002458074",2017-11-16,1414,6151,471,2017,4,11,16,4,2017,471,6151,"Thursday ","2017Q4","N","N","N",2458059,2458088,2457709,2457983,"N","N","N","N","N"
2458075,"0000000002458075",2017-11-17,1414,6151,471,2017,5,11,17,4,2017,471,6151,"Friday   ","2017Q4","N","N","N",2458059,2458088,2457710,2457984,"N","N","N","N","N"
2458076,"0000000002458076",2017-11-18,1414,6151,471,2017,6,11,18,4,2017,471,6151,"Saturday ","2017Q4","N","Y","N",2458059,2458088,2457711,2457985,"N","N","N","N","N"
2458077,"0000000002458077",2017-11-19,1414,6151,471,2017,0,11,19,4,2017,471,6151,"Sunday   ","2017Q4","N","Y","N",2458059,2458088,2457712,2457986,"N","N","N","N","N"
2458078,"0000000002458078",2017-11-20,1414,6152,471,2017,1,11,20,4,2017,471,6152,"Monday   ","2017Q4","N","N","N",2458059,2458088,2457713,2457987,"N","N","N","N","N"
2458079,"0000000002458079",2017-11-21,1414,6152,471,2017,2,11,21,4,2017,471,6152,"Tuesday  ","2017Q4","N","N","N",2458059,2458088,2457714,2457988,"N","N","N","N","N"
2458080,"0000000002458080",2017-11-22,1414,6152,471,2017,3,11,22,4,2017,471,6152,"Wednesday","2017Q4","N","N","N",2458059,2458088,2457715,2457989,"N","N","N","N","N"
2458081,"0000000002458081",2017-11-23,1414,6152,471,2017,4,11,23,4,2017,471,6152,"Thursday ","2017Q4","N","N","N",2458059,2458088,2457716,2457990,"N","N","N","N","N"
2458082,"0000000002458082",2017-11-24,1414,6152,471,2017,5,11,24,4,2017,471,6152,"Friday   ","2017Q4","N","N","N",2458059,2458088,2457717,2457991,"N","N","N","N","N"
2458083,"0000000002458083",2017-11-25,1414,6152,471,2017,6,11,25,4,2017,471,6152,"Saturday ","2017Q4","N","Y","N",2458059,2458088,2457718,2457992,"N","N","N","N","N"
2458084,"0000000002458084",2017-11-26,1414,6152,471,2017,0,11,26,4,2017,471,6152,"Sunday   ","2017Q4","N","Y","N",2458059,2458088,2457719,2457993,"N","N","N","N","N"
2458085,"0000000002458085",2017-11-27,1414,6153,471,2017,1,11,27,4,2017,471,6153,"Monday   ","2017Q4","N","N","N",2458059,2458088,2457720,2457994,"N","N","N","N","N"
2458086,"0000000002458086",2017-11-28,1414,6153,471,2017,2,11,28,4,2017,471,6153,"Tuesday  ","2017Q4","N","N","N",2458059,2458088,2457721,2457995,"N","N","N","N","N"
2458087,"0000000002458087",2017-11-29,1414,6153,471,2017,3,11,29,4,2017,471,6153,"Wednesday","2017Q4","N","N","N",2458059,2458088,2457722,2457996,"N","N","N","N","N"
2458088,"0000000002458088",2017-11-30,1414,6153,471,2017,4,11,30,4,2017,471,6153,"Thursday ","2017Q4","N","N","N",2458059,2458088,2457723,2457997,"N","N","N","N","N"
2458089,"0000000002458089",2017-12-01,1415,6153,471,2017,5,12,1,4,2017,471,6153,"Friday   ","2017Q4","N","N","N",2458089,2458119,2457724,2457998,"N","N","N","N","N"
2458090,"0000000002458090",2017-12-02,1415,6153,471,2017,6,12,2,4,2017,471,6153,"Saturday ","2017Q4","N","Y","N",2458089,2458119,2457725,2457999,"N","N","N","N","N"
2458091,"0000000002458091",2017-12-03,1415,6153,471,2017,0,12,3,4,2017,471,6153,"Sunday   ","2017Q4","N","Y","N",2458089,2458119,2457726,2458000,"N","N","N","N","N"
2458092,"0000000002458092",2017-12-04,1415,6154,471,2017,1,12,4,4,2017,471,6154,"Monday   ","2017Q4","N","N","N",2458089,2458119,2457727,2458001,"N","N","N","N","N"
2458093,"0000000002458093",2017-12-05,1415,6154,471,2017,2,12,5,4,2017,471,6154,"Tuesday  ","2017Q4","N","N","N",2458089,2458119,2457728,2458002,"N","N","N","N","N"
2458094,"0000000002458094",2017-12-06,1415,6154,471,2017,3,12,6,4,2017,471,6154,"Wednesday","2017Q4","N","N","N",2458089,2458119,2457729,2458003,"N","N","N","N","N"
2458095,"0000000002458095",2017-12-07,1415,6154,471,2017,4,12,7,4,2017,471,6154,"Thursday ","2017Q4","N","N","N",2458089,2458119,2457730,2458004,"N","N","N","N","N"
2458096,"0000000002458096",2017-12-08,1415,6154,471,2017,5,12,8,4,2017,471,6154,"Friday   ","2017Q4","N","N","N",2458089,2458119,2457731,2458005,"N","N","N","N","N"
2458097,"0000000002458097",2017-12-09,1415,6154,471,2017,6,12,9,4,2017,471,6154,"Saturday ","2017Q4","N","Y","N",2458089,2458119,2457732,2458006,"N","N","N","N","N"
2458098,"0000000002458098",2017-12-10,1415,6154,471,2017,0,12,10,4,2017,471,6154,"Sunday   ","2017Q4","N","Y","N",2458089,2458119,2457733,2458007,"N","N","N","N","N"
2458099,"0000000002458099",2017-12-11,1415,6155,471,2017,1,12,11,4,2017,471,6155,"Monday   ","2017Q4","N","N","N",2458089,2458119,2457734,2458008,"N","N","N","N","N"
2458100,"0000000002458100",2017-12-12,1415,6155,471,2017,2,12,12,4,2017,471,6155,"Tuesday  ","2017Q4","N","N","N",2458089,2458119,2457735,2458009,"N","N","N","N","N"
2458101,"0000000002458101",2017-12-13,1415,6155,471,2017,3,12,13,4,2017,471,6155,"Wednesday","2017Q4","N","N","N",2458089,2458119,2457736,2458010,"N","N","N","N","N"
2458102,"0000000002458102",2017-12-14,1415,6155,471,2017,4,12,14,4,2017,471,6155,"Thursday ","2017Q4","N","N","N",2458089,2458119,2457737,2458011,"N","N","N","N","N"
2458103,"0000000002458103",2017-12-15,1415,6155,471,2017,5,12,15,4,2017,471,6155,"Friday   ","2017Q4","N","N","N",2458089,2458119,2457738,2458012,"N","N","N","N","N"
2458104,"0000000002458104",2017-12-16,1415,6155,471,2017,6,12,16,4,2017,471,6155,"Saturday ","2017Q4","N","Y","N",2458089,2458119,2457739,2458013,"N","N","N","N","N"
2458105,"0000000002458105",2017-12-17,1415,6155,471,2017,0,12,17,4,2017,471,6155,"Sunday   ","2017Q4","N","Y","N",2458089,2458119,2457740,2458014,"N","N","N","N","N"
2458106,"0000000002458106",2017-12-18,1415,6156,471,2017,1,12,18,4,2017,471,6156,"Monday   ","2017Q4","N","N","N",2458089,2458119,2457741,2458015,"N","N","N","N","N"
2458107,"0000000002458107",2017-12-19,1415,6156,471,2017,2,12,19,4,2017,471,6156,"Tuesday  ","2017Q4","N","N","N",2458089,2458119,2457742,2458016,"N","N","N","N","N"
2458108,"0000000002458108",2017-12-20,1415,6156,471,2017,3,12,20,4,2017,471,6156,"Wednesday","2017Q4","N","N","N",2458089,2458119,2457743,2458017,"N","N","N","N","N"
2458109,"0000000002458109",2017-12-21,1415,6156,471,2017,4,12,21,4,2017,471,6156,"Thursday ","2017Q4","N","N","N",2458089,2458119,2457744,2458018,"N","N","N","N","N"
2458110,"0000000002458110",2017-12-22,1415,6156,471,2017,5,12,22,4,2017,471,6156,"Friday   ","2017Q4","N","N","N",2458089,2458119,2457745,2458019,"N","N","N","N","N"
2458111,"0000000002458111",2017-12-23,1415,6156,471,2017,6,12,23,4,2017,471,6156,"Saturday ","2017Q4","N","Y","N",2458089,2458119,2457746,2458020,"N","N","N","N","N"
2458112,"0000000002458112",2017-12-24,1415,6156,471,2017,0,12,24,4,2017,471,6156,"Sunday   ","2017Q4","N","Y","N",2458089,2458119,2457747,2458021,"N","N","N","N","N"
2458113,"0000000002458113",2017-12-25,1415,6157,471,2017,1,12,25,4,2017,471,6157,"Monday   ","2017Q4","N","N","N",2458089,2458119,2457748,2458022,"N","N","N","N","N"
2458114,"0000000002458114",2017-12-26,1415,6157,471,2017,2,12,26,4,2017,471,6157,"Tuesday  ","2017Q4","N","N","N",2458089,2458119,2457749,2458023,"N","N","N","N","N"
2458115,"0000000002458115",2017-12-27,1415,6157,471,2017,3,12,27,4,2017,471,6157,"Wednesday","2017Q4","N","N","N",2458089,2458119,2457750,2458024,"N","N","N","N","N"
2458116,"0000000002458116",2017-12-28,1415,6157,471,2017,4,12,28,4,2017,471,6157,"Thursday ","2017Q4","N","N","N",2458089,2458119,2457751,2458025,"N","N","N","N","N"
2458117,"0000000002458117",2017-12-29,1415,6157,471,2017,5,12,29,4,2017,471,6157,"Friday   ","2017Q4","N","N","N",2458089,2458119,2457752,2458026,"N","N","N","N","N"
2458118,"0000000002458118",2017-12-30,1415,6157,471,2017,6,12,30,4,2017,471,6157,"Saturday ","2017Q4","N","Y","N",2458089,2458119,2457753,2458027,"N","N","N","N","N"
2458119,"0000000002458119",2017-12-31,1415,6157,471,2017,0,12,31,4,2017,471,6157,"Sunday   ","2017Q4","N","Y","N",2458089,2458119,2457754,2458028,"N","N","N","N","N"
2458120,"0000000002458120",2018-01-01,1416,6158,472,2018,1,1,1,1,2018,472,6158,"Monday   ","2018Q1","N","N","N",2458120,2458150,2457755,2458029,"N","N","N","N","N"
2458121,"0000000002458121",2018-01-02,1416,6158,472,2018,2,1,2,1,2018,472,6158,"Tuesday  ","2018Q1","N","N","N",2458120,2458150,2457756,2458030,"N","N","N","N","N"
2458122,"0000000002458122",2018-01-03,1416,6158,472,2018,3,1,3,1,2018,472,6158,"Wednesday","2018Q1","N","N","N",2458120,2458150,2457757,2458031,"N","N","N","N","N"
2458123,"0000000002458123",2018-01-04,1416,6158,472,2018,4,1,4,1,2018,472,6158,"Thursday ","2018Q1","N","N","N",2458120,2458150,2457758,2458032,"N","N","N","N","N"
2458124,"0000000002458124",2018-01-05,1416,6158,472,2018,5,1,5,1,2018,472,6158,"Friday   ","2018Q1","N","N","N",2458120,2458150,2457759,2458033,"N","N","N","N","N"
2458125,"0000000002458125",2018-01-06,1416,6158,472,2018,6,1,6,1,2018,472,6158,"Saturday ","2018Q1","N","Y","N",2458120,2458150,2457760,2458034,"N","N","N","N","N"
2458126,"0000000002458126",2018-01-07,1416,6158,472,2018,0,1,7,1,2018,472,6158,"Sunday   ","2018Q1","N","Y","N",2458120,2458150,2457761,2458035,"N","N","N","N","N"
2458127,"0000000002458127",2018-01-08,1416,6159,472,2018,1,1,8,1,2018,472,6159,"Monday   ","2018Q1","N","N","N",2458120,2458150,2457762,2458036,"N","N","N","N","N"
2458128,"0000000002458128",2018-01-09,1416,6159,472,2018,2,1,9,1,2018,472,6159,"Tuesday  ","2018Q1","N","N","N",2458120,2458150,2457763,2458037,"N","N","N","N","N"
2458129,"0000000002458129",2018-01-10,1416,6159,472,2018,3,1,10,1,2018,472,6159,"Wednesday","2018Q1","N","N","N",2458120,2458150,2457764,2458038,"N","N","N","N","N"
2458130,"0000000002458130",2018-01-11,1416,6159,472,2018,4,1,11,1,2018,472,6159,"Thursday ","2018Q1","N","N","N",2458120,2458150,2457765,2458039,"N","N","N","N","N"
2458131,"0000000002458131",2018-01-12,1416,6159,472,2018,5,1,12,1,2018,472,6159,"Friday   ","2018Q1","N","N","N",2458120,2458150,2457766,2458040,"N","N","N","N","N"
2458132,"0000000002458132",2018-01-13,1416,6159,472,2018,6,1,13,1,2018,472,6159,"Saturday ","2018Q1","N","Y","N",2458120,2458150,2457767,2458041,"N","N","N","N","N"
2458133,"0000000002458133",2018-01-14,1416,6159,472,2018,0,1,14,1,2018,472,6159,"Sunday   ","2018Q1","N","Y","N",2458120,2458150,2457768,2458042,"N","N","N","N","N"
2458134,"0000000002458134",2018-01-15,1416,6160,472,2018,1,1,15,1,2018,472,6160,"Monday   ","2018Q1","N","N","N",2458120,2458150,2457769,2458043,"N","N","N","N","N"
2458135,"0000000002458135",2018-01-16,1416,6160,472,2018,2,1,16,1,2018,472,6160,"Tuesday  ","2018Q1","N","N","N",2458120,2458150,2457770,2458044,"N","N","N","N","N"
2458136,"0000000002458136",2018-01-17,1416,6160,472,2018,3,1,17,1,2018,472,6160,"Wednesday","2018Q1","N","N","N",2458120,2458150,2457771,2458045,"N","N","N","N","N"
2458137,"0000000002458137",2018-01-18,1416,6160,472,2018,4,1,18,1,2018,472,6160,"Thursday ","2018Q1","N","N","N",2458120,2458150,2457772,2458046,"N","N","N","N","N"
2458138,"0000000002458138",2018-01-19,1416,6160,472,2018,5,1,19,1,2018,472,6160,"Friday   ","2018Q1","N","N","N",2458120,2458150,2457773,2458047,"N","N","N","N","N"
2458139,"0000000002458139",2018-01-20,1416,6160,472,2018,6,1,20,1,2018,472,6160,"Saturday ","2018Q1","N","Y","N",2458120,2458150,2457774,2458048,"N","N","N","N","N"
2458140,"0000000002458140",2018-01-21,1416,6160,472,2018,0,1,21,1,2018,472,6160,"Sunday   ","2018Q1","N","Y","N",2458120,2458150,2457775,2458049,"N","N","N","N","N"
2458141,"0000000002458141",2018-01-22,1416,6161,472,2018,1,1,22,1,2018,472,6161,"Monday   ","2018Q1","N","N","N",2458120,2458150,2457776,2458050,"N","N","N","N","N"
2458142,"0000000002458142",2018-01-23,1416,6161,472,2018,2,1,23,1,2018,472,6161,"Tuesday  ","2018Q1","N","N","N",2458120,2458150,2457777,2458051,"N","N","N","N","N"
2458143,"0000000002458143",2018-01-24,1416,6161,472,2018,3,1,24,1,2018,472,6161,"Wednesday","2018Q1","N","N","N",2458120,2458150,2457778,2458052,"N","N","N","N","N"
2458144,"0000000002458144",2018-01-25,1416,6161,472,2018,4,1,25,1,2018,472,6161,"Thursday ","2018Q1","N","N","N",2458120,2458150,2457779,2458053,"N","N","N","N","N"
2458145,"0000000002458145",2018-01-26,1416,6161,472,2018,5,1,26,1,2018,472,6161,"Friday   ","2018Q1","N","N","N",2458120,2458150,2457780,2458054,"N","N","N","N","N"
2458146,"0000000002458146",2018-01-27,1416,6161,472,2018,6,1,27,1,2018,472,6161,"Saturday ","2018Q1","N","Y","N",2458120,2458150,2457781,2458055,"N","N","N","N","N"
2458147,"0000000002458147",2018-01-28,1416,6161,472,2018,0,1,28,1,2018,472,6161,"Sunday   ","2018Q1","N","Y","N",2458120,2458150,2457782,2458056,"N","N","N","N","N"
2458148,"0000000002458148",2018-01-29,1416,6162,472,2018,1,1,29,1,2018,472,6162,"Monday   ","2018Q1","N","N","N",2458120,2458150,2457783,2458057,"N","N","N","N","N"
2458149,"0000000002458149",2018-01-30,1416,6162,472,2018,2,1,30,1,2018,472,6162,"Tuesday  ","2018Q1","N","N","N",2458120,2458150,2457784,2458058,"N","N","N","N","N"
2458150,"0000000002458150",2018-01-31,1416,6162,472,2018,3,1,31,1,2018,472,6162,"Wednesday","2018Q1","N","N","N",2458120,2458150,2457785,2458059,"N","N","N","N","N"
2458151,"0000000002458151",2018-02-01,1417,6162,472,2018,4,2,1,1,2018,472,6162,"Thursday ","2018Q1","N","N","N",2458151,2458178,2457786,2458060,"N","N","N","N","N"
2458152,"0000000002458152",2018-02-02,1417,6162,472,2018,5,2,2,1,2018,472,6162,"Friday   ","2018Q1","N","N","N",2458151,2458178,2457787,2458061,"N","N","N","N","N"
2458153,"0000000002458153",2018-02-03,1417,6162,472,2018,6,2,3,1,2018,472,6162,"Saturday ","2018Q1","N","Y","N",2458151,2458178,2457788,2458062,"N","N","N","N","N"
2458154,"0000000002458154",2018-02-04,1417,6162,472,2018,0,2,4,1,2018,472,6162,"Sunday   ","2018Q1","N","Y","N",2458151,2458178,2457789,2458063,"N","N","N","N","N"
2458155,"0000000002458155",2018-02-05,1417,6163,472,2018,1,2,5,1,2018,472,6163,"Monday   ","2018Q1","N","N","N",2458151,2458178,2457790,2458064,"N","N","N","N","N"
2458156,"0000000002458156",2018-02-06,1417,6163,472,2018,2,2,6,1,2018,472,6163,"Tuesday  ","2018Q1","N","N","N",2458151,2458178,2457791,2458065,"N","N","N","N","N"
2458157,"0000000002458157",2018-02-07,1417,6163,472,2018,3,2,7,1,2018,472,6163,"Wednesday","2018Q1","N","N","N",2458151,2458178,2457792,2458066,"N","N","N","N","N"
2458158,"0000000002458158",2018-02-08,1417,6163,472,2018,4,2,8,1,2018,472,6163,"Thursday ","2018Q1","N","N","N",2458151,2458178,2457793,2458067,"N","N","N","N","N"
2458159,"0000000002458159",2018-02-09,1417,6163,472,2018,5,2,9,1,2018,472,6163,"Friday   ","2018Q1","N","N","N",2458151,2458178,2457794,2458068,"N","N","N","N","N"
2458160,"0000000002458160",2018-02-10,1417,6163,472,2018,6,2,10,1,2018,472,6163,"Saturday ","2018Q1","N","Y","N",2458151,2458178,2457795,2458069,"N","N","N","N","N"
2458161,"0000000002458161",2018-02-11,1417,6163,472,2018,0,2,11,1,2018,472,6163,"Sunday   ","2018Q1","N","Y","N",2458151,2458178,2457796,2458070,"N","N","N","N","N"
2458162,"0000000002458162",2018-02-12,1417,6164,472,2018,1,2,12,1,2018,472,6164,"Monday   ","2018Q1","N","N","N",2458151,2458178,2457797,2458071,"N","N","N","N","N"
2458163,"0000000002458163",2018-02-13,1417,6164,472,2018,2,2,13,1,2018,472,6164,"Tuesday  ","2018Q1","N","N","N",2458151,2458178,2457798,2458072,"N","N","N","N","N"
2458164,"0000000002458164",2018-02-14,1417,6164,472,2018,3,2,14,1,2018,472,6164,"Wednesday","2018Q1","N","N","N",2458151,2458178,2457799,2458073,"N","N","N","N","N"
2458165,"0000000002458165",2018-02-15,1417,6164,472,2018,4,2,15,1,2018,472,6164,"Thursday ","2018Q1","N","N","N",2458151,2458178,2457800,2458074,"N","N","N","N","N"
2458166,"0000000002458166",2018-02-16,1417,6164,472,2018,5,2,16,1,2018,472,6164,"Friday   ","2018Q1","N","N","N",2458151,2458178,2457801,2458075,"N","N","N","N","N"
2458167,"0000000002458167",2018-02-17,1417,6164,472,2018,6,2,17,1,2018,472,6164,"Saturday ","2018Q1","N","Y","N",2458151,2458178,2457802,2458076,"N","N","N","N","N"
2458168,"0000000002458168",2018-02-18,1417,6164,472,2018,0,2,18,1,2018,472,6164,"Sunday   ","2018Q1","N","Y","N",2458151,2458178,2457803,2458077,"N","N","N","N","N"
2458169,"0000000002458169",2018-02-19,1417,6165,472,2018,1,2,19,1,2018,472,6165,"Monday   ","2018Q1","N","N","N",2458151,2458178,2457804,2458078,"N","N","N","N","N"
2458170,"0000000002458170",2018-02-20,1417,6165,472,2018,2,2,20,1,2018,472,6165,"Tuesday  ","2018Q1","N","N","N",2458151,2458178,2457805,2458079,"N","N","N","N","N"
2458171,"0000000002458171",2018-02-21,1417,6165,472,2018,3,2,21,1,2018,472,6165,"Wednesday","2018Q1","N","N","N",2458151,2458178,2457806,2458080,"N","N","N","N","N"
2458172,"0000000002458172",2018-02-22,1417,6165,472,2018,4,2,22,1,2018,472,6165,"Thursday ","2018Q1","N","N","N",2458151,2458178,2457807,2458081,"N","N","N","N","N"
2458173,"0000000002458173",2018-02-23,1417,6165,472,2018,5,2,23,1,2018,472,6165,"Friday   ","2018Q1","N","N","N",2458151,2458178,2457808,2458082,"N","N","N","N","N"
2458174,"0000000002458174",2018-02-24,1417,6165,472,2018,6,2,24,1,2018,472,6165,"Saturday ","2018Q1","N","Y","N",2458151,2458178,2457809,2458083,"N","N","N","N","N"
2458175,"0000000002458175",2018-02-25,1417,6165,472,2018,0,2,25,1,2018,472,6165,"Sunday   ","2018Q1","N","Y","N",2458151,2458178,2457810,2458084,"N","N","N","N","N"
2458176,"0000000002458176",2018-02-26,1417,6166,472,2018,1,2,26,1,2018,472,6166,"Monday   ","2018Q1","N","N","N",2458151,2458178,2457811,2458085,"N","N","N","N","N"
2458177,"0000000002458177",2018-02-27,1417,6166,472,2018,2,2,27,1,2018,472,6166,"Tuesday  ","2018Q1","N","N","N",2458151,2458178,2457812,2458086,"N","N","N","N","N"
2458178,"0000000002458178",2018-02-28,1417,6166,472,2018,3,2,28,1,2018,472,6166,"Wednesday","2018Q1","N","N","N",2458151,2458178,2457813,2458087,"N","N","N","N","N"
2458179,"0000000002458179",2018-03-01,1418,6166,472,2018,4,3,1,1,2018,472,6166,"Thursday ","2018Q1","N","N","N",2458179,2458209,2457814,2458088,"N","N","N","N","N"
2458180,"0000000002458180",2018-03-02,1418,6166,472,2018,5,3,2,1,2018,472,6166,"Friday   ","2018Q1","N","N","N",2458179,2458209,2457815,2458089,"N","N","N","N","N"
2458181,"0000000002458181",2018-03-03,1418,6166,472,2018,6,3,3,1,2018,472,6166,"Saturday ","2018Q1","N","Y","N",2458179,2458209,2457816,2458090,"N","N","N","N","N"
2458182,"0000000002458182",2018-03-04,1418,6166,472,2018,0,3,4,1,2018,472,6166,"Sunday   ","2018Q1","N","Y","N",2458179,2458209,2457817,2458091,"N","N","N","N","N"
2458183,"0000000002458183",2018-03-05,1418,6167,472,2018,1,3,5,1,2018,472,6167,"Monday   ","2018Q1","N","N","N",2458179,2458209,2457818,2458092,"N","N","N","N","N"
2458184,"0000000002458184",2018-03-06,1418,6167,472,2018,2,3,6,1,2018,472,6167,"Tuesday  ","2018Q1","N","N","N",2458179,2458209,2457819,2458093,"N","N","N","N","N"
2458185,"0000000002458185",2018-03-07,1418,6167,472,2018,3,3,7,1,2018,472,6167,"Wednesday","2018Q1","N","N","N",2458179,2458209,2457820,2458094,"N","N","N","N","N"
2458186,"0000000002458186",2018-03-08,1418,6167,472,2018,4,3,8,1,2018,472,6167,"Thursday ","2018Q1","N","N","N",2458179,2458209,2457821,2458095,"N","N","N","N","N"
2458187,"0000000002458187",2018-03-09,1418,6167,472,2018,5,3,9,1,2018,472,6167,"Friday   ","2018Q1","N","N","N",2458179,2458209,2457822,2458096,"N","N","N","N","N"
2458188,"0000000002458188",2018-03-10,1418,6167,472,2018,6,3,10,1,2018,472,6167,"Saturday ","2018Q1","N","Y","N",2458179,2458209,2457823,2458097,"N","N","N","N","N"
2458189,"0000000002458189",2018-03-11,1418,6167,472,2018,0,3,11,1,2018,472,6167,"Sunday   ","2018Q1","N","Y","N",2458179,2458209,2457824,2458098,"N","N","N","N","N"
2458190,"0000000002458190",2018-03-12,1418,6168,472,2018,1,3,12,1,2018,472,6168,"Monday   ","2018Q1","N","N","N",2458179,2458209,2457825,2458099,"N","N","N","N","N"
2458191,"0000000002458191",2018-03-13,1418,6168,472,2018,2,3,13,1,2018,472,6168,"Tuesday  ","2018Q1","N","N","N",2458179,2458209,2457826,2458100,"N","N","N","N","N"
2458192,"0000000002458192",2018-03-14,1418,6168,472,2018,3,3,14,1,2018,472,6168,"Wednesday","2018Q1","N","N","N",2458179,2458209,2457827,2458101,"N","N","N","N","N"
2458193,"0000000002458193",2018-03-15,1418,6168,472,2018,4,3,15,1,2018,472,6168,"Thursday ","2018Q1","N","N","N",2458179,2458209,2457828,2458102,"N","N","N","N","N"
2458194,"0000000002458194",2018-03-16,1418,6168,472,2018,5,3,16,1,2018,472,6168,"Friday   ","2018Q1","N","N","N",2458179,2458209,2457829,2458103,"N","N","N","N","N"
2458195,"0000000002458195",2018-03-17,1418,6168,472,2018,6,3,17,1,2018,472,6168,"Saturday ","2018Q1","N","Y","N",2458179,2458209,2457830,2458104,"N","N","N","N","N"
2458196,"0000000002458196",2018-03-18,1418,6168,472,2018,0,3,18,1,2018,472,6168,"Sunday   ","2018Q1","N","Y","N",2458179,2458209,2457831,2458105,"N","N","N","N","N"
2458197,"0000000002458197",2018-03-19,1418,6169,472,2018,1,3,19,1,2018,472,6169,"Monday   ","2018Q1","N","N","N",2458179,2458209,2457832,2458106,"N","N","N","N","N"
2458198,"0000000002458198",2018-03-20,1418,6169,472,2018,2,3,20,1,2018,472,6169,"Tuesday  ","2018Q1","N","N","N",2458179,2458209,2457833,2458107,"N","N","N","N","N"
2458199,"0000000002458199",2018-03-21,1418,6169,472,2018,3,3,21,1,2018,472,6169,"Wednesday","2018Q1","N","N","N",2458179,2458209,2457834,2458108,"N","N","N","N","N"
2458200,"0000000002458200",2018-03-22,1418,6169,472,2018,4,3,22,1,2018,472,6169,"Thursday ","2018Q1","N","N","N",2458179,2458209,2457835,2458109,"N","N","N","N","N"
2458201,"0000000002458201",2018-03-23,1418,6169,472,2018,5,3,23,1,2018,472,6169,"Friday   ","2018Q1","N","N","N",2458179,2458209,2457836,2458110,"N","N","N","N","N"
2458202,"0000000002458202",2018-03-24,1418,6169,472,2018,6,3,24,1,2018,472,6169,"Saturday ","2018Q1","N","Y","N",2458179,2458209,2457837,2458111,"N","N","N","N","N"
2458203,"0000000002458203",2018-03-25,1418,6169,472,2018,0,3,25,1,2018,472,6169,"Sunday   ","2018Q1","N","Y","N",2458179,2458209,2457838,2458112,"N","N","N","N","N"
2458204,"0000000002458204",2018-03-26,1418,6170,472,2018,1,3,26,1,2018,472,6170,"Monday   ","2018Q1","N","N","N",2458179,2458209,2457839,2458113,"N","N","N","N","N"
2458205,"0000000002458205",2018-03-27,1418,6170,472,2018,2,3,27,1,2018,472,6170,"Tuesday  ","2018Q1","N","N","N",2458179,2458209,2457840,2458114,"N","N","N","N","N"
2458206,"0000000002458206",2018-03-28,1418,6170,472,2018,3,3,28,1,2018,472,6170,"Wednesday","2018Q1","N","N","N",2458179,2458209,2457841,2458115,"N","N","N","N","N"
2458207,"0000000002458207",2018-03-29,1418,6170,472,2018,4,3,29,1,2018,472,6170,"Thursday ","2018Q1","N","N","N",2458179,2458209,2457842,2458116,"N","N","N","N","N"
2458208,"0000000002458208",2018-03-30,1418,6170,472,2018,5,3,30,1,2018,472,6170,"Friday   ","2018Q1","N","N","N",2458179,2458209,2457843,2458117,"N","N","N","N","N"
2458209,"0000000002458209",2018-03-31,1418,6170,472,2018,6,3,31,1,2018,472,6170,"Saturday ","2018Q1","N","Y","N",2458179,2458209,2457844,2458118,"N","N","N","N","N"
2458210,"0000000002458210",2018-04-01,1419,6170,473,2018,0,4,1,2,2018,473,6170,"Sunday   ","2018Q2","N","Y","N",2458210,2458239,2457845,2458119,"N","N","N","N","N"
2458211,"0000000002458211",2018-04-02,1419,6171,473,2018,1,4,2,2,2018,473,6171,"Monday   ","2018Q2","N","N","N",2458210,2458239,2457846,2458120,"N","N","N","N","N"
2458212,"0000000002458212",2018-04-03,1419,6171,473,2018,2,4,3,2,2018,473,6171,"Tuesday  ","2018Q2","N","N","N",2458210,2458239,2457847,2458121,"N","N","N","N","N"
2458213,"0000000002458213",2018-04-04,1419,6171,473,2018,3,4,4,2,2018,473,6171,"Wednesday","2018Q2","N","N","N",2458210,2458239,2457848,2458122,"N","N","N","N","N"
2458214,"0000000002458214",2018-04-05,1419,6171,473,2018,4,4,5,2,2018,473,6171,"Thursday ","2018Q2","N","N","N",2458210,2458239,2457849,2458123,"N","N","N","N","N"
2458215,"0000000002458215",2018-04-06,1419,6171,473,2018,5,4,6,2,2018,473,6171,"Friday   ","2018Q2","N","N","N",2458210,2458239,2457850,2458124,"N","N","N","N","N"
2458216,"0000000002458216",2018-04-07,1419,6171,473,2018,6,4,7,2,2018,473,6171,"Saturday ","2018Q2","N","Y","N",2458210,2458239,2457851,2458125,"N","N","N","N","N"
2458217,"0000000002458217",2018-04-08,1419,6171,473,2018,0,4,8,2,2018,473,6171,"Sunday   ","2018Q2","N","Y","N",2458210,2458239,2457852,2458126,"N","N","N","N","N"
2458218,"0000000002458218",2018-04-09,1419,6172,473,2018,1,4,9,2,2018,473,6172,"Monday   ","2018Q2","N","N","N",2458210,2458239,2457853,2458127,"N","N","N","N","N"
2458219,"0000000002458219",2018-04-10,1419,6172,473,2018,2,4,10,2,2018,473,6172,"Tuesday  ","2018Q2","N","N","N",2458210,2458239,2457854,2458128,"N","N","N","N","N"
2458220,"0000000002458220",2018-04-11,1419,6172,473,2018,3,4,11,2,2018,473,6172,"Wednesday","2018Q2","N","N","N",2458210,2458239,2457855,2458129,"N","N","N","N","N"
2458221,"0000000002458221",2018-04-12,1419,6172,473,2018,4,4,12,2,2018,473,6172,"Thursday ","2018Q2","N","N","N",2458210,2458239,2457856,2458130,"N","N","N","N","N"
2458222,"0000000002458222",2018-04-13,1419,6172,473,2018,5,4,13,2,2018,473,6172,"Friday   ","2018Q2","N","N","N",2458210,2458239,2457857,2458131,"N","N","N","N","N"
2458223,"0000000002458223",2018-04-14,1419,6172,473,2018,6,4,14,2,2018,473,6172,"Saturday ","2018Q2","N","Y","N",2458210,2458239,2457858,2458132,"N","N","N","N","N"
2458224,"0000000002458224",2018-04-15,1419,6172,473,2018,0,4,15,2,2018,473,6172,"Sunday   ","2018Q2","N","Y","N",2458210,2458239,2457859,2458133,"N","N","N","N","N"
2458225,"0000000002458225",2018-04-16,1419,6173,473,2018,1,4,16,2,2018,473,6173,"Monday   ","2018Q2","N","N","N",2458210,2458239,2457860,2458134,"N","N","N","N","N"
2458226,"0000000002458226",2018-04-17,1419,6173,473,2018,2,4,17,2,2018,473,6173,"Tuesday  ","2018Q2","N","N","N",2458210,2458239,2457861,2458135,"N","N","N","N","N"
2458227,"0000000002458227",2018-04-18,1419,6173,473,2018,3,4,18,2,2018,473,6173,"Wednesday","2018Q2","N","N","N",2458210,2458239,2457862,2458136,"N","N","N","N","N"
2458228,"0000000002458228",2018-04-19,1419,6173,473,2018,4,4,19,2,2018,473,6173,"Thursday ","2018Q2","N","N","N",2458210,2458239,2457863,2458137,"N","N","N","N","N"
2458229,"0000000002458229",2018-04-20,1419,6173,473,2018,5,4,20,2,2018,473,6173,"Friday   ","2018Q2","N","N","N",2458210,2458239,2457864,2458138,"N","N","N","N","N"
2458230,"0000000002458230",2018-04-21,1419,6173,473,2018,6,4,21,2,2018,473,6173,"Saturday ","2018Q2","N","Y","N",2458210,2458239,2457865,2458139,"N","N","N","N","N"
2458231,"0000000002458231",2018-04-22,1419,6173,473,2018,0,4,22,2,2018,473,6173,"Sunday   ","2018Q2","N","Y","N",2458210,2458239,2457866,2458140,"N","N","N","N","N"
2458232,"0000000002458232",2018-04-23,1419,6174,473,2018,1,4,23,2,2018,473,6174,"Monday   ","2018Q2","N","N","N",2458210,2458239,2457867,2458141,"N","N","N","N","N"
2458233,"0000000002458233",2018-04-24,1419,6174,473,2018,2,4,24,2,2018,473,6174,"Tuesday  ","2018Q2","N","N","N",2458210,2458239,2457868,2458142,"N","N","N","N","N"
2458234,"0000000002458234",2018-04-25,1419,6174,473,2018,3,4,25,2,2018,473,6174,"Wednesday","2018Q2","N","N","N",2458210,2458239,2457869,2458143,"N","N","N","N","N"
2458235,"0000000002458235",2018-04-26,1419,6174,473,2018,4,4,26,2,2018,473,6174,"Thursday ","2018Q2","N","N","N",2458210,2458239,2457870,2458144,"N","N","N","N","N"
2458236,"0000000002458236",2018-04-27,1419,6174,473,2018,5,4,27,2,2018,473,6174,"Friday   ","2018Q2","N","N","N",2458210,2458239,2457871,2458145,"N","N","N","N","N"
2458237,"0000000002458237",2018-04-28,1419,6174,473,2018,6,4,28,2,2018,473,6174,"Saturday ","2018Q2","N","Y","N",2458210,2458239,2457872,2458146,"N","N","N","N","N"
2458238,"0000000002458238",2018-04-29,1419,6174,473,2018,0,4,29,2,2018,473,6174,"Sunday   ","2018Q2","N","Y","N",2458210,2458239,2457873,2458147,"N","N","N","N","N"
2458239,"0000000002458239",2018-04-30,1419,6175,473,2018,1,4,30,2,2018,473,6175,"Monday   ","2018Q2","N","N","N",2458210,2458239,2457874,2458148,"N","N","N","N","N"
2458240,"0000000002458240",2018-05-01,1420,6175,473,2018,2,5,1,2,2018,473,6175,"Tuesday  ","2018Q2","N","N","N",2458240,2458270,2457875,2458149,"N","N","N","N","N"
2458241,"0000000002458241",2018-05-02,1420,6175,473,2018,3,5,2,2,2018,473,6175,"Wednesday","2018Q2","N","N","N",2458240,2458270,2457876,2458150,"N","N","N","N","N"
2458242,"0000000002458242",2018-05-03,1420,6175,473,2018,4,5,3,2,2018,473,6175,"Thursday ","2018Q2","N","N","N",2458240,2458270,2457877,2458151,"N","N","N","N","N"
2458243,"0000000002458243",2018-05-04,1420,6175,473,2018,5,5,4,2,2018,473,6175,"Friday   ","2018Q2","N","N","N",2458240,2458270,2457878,2458152,"N","N","N","N","N"
2458244,"0000000002458244",2018-05-05,1420,6175,473,2018,6,5,5,2,2018,473,6175,"Saturday ","2018Q2","N","Y","N",2458240,2458270,2457879,2458153,"N","N","N","N","N"
2458245,"0000000002458245",2018-05-06,1420,6175,473,2018,0,5,6,2,2018,473,6175,"Sunday   ","2018Q2","N","Y","N",2458240,2458270,2457880,2458154,"N","N","N","N","N"
2458246,"0000000002458246",2018-05-07,1420,6176,473,2018,1,5,7,2,2018,473,6176,"Monday   ","2018Q2","N","N","N",2458240,2458270,2457881,2458155,"N","N","N","N","N"
2458247,"0000000002458247",2018-05-08,1420,6176,473,2018,2,5,8,2,2018,473,6176,"Tuesday  ","2018Q2","N","N","N",2458240,2458270,2457882,2458156,"N","N","N","N","N"
2458248,"0000000002458248",2018-05-09,1420,6176,473,2018,3,5,9,2,2018,473,6176,"Wednesday","2018Q2","N","N","N",2458240,2458270,2457883,2458157,"N","N","N","N","N"
2458249,"0000000002458249",2018-05-10,1420,6176,473,2018,4,5,10,2,2018,473,6176,"Thursday ","2018Q2","N","N","N",2458240,2458270,2457884,2458158,"N","N","N","N","N"
2458250,"0000000002458250",2018-05-11,1420,6176,473,2018,5,5,11,2,2018,473,6176,"Friday   ","2018Q2","N","N","N",2458240,2458270,2457885,2458159,"N","N","N","N","N"
2458251,"0000000002458251",2018-05-12,1420,6176,473,2018,6,5,12,2,2018,473,6176,"Saturday ","2018Q2","N","Y","N",2458240,2458270,2457886,2458160,"N","N","N","N","N"
2458252,"0000000002458252",2018-05-13,1420,6176,473,2018,0,5,13,2,2018,473,6176,"Sunday   ","2018Q2","N","Y","N",2458240,2458270,2457887,2458161,"N","N","N","N","N"
2458253,"0000000002458253",2018-05-14,1420,6177,473,2018,1,5,14,2,2018,473,6177,"Monday   ","2018Q2","N","N","N",2458240,2458270,2457888,2458162,"N","N","N","N","N"
2458254,"0000000002458254",2018-05-15,1420,6177,473,2018,2,5,15,2,2018,473,6177,"Tuesday  ","2018Q2","N","N","N",2458240,2458270,2457889,2458163,"N","N","N","N","N"
2458255,"0000000002458255",2018-05-16,1420,6177,473,2018,3,5,16,2,2018,473,6177,"Wednesday","2018Q2","N","N","N",2458240,2458270,2457890,2458164,"N","N","N","N","N"
2458256,"0000000002458256",2018-05-17,1420,6177,473,2018,4,5,17,2,2018,473,6177,"Thursday ","2018Q2","N","N","N",2458240,2458270,2457891,2458165,"N","N","N","N","N"
2458257,"0000000002458257",2018-05-18,1420,6177,473,2018,5,5,18,2,2018,473,6177,"Friday   ","2018Q2","N","N","N",2458240,2458270,2457892,2458166,"N","N","N","N","N"
2458258,"0000000002458258",2018-05-19,1420,6177,473,2018,6,5,19,2,2018,473,6177,"Saturday ","2018Q2","N","Y","N",2458240,2458270,2457893,2458167,"N","N","N","N","N"
2458259,"0000000002458259",2018-05-20,1420,6177,473,2018,0,5,20,2,2018,473,6177,"Sunday   ","2018Q2","N","Y","N",2458240,2458270,2457894,2458168,"N","N","N","N","N"
2458260,"0000000002458260",2018-05-21,1420,6178,473,2018,1,5,21,2,2018,473,6178,"Monday   ","2018Q2","N","N","N",2458240,2458270,2457895,2458169,"N","N","N","N","N"
2458261,"0000000002458261",2018-05-22,1420,6178,473,2018,2,5,22,2,2018,473,6178,"Tuesday  ","2018Q2","N","N","N",2458240,2458270,2457896,2458170,"N","N","N","N","N"
2458262,"0000000002458262",2018-05-23,1420,6178,473,2018,3,5,23,2,2018,473,6178,"Wednesday","2018Q2","N","N","N",2458240,2458270,2457897,2458171,"N","N","N","N","N"
2458263,"0000000002458263",2018-05-24,1420,6178,473,2018,4,5,24,2,2018,473,6178,"Thursday ","2018Q2","N","N","N",2458240,2458270,2457898,2458172,"N","N","N","N","N"
2458264,"0000000002458264",2018-05-25,1420,6178,473,2018,5,5,25,2,2018,473,6178,"Friday   ","2018Q2","N","N","N",2458240,2458270,2457899,2458173,"N","N","N","N","N"
2458265,"0000000002458265",2018-05-26,1420,6178,473,2018,6,5,26,2,2018,473,6178,"Saturday ","2018Q2","N","Y","N",2458240,2458270,2457900,2458174,"N","N","N","N","N"
2458266,"0000000002458266",2018-05-27,1420,6178,473,2018,0,5,27,2,2018,473,6178,"Sunday   ","2018Q2","N","Y","N",2458240,2458270,2457901,2458175,"N","N","N","N","N"
2458267,"0000000002458267",2018-05-28,1420,6179,473,2018,1,5,28,2,2018,473,6179,"Monday   ","2018Q2","N","N","N",2458240,2458270,2457902,2458176,"N","N","N","N","N"
2458268,"0000000002458268",2018-05-29,1420,6179,473,2018,2,5,29,2,2018,473,6179,"Tuesday  ","2018Q2","N","N","N",2458240,2458270,2457903,2458177,"N","N","N","N","N"
2458269,"0000000002458269",2018-05-30,1420,6179,473,2018,3,5,30,2,2018,473,6179,"Wednesday","2018Q2","N","N","N",2458240,2458270,2457904,2458178,"N","N","N","N","N"
2458270,"0000000002458270",2018-05-31,1420,6179,473,2018,4,5,31,2,2018,473,6179,"Thursday ","2018Q2","N","N","N",2458240,2458270,2457905,2458179,"N","N","N","N","N"
2458271,"0000000002458271",2018-06-01,1421,6179,473,2018,5,6,1,2,2018,473,6179,"Friday   ","2018Q2","N","N","N",2458271,2458300,2457906,2458180,"N","N","N","N","N"
2458272,"0000000002458272",2018-06-02,1421,6179,473,2018,6,6,2,2,2018,473,6179,"Saturday ","2018Q2","N","Y","N",2458271,2458300,2457907,2458181,"N","N","N","N","N"
2458273,"0000000002458273",2018-06-03,1421,6179,473,2018,0,6,3,2,2018,473,6179,"Sunday   ","2018Q2","N","Y","N",2458271,2458300,2457908,2458182,"N","N","N","N","N"
2458274,"0000000002458274",2018-06-04,1421,6180,473,2018,1,6,4,2,2018,473,6180,"Monday   ","2018Q2","N","N","N",2458271,2458300,2457909,2458183,"N","N","N","N","N"
2458275,"0000000002458275",2018-06-05,1421,6180,473,2018,2,6,5,2,2018,473,6180,"Tuesday  ","2018Q2","N","N","N",2458271,2458300,2457910,2458184,"N","N","N","N","N"
2458276,"0000000002458276",2018-06-06,1421,6180,473,2018,3,6,6,2,2018,473,6180,"Wednesday","2018Q2","N","N","N",2458271,2458300,2457911,2458185,"N","N","N","N","N"
2458277,"0000000002458277",2018-06-07,1421,6180,473,2018,4,6,7,2,2018,473,6180,"Thursday ","2018Q2","N","N","N",2458271,2458300,2457912,2458186,"N","N","N","N","N"
2458278,"0000000002458278",2018-06-08,1421,6180,473,2018,5,6,8,2,2018,473,6180,"Friday   ","2018Q2","N","N","N",2458271,2458300,2457913,2458187,"N","N","N","N","N"
2458279,"0000000002458279",2018-06-09,1421,6180,473,2018,6,6,9,2,2018,473,6180,"Saturday ","2018Q2","N","Y","N",2458271,2458300,2457914,2458188,"N","N","N","N","N"
2458280,"0000000002458280",2018-06-10,1421,6180,473,2018,0,6,10,2,2018,473,6180,"Sunday   ","2018Q2","N","Y","N",2458271,2458300,2457915,2458189,"N","N","N","N","N"
2458281,"0000000002458281",2018-06-11,1421,6181,473,2018,1,6,11,2,2018,473,6181,"Monday   ","2018Q2","N","N","N",2458271,2458300,2457916,2458190,"N","N","N","N","N"
2458282,"0000000002458282",2018-06-12,1421,6181,473,2018,2,6,12,2,2018,473,6181,"Tuesday  ","2018Q2","N","N","N",2458271,2458300,2457917,2458191,"N","N","N","N","N"
2458283,"0000000002458283",2018-06-13,1421,6181,473,2018,3,6,13,2,2018,473,6181,"Wednesday","2018Q2","N","N","N",2458271,2458300,2457918,2458192,"N","N","N","N","N"
2458284,"0000000002458284",2018-06-14,1421,6181,473,2018,4,6,14,2,2018,473,6181,"Thursday ","2018Q2","N","N","N",2458271,2458300,2457919,2458193,"N","N","N","N","N"
2458285,"0000000002458285",2018-06-15,1421,6181,473,2018,5,6,15,2,2018,473,6181,"Friday   ","2018Q2","N","N","N",2458271,2458300,2457920,2458194,"N","N","N","N","N"
2458286,"0000000002458286",2018-06-16,1421,6181,473,2018,6,6,16,2,2018,473,6181,"Saturday ","2018Q2","N","Y","N",2458271,2458300,2457921,2458195,"N","N","N","N","N"
2458287,"0000000002458287",2018-06-17,1421,6181,473,2018,0,6,17,2,2018,473,6181,"Sunday   ","2018Q2","N","Y","N",2458271,2458300,2457922,2458196,"N","N","N","N","N"
2458288,"0000000002458288",2018-06-18,1421,6182,473,2018,1,6,18,2,2018,473,6182,"Monday   ","2018Q2","N","N","N",2458271,2458300,2457923,2458197,"N","N","N","N","N"
2458289,"0000000002458289",2018-06-19,1421,6182,473,2018,2,6,19,2,2018,473,6182,"Tuesday  ","2018Q2","N","N","N",2458271,2458300,2457924,2458198,"N","N","N","N","N"
2458290,"0000000002458290",2018-06-20,1421,6182,473,2018,3,6,20,2,2018,473,6182,"Wednesday","2018Q2","N","N","N",2458271,2458300,2457925,2458199,"N","N","N","N","N"
2458291,"0000000002458291",2018-06-21,1421,6182,473,2018,4,6,21,2,2018,473,6182,"Thursday ","2018Q2","N","N","N",2458271,2458300,2457926,2458200,"N","N","N","N","N"
2458292,"0000000002458292",2018-06-22,1421,6182,473,2018,5,6,22,2,2018,473,6182,"Friday   ","2018Q2","N","N","N",2458271,2458300,2457927,2458201,"N","N","N","N","N"
2458293,"0000000002458293",2018-06-23,1421,6182,473,2018,6,6,23,2,2018,473,6182,"Saturday ","2018Q2","N","Y","N",2458271,2458300,2457928,2458202,"N","N","N","N","N"
2458294,"0000000002458294",2018-06-24,1421,6182,473,2018,0,6,24,2,2018,473,6182,"Sunday   ","2018Q2","N","Y","N",2458271,2458300,2457929,2458203,"N","N","N","N","N"
2458295,"0000000002458295",2018-06-25,1421,6183,473,2018,1,6,25,2,2018,473,6183,"Monday   ","2018Q2","N","N","N",2458271,2458300,2457930,2458204,"N","N","N","N","N"
2458296,"0000000002458296",2018-06-26,1421,6183,473,2018,2,6,26,2,2018,473,6183,"Tuesday  ","2018Q2","N","N","N",2458271,2458300,2457931,2458205,"N","N","N","N","N"
2458297,"0000000002458297",2018-06-27,1421,6183,473,2018,3,6,27,2,2018,473,6183,"Wednesday","2018Q2","N","N","N",2458271,2458300,2457932,2458206,"N","N","N","N","N"
2458298,"0000000002458298",2018-06-28,1421,6183,473,2018,4,6,28,2,2018,473,6183,"Thursday ","2018Q2","N","N","N",2458271,2458300,2457933,2458207,"N","N","N","N","N"
2458299,"0000000002458299",2018-06-29,1421,6183,473,2018,5,6,29,2,2018,473,6183,"Friday   ","2018Q2","N","N","N",2458271,2458300,2457934,2458208,"N","N","N","N","N"
2458300,"0000000002458300",2018-06-30,1421,6183,473,2018,6,6,30,2,2018,473,6183,"Saturday ","2018Q2","N","Y","N",2458271,2458300,2457935,2458209,"N","N","N","N","N"
2458301,"0000000002458301",2018-07-01,1422,6183,474,2018,0,7,1,3,2018,474,6183,"Sunday   ","2018Q3","N","Y","N",2458301,2458331,2457936,2458210,"N","N","N","N","N"
2458302,"0000000002458302",2018-07-02,1422,6184,474,2018,1,7,2,3,2018,474,6184,"Monday   ","2018Q3","N","N","N",2458301,2458331,2457937,2458211,"N","N","N","N","N"
2458303,"0000000002458303",2018-07-03,1422,6184,474,2018,2,7,3,3,2018,474,6184,"Tuesday  ","2018Q3","N","N","N",2458301,2458331,2457938,2458212,"N","N","N","N","N"
2458304,"0000000002458304",2018-07-04,1422,6184,474,2018,3,7,4,3,2018,474,6184,"Wednesday","2018Q3","N","N","N",2458301,2458331,2457939,2458213,"N","N","N","N","N"
2458305,"0000000002458305",2018-07-05,1422,6184,474,2018,4,7,5,3,2018,474,6184,"Thursday ","2018Q3","N","N","N",2458301,2458331,2457940,2458214,"N","N","N","N","N"
2458306,"0000000002458306",2018-07-06,1422,6184,474,2018,5,7,6,3,2018,474,6184,"Friday   ","2018Q3","N","N","N",2458301,2458331,2457941,2458215,"N","N","N","N","N"
2458307,"0000000002458307",2018-07-07,1422,6184,474,2018,6,7,7,3,2018,474,6184,"Saturday ","2018Q3","N","Y","N",2458301,2458331,2457942,2458216,"N","N","N","N","N"
2458308,"0000000002458308",2018-07-08,1422,6184,474,2018,0,7,8,3,2018,474,6184,"Sunday   ","2018Q3","N","Y","N",2458301,2458331,2457943,2458217,"N","N","N","N","N"
2458309,"0000000002458309",2018-07-09,1422,6185,474,2018,1,7,9,3,2018,474,6185,"Monday   ","2018Q3","N","N","N",2458301,2458331,2457944,2458218,"N","N","N","N","N"
2458310,"0000000002458310",2018-07-10,1422,6185,474,2018,2,7,10,3,2018,474,6185,"Tuesday  ","2018Q3","N","N","N",2458301,2458331,2457945,2458219,"N","N","N","N","N"
2458311,"0000000002458311",2018-07-11,1422,6185,474,2018,3,7,11,3,2018,474,6185,"Wednesday","2018Q3","N","N","N",2458301,2458331,2457946,2458220,"N","N","N","N","N"
2458312,"0000000002458312",2018-07-12,1422,6185,474,2018,4,7,12,3,2018,474,6185,"Thursday ","2018Q3","N","N","N",2458301,2458331,2457947,2458221,"N","N","N","N","N"
2458313,"0000000002458313",2018-07-13,1422,6185,474,2018,5,7,13,3,2018,474,6185,"Friday   ","2018Q3","N","N","N",2458301,2458331,2457948,2458222,"N","N","N","N","N"
2458314,"0000000002458314",2018-07-14,1422,6185,474,2018,6,7,14,3,2018,474,6185,"Saturday ","2018Q3","N","Y","N",2458301,2458331,2457949,2458223,"N","N","N","N","N"
2458315,"0000000002458315",2018-07-15,1422,6185,474,2018,0,7,15,3,2018,474,6185,"Sunday   ","2018Q3","N","Y","N",2458301,2458331,2457950,2458224,"N","N","N","N","N"
2458316,"0000000002458316",2018-07-16,1422,6186,474,2018,1,7,16,3,2018,474,6186,"Monday   ","2018Q3","N","N","N",2458301,2458331,2457951,2458225,"N","N","N","N","N"
2458317,"0000000002458317",2018-07-17,1422,6186,474,2018,2,7,17,3,2018,474,6186,"Tuesday  ","2018Q3","N","N","N",2458301,2458331,2457952,2458226,"N","N","N","N","N"
2458318,"0000000002458318",2018-07-18,1422,6186,474,2018,3,7,18,3,2018,474,6186,"Wednesday","2018Q3","N","N","N",2458301,2458331,2457953,2458227,"N","N","N","N","N"
2458319,"0000000002458319",2018-07-19,1422,6186,474,2018,4,7,19,3,2018,474,6186,"Thursday ","2018Q3","N","N","N",2458301,2458331,2457954,2458228,"N","N","N","N","N"
2458320,"0000000002458320",2018-07-20,1422,6186,474,2018,5,7,20,3,2018,474,6186,"Friday   ","2018Q3","N","N","N",2458301,2458331,2457955,2458229,"N","N","N","N","N"
2458321,"0000000002458321",2018-07-21,1422,6186,474,2018,6,7,21,3,2018,474,6186,"Saturday ","2018Q3","N","Y","N",2458301,2458331,2457956,2458230,"N","N","N","N","N"
2458322,"0000000002458322",2018-07-22,1422,6186,474,2018,0,7,22,3,2018,474,6186,"Sunday   ","2018Q3","N","Y","N",2458301,2458331,2457957,2458231,"N","N","N","N","N"
2458323,"0000000002458323",2018-07-23,1422,6187,474,2018,1,7,23,3,2018,474,6187,"Monday   ","2018Q3","N","N","N",2458301,2458331,2457958,2458232,"N","N","N","N","N"
2458324,"0000000002458324",2018-07-24,1422,6187,474,2018,2,7,24,3,2018,474,6187,"Tuesday  ","2018Q3","N","N","N",2458301,2458331,2457959,2458233,"N","N","N","N","N"
2458325,"0000000002458325",2018-07-25,1422,6187,474,2018,3,7,25,3,2018,474,6187,"Wednesday","2018Q3","N","N","N",2458301,2458331,2457960,2458234,"N","N","N","N","N"
2458326,"0000000002458326",2018-07-26,1422,6187,474,2018,4,7,26,3,2018,474,6187,"Thursday ","2018Q3","N","N","N",2458301,2458331,2457961,2458235,"N","N","N","N","N"
2458327,"0000000002458327",2018-07-27,1422,6187,474,2018,5,7,27,3,2018,474,6187,"Friday   ","2018Q3","N","N","N",2458301,2458331,2457962,2458236,"N","N","N","N","N"
2458328,"0000000002458328",2018-07-28,1422,6187,474,2018,6,7,28,3,2018,474,6187,"Saturday ","2018Q3","N","Y","N",2458301,2458331,2457963,2458237,"N","N","N","N","N"
2458329,"0000000002458329",2018-07-29,1422,6187,474,2018,0,7,29,3,2018,474,6187,"Sunday   ","2018Q3","N","Y","N",2458301,2458331,2457964,2458238,"N","N","N","N","N"
2458330,"0000000002458330",2018-07-30,1422,6188,474,2018,1,7,30,3,2018,474,6188,"Monday   ","2018Q3","N","N","N",2458301,2458331,2457965,2458239,"N","N","N","N","N"
2458331,"0000000002458331",2018-07-31,1422,6188,474,2018,2,7,31,3,2018,474,6188,"Tuesday  ","2018Q3","N","N","N",2458301,2458331,2457966,2458240,"N","N","N","N","N"
2458332,"0000000002458332",2018-08-01,1423,6188,474,2018,3,8,1,3,2018,474,6188,"Wednesday","2018Q3","N","N","N",2458332,2458362,2457967,2458241,"N","N","N","N","N"
2458333,"0000000002458333",2018-08-02,1423,6188,474,2018,4,8,2,3,2018,474,6188,"Thursday ","2018Q3","N","N","N",2458332,2458362,2457968,2458242,"N","N","N","N","N"
2458334,"0000000002458334",2018-08-03,1423,6188,474,2018,5,8,3,3,2018,474,6188,"Friday   ","2018Q3","N","N","N",2458332,2458362,2457969,2458243,"N","N","N","N","N"
2458335,"0000000002458335",2018-08-04,1423,6188,474,2018,6,8,4,3,2018,474,6188,"Saturday ","2018Q3","N","Y","N",2458332,2458362,2457970,2458244,"N","N","N","N","N"
2458336,"0000000002458336",2018-08-05,1423,6188,474,2018,0,8,5,3,2018,474,6188,"Sunday   ","2018Q3","N","Y","N",2458332,2458362,2457971,2458245,"N","N","N","N","N"
2458337,"0000000002458337",2018-08-06,1423,6189,474,2018,1,8,6,3,2018,474,6189,"Monday   ","2018Q3","N","N","N",2458332,2458362,2457972,2458246,"N","N","N","N","N"
2458338,"0000000002458338",2018-08-07,1423,6189,474,2018,2,8,7,3,2018,474,6189,"Tuesday  ","2018Q3","N","N","N",2458332,2458362,2457973,2458247,"N","N","N","N","N"
2458339,"0000000002458339",2018-08-08,1423,6189,474,2018,3,8,8,3,2018,474,6189,"Wednesday","2018Q3","N","N","N",2458332,2458362,2457974,2458248,"N","N","N","N","N"
2458340,"0000000002458340",2018-08-09,1423,6189,474,2018,4,8,9,3,2018,474,6189,"Thursday ","2018Q3","N","N","N",2458332,2458362,2457975,2458249,"N","N","N","N","N"
2458341,"0000000002458341",2018-08-10,1423,6189,474,2018,5,8,10,3,2018,474,6189,"Friday   ","2018Q3","N","N","N",2458332,2458362,2457976,2458250,"N","N","N","N","N"
2458342,"0000000002458342",2018-08-11,1423,6189,474,2018,6,8,11,3,2018,474,6189,"Saturday ","2018Q3","N","Y","N",2458332,2458362,2457977,2458251,"N","N","N","N","N"
2458343,"0000000002458343",2018-08-12,1423,6189,474,2018,0,8,12,3,2018,474,6189,"Sunday   ","2018Q3","N","Y","N",2458332,2458362,2457978,2458252,"N","N","N","N","N"
2458344,"0000000002458344",2018-08-13,1423,6190,474,2018,1,8,13,3,2018,474,6190,"Monday   ","2018Q3","N","N","N",2458332,2458362,2457979,2458253,"N","N","N","N","N"
2458345,"0000000002458345",2018-08-14,1423,6190,474,2018,2,8,14,3,2018,474,6190,"Tuesday  ","2018Q3","N","N","N",2458332,2458362,2457980,2458254,"N","N","N","N","N"
2458346,"0000000002458346",2018-08-15,1423,6190,474,2018,3,8,15,3,2018,474,6190,"Wednesday","2018Q3","N","N","N",2458332,2458362,2457981,2458255,"N","N","N","N","N"
2458347,"0000000002458347",2018-08-16,1423,6190,474,2018,4,8,16,3,2018,474,6190,"Thursday ","2018Q3","N","N","N",2458332,2458362,2457982,2458256,"N","N","N","N","N"
2458348,"0000000002458348",2018-08-17,1423,6190,474,2018,5,8,17,3,2018,474,6190,"Friday   ","2018Q3","N","N","N",2458332,2458362,2457983,2458257,"N","N","N","N","N"
2458349,"0000000002458349",2018-08-18,1423,6190,474,2018,6,8,18,3,2018,474,6190,"Saturday ","2018Q3","N","Y","N",2458332,2458362,2457984,2458258,"N","N","N","N","N"
2458350,"0000000002458350",2018-08-19,1423,6190,474,2018,0,8,19,3,2018,474,6190,"Sunday   ","2018Q3","N","Y","N",2458332,2458362,2457985,2458259,"N","N","N","N","N"
2458351,"0000000002458351",2018-08-20,1423,6191,474,2018,1,8,20,3,2018,474,6191,"Monday   ","2018Q3","N","N","N",2458332,2458362,2457986,2458260,"N","N","N","N","N"
2458352,"0000000002458352",2018-08-21,1423,6191,474,2018,2,8,21,3,2018,474,6191,"Tuesday  ","2018Q3","N","N","N",2458332,2458362,2457987,2458261,"N","N","N","N","N"
2458353,"0000000002458353",2018-08-22,1423,6191,474,2018,3,8,22,3,2018,474,6191,"Wednesday","2018Q3","N","N","N",2458332,2458362,2457988,2458262,"N","N","N","N","N"
2458354,"0000000002458354",2018-08-23,1423,6191,474,2018,4,8,23,3,2018,474,6191,"Thursday ","2018Q3","N","N","N",2458332,2458362,2457989,2458263,"N","N","N","N","N"
2458355,"0000000002458355",2018-08-24,1423,6191,474,2018,5,8,24,3,2018,474,6191,"Friday   ","2018Q3","N","N","N",2458332,2458362,2457990,2458264,"N","N","N","N","N"
2458356,"0000000002458356",2018-08-25,1423,6191,474,2018,6,8,25,3,2018,474,6191,"Saturday ","2018Q3","N","Y","N",2458332,2458362,2457991,2458265,"N","N","N","N","N"
2458357,"0000000002458357",2018-08-26,1423,6191,474,2018,0,8,26,3,2018,474,6191,"Sunday   ","2018Q3","N","Y","N",2458332,2458362,2457992,2458266,"N","N","N","N","N"
2458358,"0000000002458358",2018-08-27,1423,6192,474,2018,1,8,27,3,2018,474,6192,"Monday   ","2018Q3","N","N","N",2458332,2458362,2457993,2458267,"N","N","N","N","N"
2458359,"0000000002458359",2018-08-28,1423,6192,474,2018,2,8,28,3,2018,474,6192,"Tuesday  ","2018Q3","N","N","N",2458332,2458362,2457994,2458268,"N","N","N","N","N"
2458360,"0000000002458360",2018-08-29,1423,6192,474,2018,3,8,29,3,2018,474,6192,"Wednesday","2018Q3","N","N","N",2458332,2458362,2457995,2458269,"N","N","N","N","N"
2458361,"0000000002458361",2018-08-30,1423,6192,474,2018,4,8,30,3,2018,474,6192,"Thursday ","2018Q3","N","N","N",2458332,2458362,2457996,2458270,"N","N","N","N","N"
2458362,"0000000002458362",2018-08-31,1423,6192,474,2018,5,8,31,3,2018,474,6192,"Friday   ","2018Q3","N","N","N",2458332,2458362,2457997,2458271,"N","N","N","N","N"
2458363,"0000000002458363",2018-09-01,1424,6192,474,2018,6,9,1,3,2018,474,6192,"Saturday ","2018Q3","N","Y","N",2458363,2458392,2457998,2458272,"N","N","N","N","N"
2458364,"0000000002458364",2018-09-02,1424,6192,474,2018,0,9,2,3,2018,474,6192,"Sunday   ","2018Q3","N","Y","N",2458363,2458392,2457999,2458273,"N","N","N","N","N"
2458365,"0000000002458365",2018-09-03,1424,6193,474,2018,1,9,3,3,2018,474,6193,"Monday   ","2018Q3","N","N","N",2458363,2458392,2458000,2458274,"N","N","N","N","N"
2458366,"0000000002458366",2018-09-04,1424,6193,474,2018,2,9,4,3,2018,474,6193,"Tuesday  ","2018Q3","N","N","N",2458363,2458392,2458001,2458275,"N","N","N","N","N"
2458367,"0000000002458367",2018-09-05,1424,6193,474,2018,3,9,5,3,2018,474,6193,"Wednesday","2018Q3","N","N","N",2458363,2458392,2458002,2458276,"N","N","N","N","N"
2458368,"0000000002458368",2018-09-06,1424,6193,474,2018,4,9,6,3,2018,474,6193,"Thursday ","2018Q3","N","N","N",2458363,2458392,2458003,2458277,"N","N","N","N","N"
2458369,"0000000002458369",2018-09-07,1424,6193,474,2018,5,9,7,3,2018,474,6193,"Friday   ","2018Q3","N","N","N",2458363,2458392,2458004,2458278,"N","N","N","N","N"
2458370,"0000000002458370",2018-09-08,1424,6193,474,2018,6,9,8,3,2018,474,6193,"Saturday ","2018Q3","N","Y","N",2458363,2458392,2458005,2458279,"N","N","N","N","N"
2458371,"0000000002458371",2018-09-09,1424,6193,474,2018,0,9,9,3,2018,474,6193,"Sunday   ","2018Q3","N","Y","N",2458363,2458392,2458006,2458280,"N","N","N","N","N"
2458372,"0000000002458372",2018-09-10,1424,6194,474,2018,1,9,10,3,2018,474,6194,"Monday   ","2018Q3","N","N","N",2458363,2458392,2458007,2458281,"N","N","N","N","N"
2458373,"0000000002458373",2018-09-11,1424,6194,474,2018,2,9,11,3,2018,474,6194,"Tuesday  ","2018Q3","N","N","N",2458363,2458392,2458008,2458282,"N","N","N","N","N"
2458374,"0000000002458374",2018-09-12,1424,6194,474,2018,3,9,12,3,2018,474,6194,"Wednesday","2018Q3","N","N","N",2458363,2458392,2458009,2458283,"N","N","N","N","N"
2458375,"0000000002458375",2018-09-13,1424,6194,474,2018,4,9,13,3,2018,474,6194,"Thursday ","2018Q3","N","N","N",2458363,2458392,2458010,2458284,"N","N","N","N","N"
2458376,"0000000002458376",2018-09-14,1424,6194,474,2018,5,9,14,3,2018,474,6194,"Friday   ","2018Q3","N","N","N",2458363,2458392,2458011,2458285,"N","N","N","N","N"
2458377,"0000000002458377",2018-09-15,1424,6194,474,2018,6,9,15,3,2018,474,6194,"Saturday ","2018Q3","N","Y","N",2458363,2458392,2458012,2458286,"N","N","N","N","N"
2458378,"0000000002458378",2018-09-16,1424,6194,474,2018,0,9,16,3,2018,474,6194,"Sunday   ","2018Q3","N","Y","N",2458363,2458392,2458013,2458287,"N","N","N","N","N"
2458379,"0000000002458379",2018-09-17,1424,6195,474,2018,1,9,17,3,2018,474,6195,"Monday   ","2018Q3","N","N","N",2458363,2458392,2458014,2458288,"N","N","N","N","N"
2458380,"0000000002458380",2018-09-18,1424,6195,474,2018,2,9,18,3,2018,474,6195,"Tuesday  ","2018Q3","N","N","N",2458363,2458392,2458015,2458289,"N","N","N","N","N"
2458381,"0000000002458381",2018-09-19,1424,6195,474,2018,3,9,19,3,2018,474,6195,"Wednesday","2018Q3","N","N","N",2458363,2458392,2458016,2458290,"N","N","N","N","N"
2458382,"0000000002458382",2018-09-20,1424,6195,474,2018,4,9,20,3,2018,474,6195,"Thursday ","2018Q3","N","N","N",2458363,2458392,2458017,2458291,"N","N","N","N","N"
2458383,"0000000002458383",2018-09-21,1424,6195,474,2018,5,9,21,3,2018,474,6195,"Friday   ","2018Q3","N","N","N",2458363,2458392,2458018,2458292,"N","N","N","N","N"
2458384,"0000000002458384",2018-09-22,1424,6195,474,2018,6,9,22,3,2018,474,6195,"Saturday ","2018Q3","N","Y","N",2458363,2458392,2458019,2458293,"N","N","N","N","N"
2458385,"0000000002458385",2018-09-23,1424,6195,474,2018,0,9,23,3,2018,474,6195,"Sunday   ","2018Q3","N","Y","N",2458363,2458392,2458020,2458294,"N","N","N","N","N"
2458386,"0000000002458386",2018-09-24,1424,6196,474,2018,1,9,24,3,2018,474,6196,"Monday   ","2018Q3","N","N","N",2458363,2458392,2458021,2458295,"N","N","N","N","N"
2458387,"0000000002458387",2018-09-25,1424,6196,474,2018,2,9,25,3,2018,474,6196,"Tuesday  ","2018Q3","N","N","N",2458363,2458392,2458022,2458296,"N","N","N","N","N"
2458388,"0000000002458388",2018-09-26,1424,6196,474,2018,3,9,26,3,2018,474,6196,"Wednesday","2018Q3","N","N","N",2458363,2458392,2458023,2458297,"N","N","N","N","N"
2458389,"0000000002458389",2018-09-27,1424,6196,474,2018,4,9,27,3,2018,474,6196,"Thursday ","2018Q3","N","N","N",2458363,2458392,2458024,2458298,"N","N","N","N","N"
2458390,"0000000002458390",2018-09-28,1424,6196,474,2018,5,9,28,3,2018,474,6196,"Friday   ","2018Q3","N","N","N",2458363,2458392,2458025,2458299,"N","N","N","N","N"
2458391,"0000000002458391",2018-09-29,1424,6196,474,2018,6,9,29,3,2018,474,6196,"Saturday ","2018Q3","N","Y","N",2458363,2458392,2458026,2458300,"N","N","N","N","N"
2458392,"0000000002458392",2018-09-30,1424,6196,474,2018,0,9,30,3,2018,474,6196,"Sunday   ","2018Q3","N","Y","N",2458363,2458392,2458027,2458301,"N","N","N","N","N"
2458393,"0000000002458393",2018-10-01,1425,6197,475,2018,1,10,1,4,2018,475,6197,"Monday   ","2018Q4","N","N","N",2458393,2458423,2458028,2458302,"N","N","N","N","N"
2458394,"0000000002458394",2018-10-02,1425,6197,475,2018,2,10,2,4,2018,475,6197,"Tuesday  ","2018Q4","N","N","N",2458393,2458423,2458029,2458303,"N","N","N","N","N"
2458395,"0000000002458395",2018-10-03,1425,6197,475,2018,3,10,3,4,2018,475,6197,"Wednesday","2018Q4","N","N","N",2458393,2458423,2458030,2458304,"N","N","N","N","N"
2458396,"0000000002458396",2018-10-04,1425,6197,475,2018,4,10,4,4,2018,475,6197,"Thursday ","2018Q4","N","N","N",2458393,2458423,2458031,2458305,"N","N","N","N","N"
2458397,"0000000002458397",2018-10-05,1425,6197,475,2018,5,10,5,4,2018,475,6197,"Friday   ","2018Q4","N","N","N",2458393,2458423,2458032,2458306,"N","N","N","N","N"
2458398,"0000000002458398",2018-10-06,1425,6197,475,2018,6,10,6,4,2018,475,6197,"Saturday ","2018Q4","N","Y","N",2458393,2458423,2458033,2458307,"N","N","N","N","N"
2458399,"0000000002458399",2018-10-07,1425,6197,475,2018,0,10,7,4,2018,475,6197,"Sunday   ","2018Q4","N","Y","N",2458393,2458423,2458034,2458308,"N","N","N","N","N"
2458400,"0000000002458400",2018-10-08,1425,6198,475,2018,1,10,8,4,2018,475,6198,"Monday   ","2018Q4","N","N","N",2458393,2458423,2458035,2458309,"N","N","N","N","N"
2458401,"0000000002458401",2018-10-09,1425,6198,475,2018,2,10,9,4,2018,475,6198,"Tuesday  ","2018Q4","N","N","N",2458393,2458423,2458036,2458310,"N","N","N","N","N"
2458402,"0000000002458402",2018-10-10,1425,6198,475,2018,3,10,10,4,2018,475,6198,"Wednesday","2018Q4","N","N","N",2458393,2458423,2458037,2458311,"N","N","N","N","N"
2458403,"0000000002458403",2018-10-11,1425,6198,475,2018,4,10,11,4,2018,475,6198,"Thursday ","2018Q4","N","N","N",2458393,2458423,2458038,2458312,"N","N","N","N","N"
2458404,"0000000002458404",2018-10-12,1425,6198,475,2018,5,10,12,4,2018,475,6198,"Friday   ","2018Q4","N","N","N",2458393,2458423,2458039,2458313,"N","N","N","N","N"
2458405,"0000000002458405",2018-10-13,1425,6198,475,2018,6,10,13,4,2018,475,6198,"Saturday ","2018Q4","N","Y","N",2458393,2458423,2458040,2458314,"N","N","N","N","N"
2458406,"0000000002458406",2018-10-14,1425,6198,475,2018,0,10,14,4,2018,475,6198,"Sunday   ","2018Q4","N","Y","N",2458393,2458423,2458041,2458315,"N","N","N","N","N"
2458407,"0000000002458407",2018-10-15,1425,6199,475,2018,1,10,15,4,2018,475,6199,"Monday   ","2018Q4","N","N","N",2458393,2458423,2458042,2458316,"N","N","N","N","N"
2458408,"0000000002458408",2018-10-16,1425,6199,475,2018,2,10,16,4,2018,475,6199,"Tuesday  ","2018Q4","N","N","N",2458393,2458423,2458043,2458317,"N","N","N","N","N"
2458409,"0000000002458409",2018-10-17,1425,6199,475,2018,3,10,17,4,2018,475,6199,"Wednesday","2018Q4","N","N","N",2458393,2458423,2458044,2458318,"N","N","N","N","N"
2458410,"0000000002458410",2018-10-18,1425,6199,475,2018,4,10,18,4,2018,475,6199,"Thursday ","2018Q4","N","N","N",2458393,2458423,2458045,2458319,"N","N","N","N","N"
2458411,"0000000002458411",2018-10-19,1425,6199,475,2018,5,10,19,4,2018,475,6199,"Friday   ","2018Q4","N","N","N",2458393,2458423,2458046,2458320,"N","N","N","N","N"
2458412,"0000000002458412",2018-10-20,1425,6199,475,2018,6,10,20,4,2018,475,6199,"Saturday ","2018Q4","N","Y","N",2458393,2458423,2458047,2458321,"N","N","N","N","N"
2458413,"0000000002458413",2018-10-21,1425,6199,475,2018,0,10,21,4,2018,475,6199,"Sunday   ","2018Q4","N","Y","N",2458393,2458423,2458048,2458322,"N","N","N","N","N"
2458414,"0000000002458414",2018-10-22,1425,6200,475,2018,1,10,22,4,2018,475,6200,"Monday   ","2018Q4","N","N","N",2458393,2458423,2458049,2458323,"N","N","N","N","N"
2458415,"0000000002458415",2018-10-23,1425,6200,475,2018,2,10,23,4,2018,475,6200,"Tuesday  ","2018Q4","N","N","N",2458393,2458423,2458050,2458324,"N","N","N","N","N"
2458416,"0000000002458416",2018-10-24,1425,6200,475,2018,3,10,24,4,2018,475,6200,"Wednesday","2018Q4","N","N","N",2458393,2458423,2458051,2458325,"N","N","N","N","N"
2458417,"0000000002458417",2018-10-25,1425,6200,475,2018,4,10,25,4,2018,475,6200,"Thursday ","2018Q4","N","N","N",2458393,2458423,2458052,2458326,"N","N","N","N","N"
2458418,"0000000002458418",2018-10-26,1425,6200,475,2018,5,10,26,4,2018,475,6200,"Friday   ","2018Q4","N","N","N",2458393,2458423,2458053,2458327,"N","N","N","N","N"
2458419,"0000000002458419",2018-10-27,1425,6200,475,2018,6,10,27,4,2018,475,6200,"Saturday ","2018Q4","N","Y","N",2458393,2458423,2458054,2458328,"N","N","N","N","N"
2458420,"0000000002458420",2018-10-28,1425,6200,475,2018,0,10,28,4,2018,475,6200,"Sunday   ","2018Q4","N","Y","N",2458393,2458423,2458055,2458329,"N","N","N","N","N"
2458421,"0000000002458421",2018-10-29,1425,6201,475,2018,1,10,29,4,2018,475,6201,"Monday   ","2018Q4","N","N","N",2458393,2458423,2458056,2458330,"N","N","N","N","N"
2458422,"0000000002458422",2018-10-30,1425,6201,475,2018,2,10,30,4,2018,475,6201,"Tuesday  ","2018Q4","N","N","N",2458393,2458423,2458057,2458331,"N","N","N","N","N"
2458423,"0000000002458423",2018-10-31,1425,6201,475,2018,3,10,31,4,2018,475,6201,"Wednesday","2018Q4","N","N","N",2458393,2458423,2458058,2458332,"N","N","N","N","N"
2458424,"0000000002458424",2018-11-01,1426,6201,475,2018,4,11,1,4,2018,475,6201,"Thursday ","2018Q4","N","N","N",2458424,2458453,2458059,2458333,"N","N","N","N","N"
2458425,"0000000002458425",2018-11-02,1426,6201,475,2018,5,11,2,4,2018,475,6201,"Friday   ","2018Q4","N","N","N",2458424,2458453,2458060,2458334,"N","N","N","N","N"
2458426,"0000000002458426",2018-11-03,1426,6201,475,2018,6,11,3,4,2018,475,6201,"Saturday ","2018Q4","N","Y","N",2458424,2458453,2458061,2458335,"N","N","N","N","N"
2458427,"0000000002458427",2018-11-04,1426,6201,475,2018,0,11,4,4,2018,475,6201,"Sunday   ","2018Q4","N","Y","N",2458424,2458453,2458062,2458336,"N","N","N","N","N"
2458428,"0000000002458428",2018-11-05,1426,6202,475,2018,1,11,5,4,2018,475,6202,"Monday   ","2018Q4","N","N","N",2458424,2458453,2458063,2458337,"N","N","N","N","N"
2458429,"0000000002458429",2018-11-06,1426,6202,475,2018,2,11,6,4,2018,475,6202,"Tuesday  ","2018Q4","N","N","N",2458424,2458453,2458064,2458338,"N","N","N","N","N"
2458430,"0000000002458430",2018-11-07,1426,6202,475,2018,3,11,7,4,2018,475,6202,"Wednesday","2018Q4","N","N","N",2458424,2458453,2458065,2458339,"N","N","N","N","N"
2458431,"0000000002458431",2018-11-08,1426,6202,475,2018,4,11,8,4,2018,475,6202,"Thursday ","2018Q4","N","N","N",2458424,2458453,2458066,2458340,"N","N","N","N","N"
2458432,"0000000002458432",2018-11-09,1426,6202,475,2018,5,11,9,4,2018,475,6202,"Friday   ","2018Q4","N","N","N",2458424,2458453,2458067,2458341,"N","N","N","N","N"
2458433,"0000000002458433",2018-11-10,1426,6202,475,2018,6,11,10,4,2018,475,6202,"Saturday ","2018Q4","N","Y","N",2458424,2458453,2458068,2458342,"N","N","N","N","N"
2458434,"0000000002458434",2018-11-11,1426,6202,475,2018,0,11,11,4,2018,475,6202,"Sunday   ","2018Q4","N","Y","N",2458424,2458453,2458069,2458343,"N","N","N","N","N"
2458435,"0000000002458435",2018-11-12,1426,6203,475,2018,1,11,12,4,2018,475,6203,"Monday   ","2018Q4","N","N","N",2458424,2458453,2458070,2458344,"N","N","N","N","N"
2458436,"0000000002458436",2018-11-13,1426,6203,475,2018,2,11,13,4,2018,475,6203,"Tuesday  ","2018Q4","N","N","N",2458424,2458453,2458071,2458345,"N","N","N","N","N"
2458437,"0000000002458437",2018-11-14,1426,6203,475,2018,3,11,14,4,2018,475,6203,"Wednesday","2018Q4","N","N","N",2458424,2458453,2458072,2458346,"N","N","N","N","N"
2458438,"0000000002458438",2018-11-15,1426,6203,475,2018,4,11,15,4,2018,475,6203,"Thursday ","2018Q4","N","N","N",2458424,2458453,2458073,2458347,"N","N","N","N","N"
2458439,"0000000002458439",2018-11-16,1426,6203,475,2018,5,11,16,4,2018,475,6203,"Friday   ","2018Q4","N","N","N",2458424,2458453,2458074,2458348,"N","N","N","N","N"
2458440,"0000000002458440",2018-11-17,1426,6203,475,2018,6,11,17,4,2018,475,6203,"Saturday ","2018Q4","N","Y","N",2458424,2458453,2458075,2458349,"N","N","N","N","N"
2458441,"0000000002458441",2018-11-18,1426,6203,475,2018,0,11,18,4,2018,475,6203,"Sunday   ","2018Q4","N","Y","N",2458424,2458453,2458076,2458350,"N","N","N","N","N"
2458442,"0000000002458442",2018-11-19,1426,6204,475,2018,1,11,19,4,2018,475,6204,"Monday   ","2018Q4","N","N","N",2458424,2458453,2458077,2458351,"N","N","N","N","N"
2458443,"0000000002458443",2018-11-20,1426,6204,475,2018,2,11,20,4,2018,475,6204,"Tuesday  ","2018Q4","N","N","N",2458424,2458453,2458078,2458352,"N","N","N","N","N"
2458444,"0000000002458444",2018-11-21,1426,6204,475,2018,3,11,21,4,2018,475,6204,"Wednesday","2018Q4","N","N","N",2458424,2458453,2458079,2458353,"N","N","N","N","N"
2458445,"0000000002458445",2018-11-22,1426,6204,475,2018,4,11,22,4,2018,475,6204,"Thursday ","2018Q4","N","N","N",2458424,2458453,2458080,2458354,"N","N","N","N","N"
2458446,"0000000002458446",2018-11-23,1426,6204,475,2018,5,11,23,4,2018,475,6204,"Friday   ","2018Q4","N","N","N",2458424,2458453,2458081,2458355,"N","N","N","N","N"
2458447,"0000000002458447",2018-11-24,1426,6204,475,2018,6,11,24,4,2018,475,6204,"Saturday ","2018Q4","N","Y","N",2458424,2458453,2458082,2458356,"N","N","N","N","N"
2458448,"0000000002458448",2018-11-25,1426,6204,475,2018,0,11,25,4,2018,475,6204,"Sunday   ","2018Q4","N","Y","N",2458424,2458453,2458083,2458357,"N","N","N","N","N"
2458449,"0000000002458449",2018-11-26,1426,6205,475,2018,1,11,26,4,2018,475,6205,"Monday   ","2018Q4","N","N","N",2458424,2458453,2458084,2458358,"N","N","N","N","N"
2458450,"0000000002458450",2018-11-27,1426,6205,475,2018,2,11,27,4,2018,475,6205,"Tuesday  ","2018Q4","N","N","N",2458424,2458453,2458085,2458359,"N","N","N","N","N"
2458451,"0000000002458451",2018-11-28,1426,6205,475,2018,3,11,28,4,2018,475,6205,"Wednesday","2018Q4","N","N","N",2458424,2458453,2458086,2458360,"N","N","N","N","N"
2458452,"0000000002458452",2018-11-29,1426,6205,475,2018,4,11,29,4,2018,475,6205,"Thursday ","2018Q4","N","N","N",2458424,2458453,2458087,2458361,"N","N","N","N","N"
2458453,"0000000002458453",2018-11-30,1426,6205,475,2018,5,11,30,4,2018,475,6205,"Friday   ","2018Q4","N","N","N",2458424,2458453,2458088,2458362,"N","N","N","N","N"
2458454,"0000000002458454",2018-12-01,1427,6205,475,2018,6,12,1,4,2018,475,6205,"Saturday ","2018Q4","N","Y","N",2458454,2458484,2458089,2458363,"N","N","N","N","N"
2458455,"0000000002458455",2018-12-02,1427,6205,475,2018,0,12,2,4,2018,475,6205,"Sunday   ","2018Q4","N","Y","N",2458454,2458484,2458090,2458364,"N","N","N","N","N"
2458456,"0000000002458456",2018-12-03,1427,6206,475,2018,1,12,3,4,2018,475,6206,"Monday   ","2018Q4","N","N","N",2458454,2458484,2458091,2458365,"N","N","N","N","N"
2458457,"0000000002458457",2018-12-04,1427,6206,475,2018,2,12,4,4,2018,475,6206,"Tuesday  ","2018Q4","N","N","N",2458454,2458484,2458092,2458366,"N","N","N","N","N"
2458458,"0000000002458458",2018-12-05,1427,6206,475,2018,3,12,5,4,2018,475,6206,"Wednesday","2018Q4","N","N","N",2458454,2458484,2458093,2458367,"N","N","N","N","N"
2458459,"0000000002458459",2018-12-06,1427,6206,475,2018,4,12,6,4,2018,475,6206,"Thursday ","2018Q4","N","N","N",2458454,2458484,2458094,2458368,"N","N","N","N","N"
2458460,"0000000002458460",2018-12-07,1427,6206,475,2018,5,12,7,4,2018,475,6206,"Friday   ","2018Q4","N","N","N",2458454,2458484,2458095,2458369,"N","N","N","N","N"
2458461,"0000000002458461",2018-12-08,1427,6206,475,2018,6,12,8,4,2018,475,6206,"Saturday ","2018Q4","N","Y","N",2458454,2458484,2458096,2458370,"N","N","N","N","N"
2458462,"0000000002458462",2018-12-09,1427,6206,475,2018,0,12,9,4,2018,475,6206,"Sunday   ","2018Q4","N","Y","N",2458454,2458484,2458097,2458371,"N","N","N","N","N"
2458463,"0000000002458463",2018-12-10,1427,6207,475,2018,1,12,10,4,2018,475,6207,"Monday   ","2018Q4","N","N","N",2458454,2458484,2458098,2458372,"N","N","N","N","N"
2458464,"0000000002458464",2018-12-11,1427,6207,475,2018,2,12,11,4,2018,475,6207,"Tuesday  ","2018Q4","N","N","N",2458454,2458484,2458099,2458373,"N","N","N","N","N"
2458465,"0000000002458465",2018-12-12,1427,6207,475,2018,3,12,12,4,2018,475,6207,"Wednesday","2018Q4","N","N","N",2458454,2458484,2458100,2458374,"N","N","N","N","N"
2458466,"0000000002458466",2018-12-13,1427,6207,475,2018,4,12,13,4,2018,475,6207,"Thursday ","2018Q4","N","N","N",2458454,2458484,2458101,2458375,"N","N","N","N","N"
2458467,"0000000002458467",2018-12-14,1427,6207,475,2018,5,12,14,4,2018,475,6207,"Friday   ","2018Q4","N","N","N",2458454,2458484,2458102,2458376,"N","N","N","N","N"
2458468,"0000000002458468",2018-12-15,1427,6207,475,2018,6,12,15,4,2018,475,6207,"Saturday ","2018Q4","N","Y","N",2458454,2458484,2458103,2458377,"N","N","N","N","N"
2458469,"0000000002458469",2018-12-16,1427,6207,475,2018,0,12,16,4,2018,475,6207,"Sunday   ","2018Q4","N","Y","N",2458454,2458484,2458104,2458378,"N","N","N","N","N"
2458470,"0000000002458470",2018-12-17,1427,6208,475,2018,1,12,17,4,2018,475,6208,"Monday   ","2018Q4","N","N","N",2458454,2458484,2458105,2458379,"N","N","N","N","N"
2458471,"0000000002458471",2018-12-18,1427,6208,475,2018,2,12,18,4,2018,475,6208,"Tuesday  ","2018Q4","N","N","N",2458454,2458484,2458106,2458380,"N","N","N","N","N"
2458472,"0000000002458472",2018-12-19,1427,6208,475,2018,3,12,19,4,2018,475,6208,"Wednesday","2018Q4","N","N","N",2458454,2458484,2458107,2458381,"N","N","N","N","N"
2458473,"0000000002458473",2018-12-20,1427,6208,475,2018,4,12,20,4,2018,475,6208,"Thursday ","2018Q4","N","N","N",2458454,2458484,2458108,2458382,"N","N","N","N","N"
2458474,"0000000002458474",2018-12-21,1427,6208,475,2018,5,12,21,4,2018,475,6208,"Friday   ","2018Q4","N","N","N",2458454,2458484,2458109,2458383,"N","N","N","N","N"
2458475,"0000000002458475",2018-12-22,1427,6208,475,2018,6,12,22,4,2018,475,6208,"Saturday ","2018Q4","N","Y","N",2458454,2458484,2458110,2458384,"N","N","N","N","N"
2458476,"0000000002458476",2018-12-23,1427,6208,475,2018,0,12,23,4,2018,475,6208,"Sunday   ","2018Q4","N","Y","N",2458454,2458484,2458111,2458385,"N","N","N","N","N"
2458477,"0000000002458477",2018-12-24,1427,6209,475,2018,1,12,24,4,2018,475,6209,"Monday   ","2018Q4","N","N","N",2458454,2458484,2458112,2458386,"N","N","N","N","N"
2458478,"0000000002458478",2018-12-25,1427,6209,475,2018,2,12,25,4,2018,475,6209,"Tuesday  ","2018Q4","N","N","N",2458454,2458484,2458113,2458387,"N","N","N","N","N"
2458479,"0000000002458479",2018-12-26,1427,6209,475,2018,3,12,26,4,2018,475,6209,"Wednesday","2018Q4","N","N","N",2458454,2458484,2458114,2458388,"N","N","N","N","N"
2458480,"0000000002458480",2018-12-27,1427,6209,475,2018,4,12,27,4,2018,475,6209,"Thursday ","2018Q4","N","N","N",2458454,2458484,2458115,2458389,"N","N","N","N","N"
2458481,"0000000002458481",2018-12-28,1427,6209,475,2018,5,12,28,4,2018,475,6209,"Friday   ","2018Q4","N","N","N",2458454,2458484,2458116,2458390,"N","N","N","N","N"
2458482,"0000000002458482",2018-12-29,1427,6209,475,2018,6,12,29,4,2018,475,6209,"Saturday ","2018Q4","N","Y","N",2458454,2458484,2458117,2458391,"N","N","N","N","N"
2458483,"0000000002458483",2018-12-30,1427,6209,475,2018,0,12,30,4,2018,475,6209,"Sunday   ","2018Q4","N","Y","N",2458454,2458484,2458118,2458392,"N","N","N","N","N"
2458484,"0000000002458484",2018-12-31,1427,6210,475,2018,1,12,31,4,2018,475,6210,"Monday   ","2018Q4","N","N","N",2458454,2458484,2458119,2458393,"N","N","N","N","N"
