"SR_RETURNED_DATE_SK","SR_RETURN_TIME_SK","SR_ITEM_SK","SR_CUSTOMER_SK","SR_CDEMO_SK","SR_HDEMO_SK","SR_ADDR_SK","SR_STORE_SK","SR_REASON_SK","SR_TICKET_NUMBER","SR_RETURN_QUANTITY","SR_RETURN_AMT","SR_RETURN_TAX","SR_RETURN_AMT_INC_TAX","SR_FEE","SR_RETURN_SHIP_COST","SR_REFUNDED_CASH","SR_REVERSED_CHARGE","SR_STORE_CREDIT","SR_NET_LOSS"
2458263,42017,17313,66432,669187,6335,22039,1,32,1,65,917.75,73.42,991.17,62.15,460.67,882.86,88.28,302.37,170.41
2456991,67767,15899,9757,1618564,2274,37824,3,6,2,31,1931.23,154.50,2085.73,82.71,461.82,1910.06,446.92,105.23,650.13
2457752,56193,1595,61137,1615430,3322,4965,12,34,3,93,129.73,10.38,140.11,28.86,533.33,74.32,395.24,34.91,55.70
2457407,62650,1942,73437,37096,3451,45493,11,16,4,20,298.20,23.86,322.06,16.38,958.37,200.13,86.40,168.68,1159.20
2457063,39855,7546,43033,594969,1790,40049,10,34,5,16,115.97,9.28,125.25,85.34,312.45,91.94,151.62,196.81,1004.84
2457651,68803,11141,25615,1227179,6718,1097,12,21,6,37,853.15,68.25,921.40,72.60,112.48,502.12,280.37,287.32,39.95
2458414,37509,10245,1815,1467597,2423,30098,6,25,7,3,39.28,3.14,42.42,9.91,933.21,38.71,132.25,365.05,346.65
2457416,71386,15730,93210,916823,1442,41434,8,6,8,6,1197.67,95.81,1293.48,77.75,938.03,11.43,315.17,448.19,1339.72
2456948,44726,10439,35762,1144295,835,6699,8,26,9,7,1459.94,116.80,1576.74,42.87,92.35,1377.68,147.20,6.81,725.75
2457488,32244,2845,59635,845515,1719,37812,7,22,10,50,1077.84,86.23,1164.07,47.32,472.55,654.66,248.38,378.68,627.04
2456825,29374,1527,69648,580419,6039,12178,5,25,11,42,456.27,36.50,492.77,30.39,698.22,78.15,212.81,359.32,1038.23
2457453,38168,5857,75694,739985,768,34096,2,10,12,64,1907.38,152.59,2059.97,77.01,125.93,1387.27,162.79,214.84,842.65
2457716,51409,15995,20941,477811,2443,10133,10,17,13,82,1009.03,80.72,1089.75,44.18,178.47,591.26,71.99,271.77,1067.45
2457255,35673,12100,30919,1654768,6175,9032,8,6,14,40,785.55,62.84,848.39,7.72,12.33,642.96,180.19,170.42,249.29
2458133,72188,4363,6118,1246148,211,11144,3,17,15,72,1752.35,140.19,1892.54,80.28,791.09,92.73,258.02,426.92,745.30
2458204,36628,2717,88280,1025798,4732,18308,7,30,16,47,1061.23,84.90,1146.13,24.86,661.48,211.11,427.53,378.08,1272.95
2458344,72679,16031,65415,507131,1576,28857,6,28,17,44,1153.37,92.27,1245.64,21.90,682.84,578.55,278.17,251.38,121.41
2457069,55600,5304,45322,243544,7191,28156,12,26,18,46,220.39,17.63,238.02,40.46,630.41,186.79,215.39,226.75,1319.13
,74212,8431,72088,276303,705,31665,11,18,19,31,1240.28,99.22,1339.50,13.14,171.69,503.94,208.11,208.14,1191.47
2457504,33388,5777,62136,982320,5964,8060,9,31,20,49,938.45,75.08,1013.53,38.81,391.80,692.78,297.29,124.56,216.72
2457291,43760,10890,47740,484032,4583,10496,9,14,21,55,1254.88,100.39,1355.27,36.29,752.56,620.30,428.25,143.00,1301.03
2457399,59679,12773,13098,307799,5965,34459,8,14,22,78,1599.25,127.94,1727.19,2.85,161.17,652.68,448.40,59.24,1297.55
2457704,68114,1114,64035,1598271,305,43172,10,30,23,34,129.36,10.35,139.71,57.19,110.37,105.44,187.75,271.97,1300.64
2457765,34459,2424,33574,173386,5808,49580,5,27,24,39,1640.82,131.27,1772.09,9.30,632.32,886.47,402.90,345.69,365.42
2457523,59670,4833,64143,22397,601,25737,9,20,25,18,1574.79,125.98,1700.77,5.68,892.28,691.19,265.94,34.62,411.93
,74725,17684,9861,381213,3745,45819,8,18,26,9,1878.85,150.31,2029.16,99.11,284.25,1215.30,381.02,78.68,1134.05
2456835,45981,2179,6092,693597,4570,44818,3,23,27,42,1165.63,93.25,1258.88,12.73,752.32,990.99,313.05,368.17,904.69
2457752,39978,10539,99945,1493634,2787,48621,8,27,28,71,1054.55,84.36,1138.91,50.38,14.57,666.87,332.17,354.26,1269.28
2457767,75399,1658,93063,786840,7138,42746,10,21,29,78,1004.17,80.33,1084.50,59.11,71.71,31.73,387.36,465.35,184.17
2457681,66730,10123,72111,1829968,5092,32445,11,17,30,40,857.10,68.57,925.67,36.34,47.31,696.79,336.26,146.42,543.74
2457442,72452,5979,84492,1777452,632,11459,9,1,31,65,1684.81,134.78,1819.59,39.39,902.96,200.79,96.35,277.39,1314.22
2457908,29750,3124,67351,1827037,5673,47556,3,23,32,52,393.21,31.46,424.67,95.95,758.45,359.95,139.93,345.96,216.95
2457825,54255,9321,62999,930044,2940,31460,9,27,33,47,415.73,33.26,448.99,35.13,693.86,71.59,61.99,327.92,754.07
2457147,51598,79,41879,1118452,4127,30016,8,4,34,77,1083.30,86.66,1169.96,76.03,365.20,795.88,295.33,309.68,1395.16
2458048,63750,8348,,1051360,6016,3017,7,8,35,46,1420.70,113.66,1534.36,8.03,672.20,1411.04,334.19,258.89,166.37
2457863,68411,12011,20972,173930,1837,41666,9,,36,9,540.82,43.27,584.09,82.02,581.89,449.45,445.17,158.31,385.26
,35524,1875,51686,111782,5242,31331,12,3,37,60,883.56,70.68,954.24,98.73,59.44,716.44,14.17,219.06,341.86
2457382,43252,13286,56053,522606,105,20202,1,10,38,89,404.76,32.38,437.14,17.95,183.93,7.47,386.25,374.53,635.96
2457157,56780,5915,53540,527257,16,22511,12,13,39,56,1955.48,156.44,2111.92,88.68,759.29,266.41,95.59,198.47,221.73
2456992,73084,4575,30760,710181,4938,17861,10,20,40,63,1329.97,106.40,1436.37,26.34,720.45,632.89,381.32,74.05,77.54
2458434,55886,2296,40678,632350,5113,33229,5,10,41,68,1392.06,111.36,1503.42,71.64,490.04,496.83,114.25,86.46,874.92
2457625,48698,9456,97437,223169,510,17841,4,5,42,46,1491.24,119.30,1610.54,62.75,956.09,417.57,410.80,96.86,789.00
2456806,29903,9048,97614,1423912,1005,23274,6,2,43,15,23.80,1.90,25.70,42.13,123.28,9.10,364.82,470.50,1376.06
2458293,53909,170,99248,127575,5293,12194,4,3,44,31,1727.49,138.20,1865.69,51.56,865.73,1074.83,182.25,249.56,443.64
2457974,62581,16663,37215,917637,5895,21192,7,25,45,96,92.02,7.36,99.38,58.76,402.26,11.05,316.21,300.33,211.27
2457596,34939,17408,91667,1344557,4769,40248,1,8,46,70,344.15,27.53,371.68,51.15,166.69,128.57,114.88,422.07,348.45
2458386,63883,5157,17978,467299,3181,5895,6,13,47,24,1983.42,158.67,2142.09,2.84,133.65,1044.08,393.89,386.36,573.81
2457421,29726,8226,12834,726534,5897,8313,9,31,48,53,1383.77,110.70,1494.47,5.33,207.72,1072.27,155.41,99.33,1148.76
2457280,54910,7937,44611,855895,4134,20058,8,12,49,61,1196.02,95.68,1291.70,90.78,524.78,481.17,63.19,417.21,480.51
2457584,31295,4603,3183,1743167,5224,20101,1,5,50,44,188.04,15.04,203.08,42.47,162.67,64.55,142.63,206.69,142.38
2457551,32271,2334,58028,134445,4245,4719,9,30,51,80,1095.61,87.65,1183.26,29.05,351.37,1094.25,202.22,456.19,1037.16
2457992,71720,17819,31679,1563920,3577,2247,12,34,52,12,1554.78,124.38,1679.16,40.55,698.72,1412.19,250.68,14.11,228.22
2457137,38078,280,60416,83645,6468,40569,3,19,53,2,59.09,4.73,63.82,7.67,0.20,4.08,294.85,273.98,372.43
2457636,33893,16988,56677,1878428,646,7714,3,16,54,65,1875.19,150.02,2025.21,32.40,841.25,1801.46,142.98,469.48,864.42
2458292,33037,9306,13090,1587549,1600,13135,1,13,55,78,1617.24,129.38,1746.62,50.43,413.31,1045.06,491.50,377.40,1086.92
2457061,63545,17801,52997,1115022,4473,34509,7,10,56,29,1484.07,118.73,1602.80,36.71,973.21,1397.96,405.50,420.93,746.17
2457768,57581,5548,24732,926130,665,27832,3,29,57,77,61.47,4.92,66.39,86.08,540.12,11.51,328.89,414.98,1385.63
2457157,62852,8097,23312,1846535,716,3311,2,9,58,54,1300.22,104.02,1404.24,39.71,203.82,1007.00,407.17,177.99,435.90
2457614,48471,298,81369,859079,7169,47953,4,14,59,51,43.16,3.45,46.61,53.66,409.76,41.55,448.25,105.79,596.33
2457231,50735,7148,1682,507226,1753,16174,8,21,60,52,457.65,36.61,494.26,32.45,704.41,374.07,112.23,469.15,234.75
2457769,66160,5092,22925,821863,4711,14441,12,22,61,35,1623.83,129.91,1753.74,91.76,109.25,821.85,408.79,392.65,945.69
2457766,39238,12606,21733,196294,869,3046,11,21,62,41,1737.74,139.02,1876.76,88.83,375.42,268.22,335.66,331.62,1464.25
2458185,36076,2344,63506,1373509,1504,39814,3,4,63,94,1590.80,127.26,1718.06,70.11,199.52,2.52,465.59,203.70,977.04
2458463,69405,6504,56578,683918,2476,15539,5,17,64,86,786.88,62.95,849.83,40.32,624.56,552.03,228.41,377.03,1037.34
2456959,59800,3329,33019,1136149,1013,48910,4,10,65,3,540.56,43.24,583.80,5.88,645.82,332.69,161.95,83.19,306.51
2458438,74739,1985,50695,251990,3629,17604,11,35,66,48,1051.03,84.08,1135.11,66.86,511.38,364.86,319.45,84.76,514.39
2457617,31244,9896,74126,1691042,3248,43984,4,19,67,15,195.28,15.62,210.90,55.84,935.63,6.73,192.05,174.50,1009.64
2457347,32292,14952,52997,545262,1634,31442,7,28,68,50,473.31,37.86,511.17,21.38,853.61,287.91,452.59,98.56,949.43
,51868,10529,,568571,4695,21665,3,27,69,34,889.65,71.17,960.82,93.26,874.56,8.76,283.74,325.23,1168.55
2457726,33215,352,62438,1322767,6569,30185,11,9,70,22,1501.75,120.14,1621.89,66.44,981.17,299.96,495.29,50.22,678.88
2456809,47783,6036,22486,238843,6204,32398,2,11,71,96,105.27,8.42,113.69,25.51,921.49,41.35,18.81,89.22,434.96
2456773,34532,15684,10305,1631087,2724,44128,7,17,72,20,1236.60,98.93,1335.53,61.24,673.15,1058.93,94.36,150.94,536.52
2457274,72532,12301,98819,1389125,903,31613,11,20,73,82,1802.45,144.20,1946.65,41.77,116.37,1637.13,411.53,345.93,238.91
2458088,67791,2367,36796,873240,5324,25362,3,32,74,73,574.85,45.99,620.84,13.68,471.08,23.86,452.78,115.04,247.77
2458102,66566,2287,79278,472274,607,6806,11,,75,36,669.71,53.58,723.29,82.15,618.00,626.25,315.56,104.99,813.46
2457576,42128,14849,84348,1152583,3319,22161,11,16,76,8,1255.00,100.40,1355.40,16.98,566.32,731.73,386.79,80.80,244.86
2457427,60739,5503,58384,1360910,721,39281,12,30,77,24,492.17,39.37,531.54,28.58,77.67,136.38,284.71,422.79,1176.85
2457068,71045,7640,72946,1429784,3122,12629,2,32,78,2,1076.86,86.15,1163.01,18.91,59.87,989.33,329.71,104.54,1484.34
2456857,40075,3889,54362,1839090,6952,17362,8,17,79,59,163.03,13.04,176.07,15.61,293.11,149.51,390.07,70.26,27.33
2457062,31717,6506,18825,79056,2780,41513,4,33,80,10,538.19,43.06,581.25,25.01,381.03,342.86,351.19,460.36,17.35
2458185,73300,9448,66033,772677,4978,46962,2,14,81,96,1055.75,84.46,1140.21,31.25,117.56,756.77,205.08,146.85,989.13
2457201,56225,2284,85580,1716891,472,2302,9,22,82,84,1216.14,97.29,1313.43,96.62,359.93,785.78,249.08,287.74,531.28
2457885,34047,14298,46092,1871450,6229,43366,2,2,83,99,1554.14,124.33,1678.47,21.01,581.59,133.10,200.33,200.66,630.91
2457498,56295,12719,12932,1468537,2346,5740,6,19,84,19,1082.10,86.57,1168.67,48.09,754.08,356.41,15.81,493.33,623.93
2457674,32350,7997,8906,985685,1204,39110,3,19,85,73,631.63,50.53,682.16,31.17,643.91,547.68,36.79,206.53,1406.68
2456999,46643,14511,74382,1601158,5864,47939,2,24,86,73,1074.69,85.98,1160.67,89.41,972.36,659.12,223.93,193.18,828.52
2456950,58896,6644,78795,1708854,4199,39173,3,15,87,56,1035.98,82.88,1118.86,59.44,271.13,180.15,499.87,480.69,78.27
2457304,52886,2395,44476,129028,3800,4574,1,35,88,3,681.60,54.53,736.13,41.89,954.62,369.59,304.66,203.88,963.51
2457460,38306,17416,90662,494670,3360,23385,5,13,89,42,1953.77,156.30,2110.07,84.28,427.37,1797.14,315.05,204.31,1241.16
2457954,43976,8925,79280,913197,5330,1538,11,19,90,84,1306.11,104.49,1410.60,32.54,294.74,835.24,266.34,476.69,980.89
,71571,5016,95317,1611973,773,5597,4,7,91,8,1052.99,84.24,1137.23,76.91,113.87,114.64,90.50,437.45,599.09
2457500,44721,16877,44664,1783049,7175,18280,9,23,92,32,1382.47,110.60,1493.07,9.89,778.21,253.24,244.01,227.19,170.97
2458021,54412,6906,77834,181384,4815,5252,6,8,93,10,1341.21,107.30,1448.51,18.72,185.33,140.59,214.32,213.79,651.64
2458022,63303,12307,38930,765095,7160,14324,4,34,94,47,1732.65,138.61,1871.26,26.37,71.33,709.46,479.96,270.87,1339.35
2458382,35302,10490,8454,1637352,2554,39600,12,25,95,65,1285.68,102.85,1388.53,46.52,264.93,194.37,161.04,445.05,472.86
2457889,58734,9777,17888,143064,6917,47062,12,18,96,26,657.68,52.61,710.29,30.87,281.15,502.91,117.92,234.11,713.73
2458417,72123,17718,40404,455958,4807,31805,10,25,97,48,1137.26,90.98,1228.24,38.13,433.03,209.08,138.58,149.00,705.80
2457480,44293,5507,21718,429234,7055,43925,10,22,98,68,1910.38,152.83,2063.21,88.64,560.93,837.63,7.47,497.42,1262.37
2457216,35250,15908,6455,1775328,4722,4636,9,13,99,61,1545.39,123.63,1669.02,99.34,693.79,230.11,135.34,426.81,64.75
2457804,46570,8320,78284,1019008,5575,13909,2,27,100,95,1889.28,151.14,2040.42,95.48,703.27,1700.08,353.44,212.00,1160.93
2458223,53642,7008,9552,1320116,4533,46010,6,3,101,64,1764.61,141.17,1905.78,90.25,735.48,1737.84,401.13,491.91,848.10
2457478,56849,9571,56863,642424,4629,2454,10,10,102,12,795.63,63.65,859.28,29.62,110.69,634.70,403.00,73.67,429.06
2457545,75019,10789,89761,369985,4523,17007,7,14,103,72,1169.25,93.54,1262.79,83.99,313.41,780.59,209.50,275.67,497.84
,43565,6810,94334,1728036,2590,28015,11,28,104,11,1154.73,92.38,1247.11,16.03,942.75,323.38,212.69,391.36,1061.67
2457498,40920,4610,37320,519735,3830,15716,12,3,105,11,81.62,6.53,88.15,66.56,9.62,46.82,490.86,412.48,1257.25
2457366,59526,10919,62783,1433548,5801,774,7,12,106,95,532.75,42.62,575.37,62.68,228.62,139.09,354.75,366.38,856.55
2458471,56897,479,88680,88230,6824,36293,2,7,107,67,490.06,39.20,529.26,61.71,92.92,384.36,52.75,170.24,713.51
2457010,69787,13949,83735,1259831,7017,7806,1,26,108,32,1069.06,85.52,1154.58,29.65,383.41,962.12,5.90,368.38,1397.59
2458026,29837,1347,69113,974228,1382,20033,9,11,109,52,1544.22,123.54,1667.76,86.79,428.29,620.89,173.97,235.71,304.03
2457367,56220,13030,36663,1778388,4179,2857,2,15,110,92,353.88,28.31,382.19,15.69,147.07,175.93,77.10,22.98,1441.16
2458032,49336,1333,96260,1702843,3501,2461,12,29,111,78,413.60,33.09,446.69,44.31,866.01,244.68,396.72,372.43,678.59
2456957,73172,16265,55273,931641,593,8927,1,17,112,74,244.35,19.55,263.90,6.06,531.46,59.68,363.32,129.47,888.16
2456837,66880,9317,47655,1782342,7066,7102,10,10,113,41,1542.52,123.40,1665.92,89.38,486.45,54.27,117.79,107.39,20.68
2458230,58694,8695,38894,1074930,5052,28795,5,24,114,2,599.81,47.98,647.79,60.39,873.68,245.71,52.71,62.38,966.09
2458138,58186,6379,50889,1205933,6212,19328,7,30,115,73,1041.73,83.34,1125.07,62.20,666.56,622.39,176.50,333.64,175.97
2456876,52238,645,4466,697108,1712,41633,1,9,116,25,204.76,16.38,221.14,40.07,668.16,33.86,51.87,350.26,1092.60
2458042,66464,4346,10623,196449,4371,24130,10,16,117,32,1451.53,116.12,1567.65,64.16,230.96,116.52,121.88,487.85,1360.20
2457137,32519,1943,86283,39131,3223,30547,3,10,118,32,130.26,10.42,140.68,43.96,744.09,53.52,442.30,95.33,817.61
2458004,70175,6872,81908,1521769,5139,13821,7,24,119,27,332.64,26.61,359.25,1.45,823.43,312.62,312.78,17.85,1269.09
2458115,37190,3824,7627,71373,121,29369,11,4,120,7,1811.50,144.92,1956.42,55.35,368.38,1332.80,4.02,116.37,652.33
2457066,67052,3444,27306,846554,6405,39651,7,32,121,3,1276.94,102.16,1379.10,23.16,741.26,587.67,31.06,169.47,358.35
2456995,74826,16475,89548,1233811,5254,38414,10,9,122,36,507.98,40.64,548.62,20.76,58.87,414.50,336.26,308.48,810.26
2457445,41442,16883,21972,1496951,6044,18204,7,4,123,99,516.14,41.29,557.43,49.79,878.31,6.14,234.45,64.16,173.45
2457013,67949,16112,95729,635446,5694,43523,11,8,124,88,1008.08,80.65,1088.73,63.47,667.12,105.03,163.55,172.90,714.18
2457003,30501,17433,19526,569116,1708,42340,8,12,125,92,1881.47,150.52,2031.99,53.28,334.20,1845.06,14.56,417.00,793.59
2457428,66785,8952,86841,825230,4165,16483,2,13,126,77,1503.77,120.30,1624.07,95.20,946.87,812.71,437.33,225.05,396.31
2457016,43399,1998,82487,825343,4257,4979,4,,127,24,1384.88,110.79,1495.67,94.85,338.30,12.47,440.76,493.48,784.89
2457151,71728,6617,80466,509446,3182,17883,1,20,128,22,199.72,15.98,215.70,4.28,540.53,111.83,109.34,307.28,699.84
2456999,33070,3625,80010,1787416,6724,30775,5,29,129,4,976.38,78.11,1054.49,53.00,443.26,803.86,18.76,205.78,181.91
2457041,53141,8183,60548,1895518,4532,48850,2,16,130,25,131.01,10.48,141.49,34.12,268.26,12.79,408.76,328.24,671.12
,33817,3757,26607,248890,2052,25931,6,7,131,10,1466.96,117.36,1584.32,79.17,816.95,440.27,248.07,354.36,1409.51
2457112,37642,7044,3244,1296616,1146,22323,5,7,132,82,1891.76,151.34,2043.10,81.76,358.94,1737.18,88.41,360.87,395.29
2457293,41027,1912,12912,381176,1450,31532,5,33,133,17,1462.79,117.02,1579.81,24.90,299.82,217.21,325.90,150.19,1358.64
2456955,42045,9975,44213,123351,2239,28402,8,13,134,51,641.96,51.36,693.32,54.15,956.60,244.80,59.56,73.49,97.25
2456851,63254,10523,67504,1440591,38,25094,9,19,135,1,287.73,23.02,310.75,95.31,810.39,148.96,305.28,222.41,282.16
2458093,42946,7726,49074,747352,4941,3652,11,19,136,24,1571.87,125.75,1697.62,44.81,344.87,1328.15,250.56,431.34,985.21
2457525,47437,17460,9400,758594,4849,32467,9,15,137,17,1842.11,147.37,1989.48,93.89,284.39,684.70,230.13,411.82,551.93
2457296,44724,5946,38534,1098202,1665,27775,4,32,138,87,468.73,37.50,506.23,14.47,712.43,403.32,280.08,340.06,614.22
2457457,44639,3705,11869,124891,6419,1310,6,7,139,50,764.37,61.15,825.52,71.60,847.88,564.82,262.71,29.35,1164.12
2457470,48289,3424,53353,573400,5205,6510,6,6,140,33,1085.92,86.87,1172.79,51.49,789.50,811.25,368.12,223.74,890.39
2457106,43023,9613,87984,522301,416,23404,11,25,141,71,1022.56,81.80,1104.36,36.06,908.51,625.73,109.34,316.59,886.88
2457011,31569,2801,67827,1728935,4537,1220,8,32,142,47,853.15,68.25,921.40,31.43,913.89,844.36,488.20,156.94,1012.12
2457432,41122,10889,78730,371183,6627,40135,2,2,143,41,1741.00,139.28,1880.28,47.24,333.88,569.25,220.53,75.22,626.13
2457135,58724,4293,63127,1193539,770,49123,11,6,144,71,981.68,78.53,1060.21,8.67,436.42,861.54,434.73,5.35,736.23
2456884,58906,13717,71584,1266659,187,3028,6,10,145,14,215.96,17.28,233.24,44.01,984.64,36.47,78.14,278.30,609.47
2458183,57417,12064,34963,1783924,1973,12647,1,4,146,34,645.27,51.62,696.89,50.76,263.84,23.79,231.66,82.86,669.27
2457687,70121,5277,95253,1042307,164,28412,12,12,147,14,257.35,20.59,277.94,47.86,347.44,3.29,250.58,114.77,1238.76
2458185,55981,7272,5595,24642,3159,31390,8,29,148,73,1899.50,151.96,2051.46,63.91,299.43,804.20,269.62,325.51,243.44
2457042,61063,6607,88194,169330,5353,25141,7,35,149,50,1481.48,118.52,1600.00,12.61,597.70,1318.26,383.94,166.71,1293.31
2457222,39971,7575,48963,277347,6867,2826,3,9,150,46,798.30,63.86,862.16,77.21,457.16,545.88,284.82,247.39,509.19
,39058,17470,72288,1048971,5704,17698,8,22,151,82,1065.66,85.25,1150.91,80.52,579.17,538.91,55.70,204.94,1343.61
2457662,68008,3264,35981,444540,3812,32779,7,18,152,30,804.40,64.35,868.75,30.95,649.63,22.78,235.06,453.29,941.94
2457293,54930,16715,8390,669650,371,9787,12,5,153,70,1227.95,98.24,1326.19,43.45,674.38,1013.13,313.27,233.15,327.98
,44874,17200,69911,907021,6935,48188,9,18,154,47,446.14,35.69,481.83,66.88,213.36,137.55,342.13,311.32,746.78
2457241,29300,5904,54516,233671,4508,36882,7,6,155,81,1300.68,104.05,1404.73,86.79,675.20,387.96,428.18,244.61,720.29
2457394,68566,2256,50614,1487645,6221,43603,12,21,156,86,1120.96,89.68,1210.64,27.77,785.98,1052.82,33.32,9.99,604.62
2457872,29268,6832,71617,1916576,7023,12323,8,15,157,71,1008.45,80.68,1089.13,70.64,322.36,646.19,329.31,355.15,741.75
2456919,53270,8018,84079,1066464,2877,21586,11,13,158,40,262.02,20.96,282.98,8.58,197.37,251.29,338.31,218.59,1117.00
2458106,33315,2166,93118,1818002,2277,42179,12,35,159,58,1817.39,145.39,1962.78,18.16,972.78,405.15,325.12,201.55,1491.06
2458124,47338,11623,63584,815471,576,44970,1,32,160,76,1610.95,128.88,1739.83,77.54,48.90,1453.40,137.14,98.42,1008.33
2457989,52753,2827,14,1776146,4021,5929,2,2,161,44,698.19,55.86,754.05,83.84,45.26,664.30,385.54,176.01,631.50
2457567,45319,16334,91749,575970,1189,18315,11,15,162,51,1951.91,156.15,2108.06,54.57,458.39,1356.54,201.72,408.49,774.95
2458092,72559,10224,88183,1340238,3889,35902,2,21,163,47,1917.68,153.41,2071.09,84.29,672.72,631.67,367.87,437.72,98.29
2457108,33477,8954,2663,926652,1973,31478,3,3,164,7,1006.59,80.53,1087.12,59.07,259.52,642.42,363.60,349.73,897.04
2457780,40886,12110,1402,1265513,5380,194,10,,165,83,485.00,38.80,523.80,34.35,993.43,437.63,79.01,93.95,208.30
2457523,56436,9610,26723,393868,819,13268,10,11,166,74,1791.64,143.33,1934.97,97.63,275.16,979.71,107.80,85.29,1242.68
2457724,31031,774,17163,1384153,6244,101,10,6,167,17,1260.03,100.80,1360.83,33.50,0.28,1198.81,12.59,77.22,1123.42
2457631,42484,760,92342,1745562,1279,39105,1,11,168,53,740.18,59.21,799.39,97.72,501.52,299.16,338.67,118.65,991.31
2457098,31614,4096,40988,1147776,15,45491,1,12,169,61,1533.96,122.72,1656.68,10.99,749.24,80.15,401.52,162.13,418.00
2457300,54076,9324,92484,383431,3925,46819,3,,170,54,77.83,6.23,84.06,52.27,435.96,27.55,431.27,431.75,74.33
2457793,49483,14191,41676,1789374,783,46894,9,,171,12,1656.00,132.48,1788.48,94.14,407.63,393.05,140.41,413.99,502.19
2457255,58297,13461,86199,758585,2735,21126,3,30,172,35,1767.77,141.42,1909.19,70.83,637.96,583.44,55.98,388.20,627.10
2458450,57844,10717,,1895897,2086,27334,6,14,173,11,657.93,52.63,710.56,29.16,575.77,573.36,154.12,396.84,326.27
2457169,55499,16003,96787,490051,1460,20691,10,21,174,30,1409.27,112.74,1522.01,27.79,70.89,841.96,156.49,103.58,419.58
2458035,60788,11538,15831,1298372,3140,37912,4,14,175,43,537.87,43.03,580.90,83.30,713.47,15.37,131.43,330.04,1249.41
2457238,42712,449,70104,1326545,4351,9419,12,14,176,30,880.34,70.43,950.77,15.88,166.42,136.78,300.40,30.26,895.54
2457394,50500,142,40477,1263978,6341,33399,8,8,177,37,966.55,77.32,1043.87,68.57,29.21,284.46,51.18,476.79,1026.92
2457746,46261,16325,46135,1100685,5877,45823,11,22,178,3,496.74,39.74,536.48,38.01,36.44,147.53,119.72,20.98,1371.38
2458200,45111,10421,38853,1484971,1869,10527,4,13,179,23,13.67,1.09,14.76,75.74,182.79,11.88,266.76,434.89,160.56
2457830,43982,5449,92363,1446869,3658,37351,9,20,180,9,1021.45,81.72,1103.17,46.99,93.83,767.59,88.48,175.31,177.86
2456808,54872,10312,24662,874693,5782,17297,3,7,181,97,1238.75,99.10,1337.85,6.61,941.01,616.03,365.36,354.90,1281.67
2457395,51184,6464,77813,372523,4636,32792,3,20,182,29,275.75,22.06,297.81,27.76,457.46,0.63,270.65,46.89,580.76
2457681,68224,16620,29409,1227291,1702,37650,12,10,183,85,1931.07,154.49,2085.56,57.55,609.88,99.33,230.81,23.79,220.96
2457374,45439,5015,1269,126317,2914,45051,7,6,184,86,217.78,17.42,235.20,23.71,489.13,211.31,459.66,377.62,543.03
2457724,68910,17581,67149,374335,5864,27314,5,19,185,92,1146.60,91.73,1238.33,23.69,512.86,287.42,303.19,184.49,555.47
2457204,30747,6470,78107,334653,6641,34623,12,21,186,87,448.15,35.85,484.00,58.57,627.36,46.06,289.67,399.19,1149.44
2457746,73471,3479,25687,228827,1271,12481,2,3,187,86,1355.89,108.47,1464.36,53.55,199.00,18.27,352.56,306.36,766.33
2457380,53995,4305,72826,909679,6899,45364,3,28,188,99,175.92,14.07,189.99,7.87,988.24,148.03,10.77,54.96,814.08
2457682,38067,9347,96986,864640,3703,25472,5,32,189,55,1932.88,154.63,2087.51,58.49,231.26,1659.29,227.86,164.53,1323.08
2456791,28983,3042,84664,1027405,2814,4772,8,2,190,68,24.02,1.92,25.94,94.65,883.89,23.20,162.59,84.00,1404.30
2458287,30727,10915,22803,1083015,5556,5504,1,29,191,41,1772.18,141.77,1913.95,89.38,439.89,573.15,435.62,443.51,1123.32
2458198,59527,16035,40594,1497985,4000,34622,11,35,192,18,814.76,65.18,879.94,66.79,306.74,276.55,308.26,33.55,232.26
2457388,55768,1988,50642,146915,1452,5510,6,21,193,99,732.63,58.61,791.24,28.94,597.45,640.98,180.16,9.02,901.17
2456842,36906,11204,5043,723490,1053,36356,11,,194,87,281.42,22.51,303.93,54.05,63.00,134.97,274.15,483.39,1477.83
2456813,74131,16083,1651,1466149,5152,48829,6,8,195,13,1711.56,136.92,1848.48,3.02,754.34,940.88,400.54,244.39,18.47
2457535,69400,16192,79945,1705356,5328,12873,1,34,196,6,1824.55,145.96,1970.51,20.58,193.12,783.87,62.31,259.69,875.28
2457579,47078,5118,7587,765155,4666,23991,5,6,197,73,1855.46,148.44,2003.90,8.24,96.40,1848.29,222.85,303.94,1381.13
2457775,51375,9344,77208,382584,3990,41841,3,33,198,61,1725.33,138.03,1863.36,14.23,673.93,702.42,67.21,207.80,1260.56
2457955,62489,2349,71808,1253988,71,37261,4,18,199,83,378.98,30.32,409.30,66.36,618.02,304.31,481.69,360.13,61.13
2456838,55317,7883,40789,1493680,5969,41408,2,21,200,82,1727.52,138.20,1865.72,89.55,672.26,342.86,499.14,353.91,20.65
2457716,66376,4437,32246,723991,3579,34374,9,28,201,98,1554.47,124.36,1678.83,18.11,777.40,1192.41,293.38,280.99,308.15
2457333,31375,15728,31944,1368984,4421,34568,12,33,202,4,408.71,32.70,441.41,74.90,437.29,54.47,188.29,47.92,1330.35
2457127,46844,3418,77833,1780400,1687,49571,6,27,203,61,1027.89,82.23,1110.12,82.13,410.43,546.53,434.02,153.62,385.93
2457502,72958,15438,47373,938481,3262,14778,1,11,204,1,1690.56,135.24,1825.80,93.95,625.77,359.16,369.28,269.44,9.41
2457111,51745,14547,91491,1487267,6325,42999,2,,205,38,400.34,32.03,432.37,76.26,815.13,378.37,441.85,67.22,101.95
2458291,38602,11282,82347,1639222,3345,31949,8,29,206,89,1436.46,114.92,1551.38,39.74,843.60,628.14,348.46,105.74,324.60
2458170,65359,15345,19673,1019118,3073,17616,10,7,207,94,1510.14,120.81,1630.95,62.31,928.16,471.77,441.14,110.85,309.12
2458469,40540,13032,91425,52710,6363,15092,1,17,208,26,1677.90,134.23,1812.13,29.15,732.90,872.89,396.09,225.83,1472.36
2456982,39575,12612,17785,536319,2246,30629,8,27,209,94,1785.06,142.80,1927.86,96.19,187.89,24.95,289.22,253.90,281.61
2458221,50108,3321,76597,236226,2488,4810,11,15,210,92,196.17,15.69,211.86,36.54,332.52,80.36,226.47,207.26,167.91
2457856,43460,5898,40497,611741,6009,43318,3,12,211,84,1140.47,91.24,1231.71,18.04,196.34,498.82,251.83,270.88,729.14
2457354,60310,9472,,1157446,3994,45315,2,15,212,47,1208.13,96.65,1304.78,71.59,726.95,139.83,310.10,110.56,1078.60
2457927,65862,17378,43555,986531,6796,30351,4,25,213,29,1063.98,85.12,1149.10,14.24,995.16,163.07,285.89,85.79,1027.88
2457345,31358,6363,7628,231044,5301,28193,7,5,214,26,628.38,50.27,678.65,88.09,545.55,3.90,182.43,157.95,384.92
2457475,75370,14352,2257,1100326,6629,28161,6,30,215,56,1862.19,148.98,2011.17,5.67,471.23,1807.89,46.45,48.51,240.28
2457793,33385,16678,21918,1629506,700,6873,7,1,216,54,1767.17,141.37,1908.54,15.75,417.02,1436.14,68.98,139.32,576.77
2457140,52203,3088,42368,1001308,2023,8135,8,2,217,2,121.91,9.75,131.66,90.90,524.29,95.98,223.99,167.64,948.22
2456809,35608,17631,,83537,4478,5438,6,27,218,4,556.06,44.48,600.54,44.31,57.78,169.57,120.62,313.96,390.73
2457530,65157,9489,72289,1220846,1420,15953,6,5,219,41,1161.41,92.91,1254.32,85.74,472.30,886.53,385.02,367.51,664.24
2457361,75053,15176,71817,406990,6089,39716,10,14,220,19,1838.92,147.11,1986.03,6.89,43.98,1560.41,130.41,305.22,695.00
2457229,74869,12209,19140,802286,3347,30744,7,24,221,81,1622.20,129.78,1751.98,85.03,522.47,38.78,329.80,180.19,1343.84
2458123,55785,6938,95774,709704,813,28913,12,16,222,59,1933.12,154.65,2087.77,95.40,957.93,709.66,361.45,130.93,1344.26
2457679,53497,2646,41595,1396656,4965,26756,3,5,223,95,1180.55,94.44,1274.99,7.22,33.17,80.15,451.90,265.78,1017.22
2456926,35035,8138,93578,154657,5835,19977,7,13,224,12,1476.28,118.10,1594.38,39.16,695.28,880.11,172.96,92.94,776.84
2457880,51511,1940,52465,1713173,2917,40615,8,3,225,93,1574.92,125.99,1700.91,7.97,619.63,199.05,26.11,1.30,1421.37
2457108,53687,5861,57077,309812,2251,12431,1,33,226,38,736.92,58.95,795.87,48.42,610.99,249.75,223.41,120.73,1246.66
2457137,48749,16797,4758,26176,626,7321,3,28,227,7,329.57,26.37,355.94,6.37,41.01,78.34,494.74,393.48,547.47
2456899,64512,12651,30781,1246847,515,46304,11,35,228,4,1632.18,130.57,1762.75,98.83,749.56,2.72,67.64,465.28,633.32
2457001,69478,12881,35966,975040,5888,33679,3,32,229,91,1816.88,145.35,1962.23,0.85,560.26,1764.21,37.93,30.26,1222.92
2457023,63153,4766,99631,503074,1753,42675,7,6,230,13,801.01,64.08,865.09,79.46,827.19,378.46,275.64,61.12,213.44
2457956,40062,8406,37267,1348374,5815,49792,2,14,231,43,970.27,77.62,1047.89,24.79,784.00,696.17,106.03,365.94,427.70
2457651,31214,11248,73396,1881851,5251,26213,6,16,232,81,1405.78,112.46,1518.24,3.05,215.72,308.64,40.76,394.60,1269.56
2458223,60878,14580,29577,1173004,7162,2987,1,21,233,39,933.29,74.66,1007.95,55.07,785.25,522.24,362.19,443.78,795.38
2456933,51602,6503,21299,1155575,4738,45183,11,30,234,65,112.06,8.96,121.02,79.21,19.26,30.94,199.49,3.72,151.98
2457464,57613,3677,60261,585342,4794,42293,1,2,235,36,1203.96,96.32,1300.28,77.69,542.95,952.84,173.12,118.34,1468.87
2458433,49546,15920,74749,1488239,1355,22359,10,10,236,30,183.98,14.72,198.70,2.17,811.71,36.55,236.12,322.75,862.27
2457814,45223,10111,73889,1086759,3215,9231,11,23,237,34,1149.33,91.95,1241.28,43.08,435.66,612.05,466.61,45.64,273.88
2458388,38153,7717,29195,1516238,2533,34750,7,17,238,10,606.56,48.52,655.08,92.56,594.34,287.74,443.99,3.67,753.28
2457833,55333,8186,27548,148891,2705,27728,5,35,239,96,1156.88,92.55,1249.43,98.95,346.46,703.06,21.76,422.21,514.82
2457160,67990,4708,14576,1011091,6974,40283,10,32,240,13,377.15,30.17,407.32,89.17,47.64,305.87,347.82,62.37,782.48
2458036,48973,7558,11842,1823639,4851,47929,6,26,241,65,1095.05,87.60,1182.65,96.78,541.92,209.37,155.86,212.40,457.79
2458429,57447,15034,81238,1286119,6204,18556,2,35,242,6,96.77,7.74,104.51,79.30,620.86,28.17,310.46,424.25,1041.07
2457971,46184,13714,11957,1894215,4649,13178,4,22,243,78,995.89,79.67,1075.56,89.67,11.93,613.17,130.84,443.75,696.67
2457553,74842,3328,8220,396357,4107,10627,2,18,244,30,777.67,62.21,839.88,51.26,565.02,411.17,50.41,430.95,851.16
2458052,49418,6625,14457,1146751,2722,33662,4,30,245,22,1318.42,105.47,1423.89,75.56,536.06,490.09,409.89,359.10,394.70
2457690,56821,5063,67218,909938,4196,28743,7,5,246,97,708.63,56.69,765.32,22.81,416.90,657.85,191.48,124.81,1278.66
2457825,33358,16198,62101,1573344,3389,47806,4,6,247,49,544.78,43.58,588.36,33.14,790.02,422.85,378.31,215.03,884.88
2458434,74963,14019,94062,996544,4480,8595,4,35,248,77,707.13,56.57,763.70,92.78,623.62,341.59,204.81,325.49,814.09
2458037,53720,17598,4135,463932,4653,28642,4,19,249,38,817.92,65.43,883.35,31.75,997.62,456.37,149.21,160.95,123.02
2457434,62959,2604,7005,1809574,6620,8377,9,12,250,48,260.81,20.86,281.67,34.55,537.74,138.00,169.35,473.44,214.25
2457364,72387,5001,57741,139787,692,11132,2,4,251,50,1324.75,105.98,1430.73,43.56,628.99,658.59,228.95,66.17,442.11
2457078,73249,2785,74671,385079,3917,12405,9,,252,11,1305.67,104.45,1410.12,50.96,431.09,600.66,209.11,72.07,986.78
2457794,30439,10195,67364,1528345,7064,31044,7,29,253,9,1292.74,103.42,1396.16,84.78,406.29,964.02,490.03,198.44,562.89
2456789,62444,12535,21679,66535,7066,35634,7,28,254,49,1576.62,126.13,1702.75,54.63,581.68,892.56,223.21,395.73,1055.72
2458042,55022,15133,50916,268314,1811,6394,3,1,255,6,1876.84,150.15,2026.99,37.78,662.30,1662.71,462.45,209.62,1487.54
2457665,43833,8034,52242,1165606,1786,41213,12,23,256,68,1461.52,116.92,1578.44,14.51,159.05,1201.66,385.28,382.24,1073.45
2458186,37534,6174,69522,644779,4910,5037,2,4,257,4,295.67,23.65,319.32,0.75,896.53,291.46,415.50,478.46,516.39
2456895,42623,2617,43701,1598858,6487,44386,12,29,258,30,1366.95,109.36,1476.31,28.50,499.10,1051.34,68.51,174.46,1284.66
2457635,54081,1041,66694,1180704,1868,11969,6,24,259,25,1309.71,104.78,1414.49,29.79,92.53,1127.68,236.84,56.34,127.63
2456858,70194,14407,70146,1026447,220,38480,12,7,260,28,1537.28,122.98,1660.26,54.59,688.79,697.21,110.76,439.03,954.84
2458135,57691,1435,3366,168029,922,35183,1,3,261,91,1702.42,136.19,1838.61,11.06,82.14,1274.19,133.78,96.40,1301.71
2456856,63596,14449,84767,1195651,6647,5338,11,17,262,81,758.50,60.68,819.18,15.88,487.04,586.64,305.21,193.00,358.38
2456826,32299,3124,56556,706478,1294,22320,9,3,263,98,1475.37,118.03,1593.40,99.20,27.05,1286.63,33.66,111.80,1080.64
2457651,67465,2024,68274,671449,6521,23012,7,25,264,54,1781.71,142.54,1924.25,89.07,983.88,1137.50,370.24,88.76,299.74
2457202,57045,13343,26727,865357,4496,38068,6,2,265,22,557.44,44.60,602.04,94.71,951.14,340.21,365.28,433.65,1421.71
2457401,35226,2602,91109,109665,159,39039,6,25,266,28,1439.81,115.18,1554.99,74.78,394.06,515.33,53.59,52.72,297.99
2457589,55497,2092,61428,1525567,1821,27413,10,7,267,66,1419.91,113.59,1533.50,0.85,127.30,1308.10,452.30,444.98,1051.67
2457461,36397,16775,95314,679280,4894,36258,4,33,268,99,1573.23,125.86,1699.09,24.47,983.56,1566.39,211.97,349.88,1056.54
2458387,46027,10363,90916,1378966,7146,40650,4,25,269,28,2.18,0.17,2.35,55.78,628.27,0.34,476.07,269.16,1232.92
2456800,67772,17542,68154,1481282,5316,465,6,22,270,57,937.45,75.00,1012.45,18.25,402.18,808.60,212.42,202.95,895.92
2457331,61462,15723,15862,1721570,1866,29016,8,8,271,40,831.87,66.55,898.42,98.29,905.55,123.34,431.50,334.01,410.68
2457394,53992,2687,16574,1676786,1994,11470,4,34,272,99,995.73,79.66,1075.39,72.02,437.58,810.25,396.99,210.48,840.45
2458035,49276,7794,11442,1030578,2556,37740,9,17,273,92,115.00,9.20,124.20,68.52,336.78,108.28,353.52,370.66,694.62
2456841,67401,10906,75836,1743122,3040,48875,6,17,274,92,1495.02,119.60,1614.62,90.84,525.11,939.04,270.88,448.09,890.92
2458066,51486,16828,28817,978986,2319,38943,4,,275,75,1050.73,84.06,1134.79,36.12,902.65,49.39,344.04,98.93,1121.31
2456971,68116,16141,7323,1431863,4850,25000,9,22,276,24,75.30,6.02,81.32,66.49,720.79,68.79,208.03,446.28,756.72
2456974,40737,8328,91047,273728,6449,15381,9,35,277,6,911.37,72.91,984.28,26.57,623.54,158.01,143.51,85.81,1069.37
2458438,45195,3089,28588,1080757,1245,24968,6,22,278,88,49.10,3.93,53.03,92.09,487.74,44.98,372.63,162.73,130.65
2458355,73006,8184,26995,1584374,4631,46074,5,29,279,86,215.10,17.21,232.31,80.22,384.94,103.89,195.16,64.65,471.67
2458462,63602,3667,78371,1305629,348,38132,10,10,280,31,700.48,56.04,756.52,64.63,995.29,236.13,159.70,423.82,303.09
2457326,45349,14206,50781,305165,4738,36822,1,31,281,100,1617.47,129.40,1746.87,32.14,246.05,1024.01,44.33,250.78,258.38
2457224,67205,15757,33027,1592198,5726,21843,8,4,282,4,1363.46,109.08,1472.54,10.09,592.46,664.61,265.69,36.05,1131.82
2457739,44865,9621,98814,393167,6564,8926,12,12,283,32,168.83,13.51,182.34,95.30,258.83,69.79,454.48,186.48,743.29
2457832,61306,14035,69941,276194,2798,44625,8,35,284,71,659.27,52.74,712.01,29.79,338.65,361.22,485.40,212.42,1421.11
2457930,51489,10305,30613,384485,205,20939,3,1,285,63,601.68,48.13,649.81,74.33,20.41,336.75,429.29,403.99,197.17
2456878,42924,6424,89676,317560,4842,44955,4,17,286,69,689.46,55.16,744.62,2.34,222.81,220.33,474.87,363.00,168.00
2456910,47794,13879,15637,1396299,3225,42706,7,1,287,85,280.94,22.48,303.42,99.09,492.43,205.13,480.97,310.61,281.87
2457116,40851,8651,83025,679974,15,184,3,1,288,46,299.90,23.99,323.89,85.16,213.57,154.70,133.04,300.24,699.34
2458317,52010,17081,68167,1002578,188,45894,7,21,289,26,870.29,69.62,939.91,46.91,973.39,229.50,26.32,435.28,323.33
2457348,46445,1456,44478,1907953,3874,27600,4,30,290,6,251.15,20.09,271.24,7.18,41.39,227.17,236.61,286.73,854.58
2457101,56578,4960,63872,1074566,1725,17486,9,22,291,9,1319.34,105.55,1424.89,24.73,99.58,1010.01,116.24,277.50,111.07
2457115,62930,15014,12751,710321,6055,7714,8,4,292,50,1954.38,156.35,2110.73,3.30,819.80,180.75,380.11,56.01,670.36
2457268,36522,8485,28498,894085,2141,7880,10,4,293,43,1135.16,90.81,1225.97,96.16,417.38,638.78,452.03,84.27,1149.65
2457604,74409,3793,27645,424573,2235,180,5,20,294,49,721.53,57.72,779.25,21.64,855.41,173.49,464.36,489.32,1329.38
2457422,36940,17035,15972,835478,5498,17308,2,25,295,68,1767.64,141.41,1909.05,45.04,500.29,1077.23,60.79,118.87,128.50
2456871,53612,4486,54971,973646,4564,10347,11,17,296,66,1620.00,129.60,1749.60,2.87,165.47,1415.94,274.94,121.49,923.10
2458078,46442,2479,22906,1792108,5500,3015,1,3,297,70,17.65,1.41,19.06,53.96,741.54,4.97,299.54,343.05,116.80
2457475,31347,15881,65983,1492868,2395,10465,6,34,298,90,1984.85,158.79,2143.64,39.65,843.76,121.70,260.09,319.64,1225.63
,74187,12220,66198,349207,1513,42668,3,9,299,91,1499.61,119.97,1619.58,92.35,761.57,524.62,47.17,410.28,1317.58
2457431,29627,6171,47601,1235577,3554,4255,7,9,300,5,788.30,63.06,851.36,43.14,339.26,467.69,230.22,225.81,637.21
2457463,40328,9372,85314,1351343,3158,17458,10,19,301,57,1584.56,126.76,1711.32,53.19,516.13,1415.84,245.70,207.11,1439.54
2458209,64121,15774,31480,1377200,3043,4211,4,23,302,80,679.56,54.36,733.92,81.43,280.59,543.06,324.40,416.46,828.78
2458287,66504,15397,8963,94644,766,23446,4,24,303,50,418.00,33.44,451.44,83.54,380.30,330.82,408.32,482.87,85.56
2457727,49555,17488,65461,263555,3361,3515,5,13,304,71,1241.67,99.33,1341.00,40.52,281.77,366.30,462.32,292.09,1332.23
2457834,66486,14617,36995,1903195,4557,2472,4,30,305,92,667.95,53.44,721.39,85.40,108.16,249.61,218.90,33.63,1091.73
2458275,37959,4134,43015,1402709,874,39270,11,34,306,8,534.73,42.78,577.51,65.43,417.19,128.73,317.95,310.60,1340.88
2458472,47534,12879,74881,814490,1731,49888,5,3,307,31,359.12,28.73,387.85,44.58,856.87,358.58,31.52,469.61,32.18
,31421,7273,47088,228944,5924,6833,11,34,308,12,1920.50,153.64,2074.14,80.77,220.70,1624.45,7.22,261.06,1361.51
2457037,43071,8609,67058,1091840,3516,42696,3,29,309,12,1681.98,134.56,1816.54,55.67,201.49,216.74,2.62,497.67,1386.16
2456743,71616,3664,25653,1174008,3920,47314,9,32,310,81,514.97,41.20,556.17,13.51,632.74,477.99,209.85,36.58,400.07
2458465,43533,17133,34828,538378,5917,40004,2,2,311,59,23.83,1.91,25.74,4.77,161.26,19.15,119.33,251.52,1101.68
2457491,49017,5809,65172,1276541,4753,12126,1,13,312,65,634.81,50.78,685.59,37.78,698.13,129.38,0.76,59.60,166.68
2457013,70809,16351,14635,1313286,5304,10625,10,16,313,49,1542.96,123.44,1666.40,4.90,919.14,722.53,485.07,422.36,216.62
2457452,67838,15313,48031,1476477,1052,6666,11,18,314,33,285.73,22.86,308.59,39.72,904.61,241.42,197.00,358.49,720.57
2458276,71598,7972,92676,341519,6094,8483,10,10,315,92,1295.31,103.62,1398.93,82.15,284.03,1130.66,163.88,475.54,149.24
2457603,45759,9534,13256,933158,1752,11364,9,19,316,15,1270.52,101.64,1372.16,92.87,666.07,98.12,288.66,340.04,314.73
2458145,56122,17688,6158,333258,4447,23627,6,12,317,31,1078.83,86.31,1165.14,79.37,187.32,538.24,477.74,318.07,536.31
2456872,70605,7696,88625,739102,5662,18036,5,,318,65,923.89,73.91,997.80,34.72,904.91,616.43,140.63,100.28,48.79
2458120,30906,17686,9057,1168507,3392,42093,3,3,319,77,1154.81,92.38,1247.19,65.34,770.98,791.43,117.50,362.30,47.63
2456911,55638,12385,47633,1098760,4573,9733,10,30,320,97,285.38,22.83,308.21,69.98,359.76,250.18,293.03,89.85,339.05
2458309,39102,216,4925,698127,1638,10366,9,24,321,68,822.50,65.80,888.30,13.49,10.86,391.62,316.58,444.44,743.09
2457635,64989,11120,14832,1736176,100,40433,3,25,322,55,186.13,14.89,201.02,65.12,816.72,170.66,464.84,237.48,1407.04
2458153,37999,16170,78731,314732,5618,46218,9,,323,55,1443.41,115.47,1558.88,33.04,561.13,926.65,172.59,447.70,1450.99
2456840,39350,5581,72359,1232555,496,19618,10,16,324,92,1956.66,156.53,2113.19,59.26,296.76,531.96,301.26,371.26,1372.26
2458321,29766,10291,40784,684246,5980,23046,4,3,325,17,1042.51,83.40,1125.91,90.94,444.73,796.05,420.03,178.74,87.27
2456854,67928,12596,3755,850585,2760,31643,4,35,326,4,1177.73,94.22,1271.95,45.78,371.22,826.03,401.12,490.73,866.62
2457414,44478,8795,93765,189389,978,38314,9,17,327,94,236.73,18.94,255.67,42.44,337.45,178.94,84.45,64.04,159.12
2458027,68179,9884,64363,348626,4026,42125,3,28,328,37,1342.86,107.43,1450.29,96.25,134.49,1212.84,95.33,231.83,1492.10
2457841,31811,11456,17172,819569,2056,42834,3,14,329,60,92.12,7.37,99.49,15.21,354.42,74.77,429.56,340.16,251.86
2457178,49306,2239,79560,1000526,1169,169,10,33,330,70,1554.35,124.35,1678.70,28.61,155.60,1324.73,112.86,374.46,119.17
2457165,49547,1638,5372,105707,3770,20488,1,15,331,95,1474.54,117.96,1592.50,61.76,573.96,871.13,436.15,393.63,927.05
,55499,15017,17683,30240,1225,26558,2,21,332,28,1110.88,88.87,1199.75,93.50,768.57,271.33,28.41,294.81,1466.54
2457725,62628,11146,,820209,597,48248,11,16,333,46,1473.41,117.87,1591.28,36.27,137.86,216.98,138.87,174.59,713.44
2458396,58096,11382,77234,105873,1599,1104,10,13,334,50,1126.60,90.13,1216.73,73.05,831.15,684.65,27.53,11.04,597.92
2458441,50182,16105,25776,1607128,145,35676,8,23,335,44,1393.50,111.48,1504.98,60.00,431.57,536.32,372.03,264.54,532.95
2458463,49237,5956,52686,971878,3952,26425,7,1,336,11,1292.11,103.37,1395.48,66.38,636.81,780.98,99.30,109.35,443.72
2458144,32402,11824,10486,1554671,2005,35440,6,5,337,80,1507.73,120.62,1628.35,38.30,68.63,1469.97,107.01,459.22,588.12
2457017,65441,1370,23994,468303,5888,15437,11,28,338,10,1374.73,109.98,1484.71,24.54,942.36,1119.25,300.92,2.24,1240.17
2457660,42951,9463,4971,1688809,6388,42909,8,24,339,18,193.23,15.46,208.69,39.95,648.68,76.27,368.14,152.80,399.84
2456743,52814,9854,89327,425342,4878,18687,5,31,340,12,1053.59,84.29,1137.88,6.70,758.11,732.45,251.73,113.63,1317.25
2457534,35356,13543,29856,1273738,3382,26753,9,,341,30,44.55,3.56,48.11,15.71,269.26,10.14,1.46,99.09,558.38
2457563,51814,1872,68248,352896,6994,42202,6,25,342,84,1586.23,126.90,1713.13,98.18,436.80,1172.21,288.26,157.57,1038.61
2457727,35922,5254,36622,520127,209,25006,9,25,343,13,1836.86,146.95,1983.81,15.28,473.19,202.61,339.69,362.67,732.48
2458121,71467,3564,98349,521357,2692,27295,4,8,344,52,1671.69,133.74,1805.43,30.24,498.90,1621.37,320.61,238.62,1388.45
2457782,54986,11818,12296,222045,498,21104,12,35,345,21,1248.43,99.87,1348.30,88.90,531.00,825.69,221.56,267.29,730.19
2457755,42701,16090,79849,1574921,4098,24051,8,22,346,84,852.40,68.19,920.59,41.08,845.71,832.18,287.25,35.35,1320.69
2456966,42292,16882,16465,1367306,3641,6984,6,19,347,80,390.69,31.26,421.95,67.82,980.96,154.12,474.43,280.34,785.03
2458294,63781,10021,29881,9734,5869,18004,6,23,348,19,87.55,7.00,94.55,43.20,97.29,30.87,431.98,174.83,342.25
2458461,53288,12268,86824,904706,925,49803,11,28,349,39,1754.22,140.34,1894.56,83.37,65.72,1369.78,149.18,288.70,1243.22
2457999,40427,14220,54321,1116671,6900,27373,9,8,350,78,1664.90,133.19,1798.09,99.73,755.34,1420.64,194.97,69.61,383.85
2458072,58687,10600,75318,62246,1802,45826,6,34,351,13,114.19,9.14,123.33,91.29,910.05,66.41,209.89,346.89,195.34
2456983,63350,8459,77036,949237,5433,1355,4,16,352,53,300.16,24.01,324.17,85.81,257.95,139.75,21.50,24.86,45.31
2458330,74255,16222,30240,1884379,5115,19946,5,10,353,89,1009.03,80.72,1089.75,11.02,701.02,559.68,265.80,435.68,1113.13
2457177,60811,2776,96935,277479,5188,20454,3,7,354,62,922.77,73.82,996.59,39.95,903.88,877.39,193.29,261.28,1139.59
2456823,71002,15828,32568,1057184,6561,20440,2,18,355,46,1027.51,82.20,1109.71,19.61,518.40,345.94,188.02,35.76,1024.22
2457583,55687,6235,49872,709408,1509,5566,10,26,356,67,1197.38,95.79,1293.17,45.73,334.43,161.50,375.75,332.12,144.14
2457475,37108,2967,22478,519813,3166,4235,2,20,357,5,995.04,79.60,1074.64,45.82,585.31,694.26,268.15,300.23,683.01
2457808,67065,16548,87939,105437,4865,35448,11,28,358,49,1168.97,93.52,1262.49,33.20,825.59,610.11,362.39,274.05,1369.58
2458069,58697,85,76209,717470,3686,26406,3,26,359,2,1885.99,150.88,2036.87,45.75,531.82,1311.10,274.46,130.64,596.97
2457388,65707,14377,58826,1781130,1691,4722,10,30,360,33,111.23,8.90,120.13,18.45,918.06,100.85,406.43,280.34,1014.56
2457180,74049,150,86384,1093204,484,13149,2,1,361,75,254.23,20.34,274.57,27.77,506.75,138.01,338.21,118.70,115.28
2457154,36259,6902,6393,1646863,6144,30744,11,,362,60,1835.44,146.84,1982.28,30.07,620.82,1692.06,86.79,27.09,355.50
2457215,58923,3485,81926,1748778,5717,41162,10,3,363,44,1693.83,135.51,1829.34,7.83,39.79,1148.47,157.78,417.57,1053.64
2457990,31333,5033,13071,718639,5201,9927,12,4,364,26,838.07,67.05,905.12,78.28,851.94,416.14,358.70,181.73,1112.74
2457006,38947,8528,45308,200982,3698,35170,2,20,365,38,1386.41,110.91,1497.32,50.81,790.22,161.88,209.83,480.08,864.38
2457359,48547,3242,89691,1447623,272,39362,3,23,366,12,1995.07,159.61,2154.68,73.66,622.50,11.18,479.78,343.99,268.98
2457570,73776,7738,54308,1037103,5552,12044,9,23,367,62,572.13,45.77,617.90,87.52,40.00,478.61,442.79,364.81,208.40
2456915,64201,10773,48189,952719,3307,21220,6,26,368,11,1503.26,120.26,1623.52,61.10,180.50,212.34,157.35,231.81,275.73
2457463,30916,10855,88355,240836,6632,17991,9,10,369,47,935.31,74.82,1010.13,48.28,275.07,571.87,274.37,496.36,422.67
2457151,50789,10194,96391,1675583,2703,13791,1,12,370,74,1565.74,125.26,1691.00,49.20,629.09,1424.94,256.41,299.76,328.97
2458450,51089,14835,7710,1456758,4604,24028,8,8,371,85,755.00,60.40,815.40,88.81,260.53,723.57,247.00,191.72,630.31
2457112,38718,7964,45413,109450,5521,9277,7,13,372,22,937.87,75.03,1012.90,76.08,46.03,500.74,233.79,14.55,216.84
2458243,62572,8371,68002,104546,5013,44758,12,27,373,51,205.90,16.47,222.37,64.86,418.31,9.07,52.93,300.60,831.24
2457989,42099,4658,39990,186060,170,1181,7,25,374,51,434.20,34.74,468.94,60.33,993.15,20.74,310.08,215.84,519.34
2457275,47229,9807,19748,1591133,5844,13760,12,4,375,1,1592.70,127.42,1720.12,18.55,158.23,201.87,296.15,385.03,468.07
2456846,37020,7068,40000,589222,4976,21066,4,30,376,3,804.49,64.36,868.85,71.88,454.10,642.47,82.07,434.25,335.09
2458356,57315,7073,58693,868412,642,19716,9,13,377,30,556.82,44.55,601.37,24.96,35.41,502.62,221.07,130.33,777.59
2456740,63431,17322,94146,347539,6095,42457,12,14,378,38,119.78,9.58,129.36,39.17,955.20,46.83,59.26,328.83,1343.43
2456936,62479,833,38083,35112,6384,17892,4,12,379,65,1633.94,130.72,1764.66,54.98,188.50,1122.40,42.42,486.77,666.70
2458328,51675,15162,,1307721,6170,23011,10,6,380,80,1667.03,133.36,1800.39,30.98,340.67,30.03,291.35,363.21,1353.36
2457457,60412,4079,52173,1276525,4213,29433,8,27,381,19,300.30,24.02,324.32,44.60,207.53,124.64,433.98,187.44,1256.51
2457665,48491,15635,12773,271140,1702,45965,8,30,382,56,947.80,75.82,1023.62,57.19,410.79,570.07,498.07,27.55,915.66
,73185,5549,30446,538476,6801,662,9,1,383,99,406.60,32.53,439.13,80.48,100.98,255.76,61.83,53.69,417.58
2458332,59994,12129,,763227,4948,8091,6,30,384,63,1485.56,118.84,1604.40,57.91,606.61,1267.98,0.31,116.94,240.34
2457052,54405,13174,48354,1440220,2472,26110,4,25,385,80,456.77,36.54,493.31,88.50,369.84,346.65,474.35,226.50,1384.82
2457138,62058,6133,52131,309602,6557,22271,12,35,386,52,32.00,2.56,34.56,17.30,791.94,5.45,57.40,333.37,47.94
2456859,44084,10840,20824,299543,1638,17806,11,26,387,51,634.20,50.74,684.94,9.50,551.28,59.48,319.05,100.50,1346.76
2457089,30699,11418,66356,1156805,3752,2589,5,16,388,54,1153.96,92.32,1246.28,30.87,915.45,603.25,141.84,319.91,952.80
2457452,59190,17761,59341,1482787,5438,16551,8,12,389,71,288.16,23.05,311.21,25.39,138.27,114.41,492.44,70.79,498.24
2457586,30064,13685,25803,46612,4665,26996,11,16,390,97,1780.67,142.45,1923.12,45.48,241.25,1628.23,98.04,432.75,904.02
2456803,31979,4170,7467,1855948,6200,24393,11,10,391,56,1168.09,93.45,1261.54,61.28,254.96,620.10,298.09,316.24,371.00
2458332,34278,7503,81525,1366201,906,28650,4,30,392,47,36.60,2.93,39.53,89.64,171.13,29.25,460.50,142.81,1208.28
2457884,74562,2390,82207,123078,525,20754,1,,393,7,177.07,14.17,191.24,40.98,470.96,158.76,175.11,44.61,701.54
2456928,44642,933,27613,604235,6906,42421,6,26,394,79,96.48,7.72,104.20,74.67,110.96,12.37,306.69,278.80,737.55
2457014,40561,13863,14804,166397,2607,6092,12,,395,94,425.79,34.06,459.85,84.86,396.67,4.69,398.51,39.94,558.56
2458080,39648,12008,18246,1569769,5573,827,1,27,396,29,1034.70,82.78,1117.48,7.36,439.73,895.61,191.65,113.16,60.48
2457926,70770,2593,85614,271415,4028,11481,12,31,397,27,1556.16,124.49,1680.65,91.68,974.12,1112.48,169.35,485.87,845.78
2456754,47940,2996,65042,1495434,7088,34467,1,19,398,89,1740.44,139.24,1879.68,91.07,869.78,1166.38,228.39,193.34,1080.09
2457807,56400,12926,78721,880043,6017,24627,9,13,399,13,1249.96,100.00,1349.96,8.20,677.28,1020.84,64.21,74.69,1498.68
2456864,54798,15756,11682,947251,4217,1774,9,27,400,98,1812.94,145.04,1957.98,27.98,588.54,1176.68,341.50,316.50,955.45
2457846,34931,3979,25839,230680,3186,8132,6,30,401,60,461.43,36.91,498.34,76.86,663.92,263.96,250.41,248.31,1150.20
2457883,67670,291,5728,46591,6734,28149,12,11,402,24,1023.49,81.88,1105.37,63.76,664.50,466.58,358.79,301.53,305.24
2456836,71946,8562,29655,806026,462,47116,9,8,403,24,835.41,66.83,902.24,49.96,876.49,54.55,205.35,438.92,78.06
2456964,37628,6774,45799,456952,6506,4848,2,32,404,89,1069.29,85.54,1154.83,3.48,552.62,65.93,228.99,64.84,1311.83
2456783,56472,13776,40833,1876546,2138,5120,9,9,405,85,1572.48,125.80,1698.28,48.91,926.68,1244.57,257.97,357.99,477.71
2456929,43898,9154,75099,913386,893,15006,3,21,406,12,698.28,55.86,754.14,97.55,363.82,113.07,259.08,98.89,298.63
2457444,66084,10535,78432,776302,5217,25263,2,15,407,95,373.80,29.90,403.70,98.03,560.37,122.81,222.41,208.60,467.08
2457066,50696,2719,15160,112970,1979,35077,1,4,408,25,551.01,44.08,595.09,87.49,152.38,491.15,126.16,44.15,544.82
2458421,67128,8816,79088,1861704,3630,40529,12,9,409,100,1465.60,117.25,1582.85,54.69,320.91,829.72,455.48,491.17,1006.31
2458423,40003,17351,15417,1616119,3218,6215,9,21,410,80,82.97,6.64,89.61,74.67,696.62,26.88,201.53,291.60,1443.75
2458002,68847,12636,61949,1340023,3275,36316,4,3,411,13,435.77,34.86,470.63,39.44,881.34,76.57,465.27,163.31,860.72
2458387,57894,5896,87553,1660398,4734,10856,8,24,412,1,1886.17,150.89,2037.06,11.27,997.49,794.41,106.44,493.11,1144.59
2457641,69726,5443,84422,811560,2651,26513,5,16,413,35,1761.40,140.91,1902.31,77.83,628.27,1361.30,471.23,217.35,1162.68
2458167,65297,9651,62182,619188,1736,8879,11,13,414,80,1537.58,123.01,1660.59,14.34,272.44,98.63,316.23,114.40,1270.76
2457797,43997,10268,14092,373432,3573,31094,2,29,415,98,412.94,33.04,445.98,64.27,149.78,368.99,305.32,57.06,169.04
2457382,40779,7488,59026,359109,2863,19640,12,8,416,25,1614.75,129.18,1743.93,25.99,586.49,74.56,414.22,358.56,630.05
2457596,60083,8236,95079,1670436,2349,25427,1,31,417,96,1362.63,109.01,1471.64,6.14,730.58,866.46,75.46,337.34,912.19
2457084,32554,15644,75777,10703,2495,24540,11,5,418,13,1665.98,133.28,1799.26,8.05,759.96,116.12,484.55,192.95,1103.21
2457734,40119,11925,3383,340580,5083,49904,3,,419,82,1278.59,102.29,1380.88,90.05,991.62,84.01,305.83,5.93,772.90
2458381,74585,9066,13013,1700231,1380,15781,11,14,420,49,1384.39,110.75,1495.14,38.89,716.98,1052.09,415.73,198.44,91.14
2458119,64301,7959,45108,124901,6619,35691,2,16,421,30,431.53,34.52,466.05,21.82,627.55,385.11,423.23,481.81,351.32
2458260,56335,14021,10095,195399,1001,21696,6,15,422,86,1445.33,115.63,1560.96,56.25,520.27,1395.83,18.83,279.86,1493.39
2457207,37267,14789,32866,1508566,4059,18503,6,,423,14,168.76,13.50,182.26,17.13,466.57,67.82,41.78,249.39,546.31
,58123,10609,72916,1420513,2400,29390,3,27,424,48,801.25,64.10,865.35,53.94,882.45,282.57,96.18,171.26,242.77
2456759,38023,17205,92262,665850,4872,16176,8,10,425,40,1557.98,124.64,1682.62,95.17,249.24,1169.58,332.00,167.26,158.19
2458271,50996,7325,44417,161563,1201,8606,2,3,426,84,1781.64,142.53,1924.17,10.43,236.83,122.62,268.88,23.72,1280.13
2458403,71640,4909,26694,1581720,5846,48333,12,35,427,33,1260.30,100.82,1361.12,93.58,241.41,669.14,147.91,116.49,928.94
2457729,46092,2238,1429,76617,3749,45817,8,30,428,63,927.54,74.20,1001.74,22.75,379.23,349.75,28.11,125.14,820.22
2457440,44257,15030,38188,1244024,1343,5194,11,6,429,44,1824.42,145.95,1970.37,97.46,115.76,459.68,320.83,173.51,716.98
2457743,75104,12878,52826,495364,2197,44974,8,31,430,87,1447.12,115.77,1562.89,73.04,281.21,29.92,464.99,153.69,1088.77
2457366,39553,2097,41743,605654,898,26629,2,6,431,63,410.86,32.87,443.73,4.59,284.76,263.57,146.17,107.59,688.17
2458149,45629,14545,53998,1154682,333,24480,12,17,432,64,1553.21,124.26,1677.47,34.12,996.99,1523.87,305.53,487.25,918.62
2457712,61885,9838,98286,1042599,1980,1690,6,31,433,72,710.66,56.85,767.51,13.67,652.40,359.00,152.18,413.42,1163.40
2458068,63485,3714,38478,763525,5365,43024,10,4,434,49,14.75,1.18,15.93,57.07,872.76,8.24,442.12,348.62,798.12
2457443,55497,7524,53650,921597,2691,23884,1,5,435,55,1639.75,131.18,1770.93,23.15,125.44,1264.50,390.81,290.92,175.17
2457182,66975,16239,11051,1750978,301,49323,1,16,436,99,686.39,54.91,741.30,45.88,371.28,293.32,128.32,358.74,193.80
2457284,64224,13774,82539,1120168,1236,1561,11,,437,69,1039.38,83.15,1122.53,62.01,326.77,187.93,141.88,114.25,539.66
2457481,61524,13583,24896,688185,817,9154,5,4,438,21,1963.62,157.09,2120.71,99.97,928.24,849.12,9.20,436.42,1331.42
2458358,34395,480,66598,1498539,3762,19614,12,21,439,45,1612.34,128.99,1741.33,50.55,561.60,694.57,27.84,331.07,753.73
2456985,35537,7949,32904,1737066,1198,28236,4,9,440,17,1093.94,87.52,1181.46,76.35,820.38,236.57,173.03,455.88,445.28
2457651,50311,2593,94875,747231,5420,26866,5,3,441,86,1038.86,83.11,1121.97,24.73,305.02,682.09,429.26,152.91,257.76
2457643,70046,14451,14876,978642,1281,98,5,35,442,2,1409.94,112.80,1522.74,32.76,886.70,406.52,399.62,474.60,52.31
,33569,10254,99448,840267,2009,44763,1,31,443,80,582.15,46.57,628.72,86.53,152.95,198.13,212.91,167.67,974.04
2457974,37973,6186,49993,914594,1690,49619,9,24,444,50,782.03,62.56,844.59,93.65,922.19,764.93,162.52,16.74,1429.18
2457773,29664,16677,14280,1387727,1121,8878,5,31,445,92,302.65,24.21,326.86,71.10,542.12,138.00,417.81,28.88,1461.37
2458076,40314,9456,89017,807783,6178,21936,1,25,446,63,596.35,47.71,644.06,27.42,474.73,555.73,38.85,316.68,960.34
2457458,39510,16337,29104,1231116,4112,13988,12,20,447,39,1819.97,145.60,1965.57,78.62,287.28,830.26,261.01,393.96,282.83
2458116,30944,9284,66439,1199315,3803,7627,5,23,448,6,955.73,76.46,1032.19,78.67,940.51,682.83,457.46,379.74,1317.87
2457195,33262,11387,89159,347498,5887,34912,1,20,449,61,850.40,68.03,918.43,94.06,733.51,693.25,204.84,353.20,897.30
2458260,69711,1082,58219,1721959,2132,29573,2,5,450,59,780.78,62.46,843.24,96.33,202.54,221.10,456.87,349.51,838.00
2457889,39118,5954,9464,1764935,6410,1656,7,12,451,48,599.12,47.93,647.05,82.93,923.75,390.33,383.59,114.05,1128.29
2457543,37829,14858,39468,1614047,6924,34933,4,19,452,20,1652.03,132.16,1784.19,0.57,714.94,1611.24,143.05,478.11,482.06
,45390,8728,24751,662840,6363,39157,3,8,453,67,1921.19,153.70,2074.89,82.55,177.91,149.04,38.98,238.12,1269.11
2458300,48573,13791,14810,1503751,141,30944,3,3,454,47,1171.73,93.74,1265.47,46.91,496.38,1015.00,316.99,129.47,722.04
2457658,46312,2131,6024,1104968,177,1439,7,34,455,6,866.63,69.33,935.96,72.33,600.95,130.44,176.89,31.25,701.22
2456919,61561,17810,32482,166879,2216,12139,10,20,456,48,734.72,58.78,793.50,41.09,106.05,96.42,267.67,157.63,117.15
,54433,11980,94461,712115,1194,20504,3,20,457,78,447.48,35.80,483.28,52.13,843.33,68.20,442.05,201.89,853.54
2457716,53493,6693,56688,245850,1919,27425,5,33,458,6,1757.43,140.59,1898.02,60.73,925.02,837.03,123.10,199.95,812.15
2456839,36735,5776,4641,1658600,3405,1302,8,5,459,6,16.83,1.35,18.18,86.38,640.47,11.44,381.56,73.92,1.86
2456886,40166,8711,17953,108850,5461,45628,4,32,460,66,1926.15,154.09,2080.24,35.21,65.38,1666.23,470.41,190.78,249.88
2456941,62573,10829,3938,970236,3711,16014,12,35,461,46,1413.72,113.10,1526.82,53.44,625.70,947.62,122.02,428.39,77.89
2457999,36533,5144,87701,684623,5753,43299,10,7,462,31,375.65,30.05,405.70,40.14,670.04,166.87,285.01,186.29,156.63
2458303,54621,16619,54054,1918935,6394,49550,12,5,463,67,1923.34,153.87,2077.21,31.67,695.68,404.02,178.22,90.14,899.80
2458334,51502,3952,10910,1139620,5123,7867,6,2,464,87,234.34,18.75,253.09,89.52,656.35,199.71,490.72,106.36,976.59
2457622,61107,3009,55616,262395,5538,5783,9,2,465,81,1135.99,90.88,1226.87,64.56,294.92,762.55,100.11,186.35,637.77
2458293,52607,15621,59746,1404997,2065,18078,10,19,466,46,884.85,70.79,955.64,18.45,139.72,456.14,494.06,494.11,701.01
2457287,46510,2261,1246,807692,2295,40949,5,22,467,25,636.57,50.93,687.50,29.49,387.05,504.95,125.54,26.50,286.08
2458308,50278,14172,55340,1416333,5501,2154,8,10,468,56,510.01,40.80,550.81,64.52,944.83,4.72,334.13,58.59,939.75
2457897,42125,4969,35086,1325598,4152,14250,3,14,469,47,1887.78,151.02,2038.80,3.27,143.62,182.25,315.39,49.85,529.87
2457237,46958,17841,67624,1920615,4761,7202,9,6,470,24,1010.65,80.85,1091.50,29.82,728.44,818.26,50.01,75.93,378.87
2457837,50552,12179,97727,928832,1180,5653,12,30,471,9,696.24,55.70,751.94,3.10,128.63,450.63,102.86,203.19,24.35
2457718,41213,11130,94866,1505522,2120,44351,1,29,472,51,1949.38,155.95,2105.33,85.55,96.20,107.97,480.47,329.67,1124.25
2457517,29478,5262,65970,1477415,1550,27822,9,16,473,49,1684.87,134.79,1819.66,49.20,375.29,1029.84,10.83,322.14,844.77
2458158,31594,16489,45299,1282961,6486,49048,4,18,474,93,1201.90,96.15,1298.05,40.51,924.97,1142.18,28.48,251.46,1185.96
2458268,29758,15134,79383,982622,685,14058,7,4,475,40,897.07,71.77,968.84,71.58,65.39,467.87,468.25,395.07,1043.49
2457331,61984,5980,48209,993460,1419,2593,1,32,476,39,234.49,18.76,253.25,98.73,977.93,179.51,124.58,107.84,158.36
2458073,55100,12526,35009,711908,1240,12920,8,16,477,93,713.46,57.08,770.54,51.68,354.34,667.85,424.20,406.61,885.49
2458132,29244,794,33467,53271,1693,17199,8,21,478,78,543.72,43.50,587.22,55.66,659.81,229.18,309.26,300.61,839.15
2456758,69931,17851,21127,1023218,4935,7400,3,32,479,70,1988.73,159.10,2147.83,15.33,607.05,1298.85,167.32,222.41,547.64
2457677,30085,17343,,1484530,220,46884,6,,480,37,964.58,77.17,1041.75,49.23,387.90,663.28,219.35,257.14,119.43
2456883,49334,9752,54192,712450,1652,28362,11,7,481,23,244.73,19.58,264.31,23.04,430.25,49.78,367.38,336.68,576.74
2458293,68241,4895,25266,185127,6291,30553,4,10,482,6,1674.45,133.96,1808.41,57.43,409.38,670.35,222.93,180.20,1162.20
2457791,72222,13630,30787,1233250,2457,12178,9,26,483,27,1513.16,121.05,1634.21,7.40,153.50,288.94,213.22,91.52,778.45
2457545,52757,1489,43431,955081,785,20636,6,26,484,90,219.84,17.59,237.43,28.94,986.92,80.30,220.59,78.91,1172.42
2458133,74929,5665,27262,1504408,1426,19359,7,9,485,51,1379.65,110.37,1490.02,44.33,779.09,81.09,210.15,248.60,998.68
2457660,54330,7888,6657,1001717,6218,10687,5,3,486,63,1086.83,86.95,1173.78,18.84,398.18,180.56,419.31,9.26,834.37
2457286,69154,12199,21769,11621,170,14385,3,31,487,96,167.97,13.44,181.41,78.91,785.38,22.74,429.81,408.56,945.62
2457959,41467,6140,30639,329625,2330,35690,8,14,488,95,382.49,30.60,413.09,54.68,681.77,118.70,189.79,85.26,630.98
2456977,46402,6999,53114,95217,983,17977,6,20,489,25,1741.67,139.33,1881.00,60.54,240.68,686.95,294.39,499.36,4.69
2456766,41963,8663,55691,1194387,7167,31847,3,13,490,81,720.90,57.67,778.57,46.26,930.64,424.60,186.59,103.55,784.10
2457490,65880,11986,45388,1216875,4784,10129,1,19,491,73,309.82,24.79,334.61,90.70,147.02,103.27,57.78,444.35,1493.68
2456824,58870,7758,61372,1865346,3692,37115,3,30,492,84,114.88,9.19,124.07,91.71,107.57,25.80,52.46,400.21,1103.37
2458149,68552,401,18708,1251505,6604,10008,3,,493,20,925.47,74.04,999.51,91.88,666.11,274.47,119.46,496.50,131.42
2457313,64728,17435,42251,557201,4095,10570,5,,494,37,645.68,51.65,697.33,64.31,166.02,535.27,71.32,416.15,1048.47
2457757,54023,1957,65617,548232,1827,27521,9,,495,99,1433.03,114.64,1547.67,28.59,861.43,296.36,430.89,258.83,541.42
2457966,65316,2704,4560,586187,2779,28479,5,16,496,75,212.50,17.00,229.50,77.05,634.23,126.73,174.27,295.82,140.01
2457396,66882,17188,76164,1654734,3825,32226,9,32,497,14,1419.35,113.55,1532.90,62.79,738.13,145.97,260.03,375.51,1434.22
2457497,59587,9358,56380,1840066,5568,2007,12,34,498,7,869.30,69.54,938.84,1.20,26.45,406.32,317.89,330.59,1259.12
2457544,32462,9922,30057,366525,2119,18925,6,21,499,33,1403.62,112.29,1515.91,24.02,686.24,78.24,108.56,218.18,431.62
2457912,37059,7089,50768,911047,3011,2306,7,4,500,7,1249.63,99.97,1349.60,23.04,740.90,283.55,272.76,184.26,1352.85
2457414,50064,10388,93719,485437,3611,34299,5,20,501,51,87.39,6.99,94.38,35.23,921.77,44.85,207.62,23.84,1270.81
2457036,30150,10575,32279,543060,4792,27682,1,29,502,91,1088.43,87.07,1175.50,34.66,297.03,195.78,268.74,28.66,159.98
2458405,29076,5652,30274,993531,6931,8965,4,16,503,94,426.20,34.10,460.30,17.54,509.15,231.26,119.91,201.94,273.64
,31779,7404,93922,870546,1371,27499,6,5,504,4,1074.96,86.00,1160.96,30.40,451.45,474.60,118.81,381.70,1.47
2457126,51812,6394,55823,1216440,2949,35072,10,26,505,94,1737.50,139.00,1876.50,76.87,206.65,226.57,459.33,220.11,809.18
2456792,74247,14134,41537,331789,5319,12405,11,29,506,82,1244.34,99.55,1343.89,54.32,778.32,225.78,87.69,63.42,644.48
2456752,60643,2170,6577,492804,91,16328,2,10,507,54,1560.21,124.82,1685.03,40.83,596.12,1221.25,194.68,494.78,1432.69
2457261,70039,11124,63535,1732840,1252,8929,9,20,508,56,300.56,24.04,324.60,16.77,815.32,289.01,229.09,112.02,626.33
2456818,29375,9029,35611,1903691,5550,44498,9,2,509,42,972.33,77.79,1050.12,18.14,909.13,407.49,133.27,388.10,403.83
2458284,30843,10034,46073,1674268,708,14360,5,20,510,27,1155.79,92.46,1248.25,16.14,63.29,233.94,235.35,98.08,3.13
2457361,65136,4230,3829,988879,3378,19073,2,7,511,54,1993.13,159.45,2152.58,70.80,326.54,1207.08,119.38,471.12,1480.10
2458311,61552,7232,80751,691214,4504,17729,1,13,512,44,824.82,65.99,890.81,56.30,620.39,356.97,228.94,17.32,14.17
2457789,48052,2762,92328,1190519,2548,30574,6,19,513,25,1398.43,111.87,1510.30,46.70,148.79,1304.72,356.40,326.67,496.04
2457935,49188,12623,23933,1878876,1441,7668,7,9,514,46,1160.16,92.81,1252.97,17.32,385.47,357.57,95.92,183.42,230.08
2457931,39870,4022,67664,1856584,572,12549,12,7,515,55,1710.94,136.88,1847.82,7.53,825.50,1456.80,100.69,189.13,1013.91
2457354,66053,8116,13095,675380,1803,34126,3,23,516,25,1340.43,107.23,1447.66,57.02,899.57,142.77,286.46,300.42,902.06
2457533,53391,9725,45616,261631,5060,2292,9,27,517,86,1845.70,147.66,1993.36,12.48,111.56,380.82,137.39,432.69,797.53
2458303,42711,2370,39124,1653766,3913,29960,7,13,518,97,1708.11,136.65,1844.76,18.66,891.78,1569.44,445.94,82.45,959.74
2458390,71731,9724,64336,704799,7154,16461,3,13,519,15,864.32,69.15,933.47,47.32,557.96,763.26,142.04,231.67,55.90
2458137,47137,7638,96258,840409,6909,7963,8,20,520,30,782.26,62.58,844.84,33.55,573.13,476.93,437.62,321.95,1359.99
2457508,53915,2948,37055,861828,2293,41426,6,1,521,100,1119.97,89.60,1209.57,89.00,443.48,866.13,263.56,120.49,1405.06
2457817,37993,4860,117,1903307,70,13321,1,19,522,76,1364.50,109.16,1473.66,29.38,208.22,873.93,414.63,224.87,424.02
2456919,28888,6606,10825,555116,2094,38577,1,6,523,6,296.57,23.73,320.30,36.83,327.72,290.10,199.08,312.61,61.52
2457291,36009,2634,1682,371126,6755,6642,8,24,524,52,168.23,13.46,181.69,61.07,262.90,55.05,413.95,290.99,1023.74
2457391,47132,15691,,1133309,5136,13631,7,26,525,85,262.29,20.98,283.27,54.74,398.27,235.96,353.56,66.58,463.53
2456993,61115,11928,73816,1376346,6704,21997,12,11,526,22,1499.68,119.97,1619.65,97.68,835.32,16.89,130.33,6.01,892.27
2458231,60518,12257,71731,1553716,1736,11976,8,2,527,62,1292.83,103.43,1396.26,19.35,19.62,926.48,37.50,128.86,1384.10
2457697,52756,13272,18431,1759697,3512,48185,11,31,528,57,129.02,10.32,139.34,65.82,325.04,83.47,74.13,207.24,739.20
2458356,48884,16365,67362,674257,3298,37913,10,24,529,70,1961.09,156.89,2117.98,93.71,849.45,1537.15,436.38,313.81,1108.56
2457673,51339,9806,26877,838864,7060,48147,3,8,530,60,1521.98,121.76,1643.74,86.37,436.68,529.80,168.58,208.04,1085.68
2457654,57418,9600,,1206002,6782,29564,1,20,531,10,204.69,16.38,221.07,70.91,292.13,57.47,49.91,484.86,1051.12
2457385,72218,15439,47419,1269019,6328,18330,10,10,532,70,1547.83,123.83,1671.66,99.86,455.91,1434.60,11.93,86.18,769.27
2457673,50343,17593,64666,1046625,5547,33016,7,19,533,14,41.97,3.36,45.33,78.74,216.38,3.55,350.79,153.96,1473.97
2457887,37599,15215,98236,632913,3876,43930,4,28,534,27,1989.29,159.14,2148.43,38.25,142.86,1469.85,449.22,324.69,1389.73
2457318,48669,1158,40907,675368,6136,42587,2,33,535,19,1137.76,91.02,1228.78,71.08,383.64,2.82,367.17,241.87,265.13
2457257,37198,15627,41315,1372879,2094,5778,4,21,536,59,1029.60,82.37,1111.97,58.39,11.26,942.23,134.17,274.70,436.63
2457427,58466,13251,66178,26123,2754,37351,4,9,537,70,1909.17,152.73,2061.90,11.53,2.03,145.05,205.12,353.09,231.96
2458427,32461,12392,2197,188262,1448,49816,6,26,538,41,326.77,26.14,352.91,82.58,792.19,44.27,305.37,113.62,854.91
2458045,52805,17492,61652,1664416,1993,46744,9,8,539,40,1286.58,102.93,1389.51,34.77,279.60,362.70,476.98,318.98,780.29
2457353,66109,11519,49500,288766,6358,41193,8,35,540,89,423.82,33.91,457.73,88.65,9.91,147.86,202.72,70.32,277.10
2458465,50273,7468,83552,364231,5911,28453,6,19,541,34,1909.81,152.78,2062.59,49.97,163.03,412.53,178.38,89.44,404.81
2458148,65866,10750,80534,958552,6525,12357,1,31,542,53,1185.08,94.81,1279.89,53.73,356.60,913.62,181.80,159.76,642.17
2458044,52576,875,2835,793094,6895,5383,1,24,543,24,45.54,3.64,49.18,80.15,412.03,1.45,273.19,157.61,165.21
2456834,44784,16852,70392,264538,2466,14112,4,7,544,55,1049.99,84.00,1133.99,52.34,703.35,508.92,84.76,38.26,1277.50
2457119,31357,16417,56983,1309157,1089,25361,12,5,545,1,1760.38,140.83,1901.21,20.61,271.54,731.58,474.97,137.56,1452.96
2457199,65693,2652,64930,1686472,2449,3513,5,14,546,87,467.44,37.40,504.84,16.87,19.46,184.58,2.88,464.04,337.54
2457557,31832,4794,56805,1394483,1299,35159,6,5,547,25,1979.25,158.34,2137.59,96.80,273.86,1471.12,496.62,467.63,1469.17
2458221,47774,2481,16576,1321989,1374,41514,5,19,548,63,334.75,26.78,361.53,74.32,150.41,262.30,170.60,60.44,83.26
2457231,28836,1539,74680,806756,5557,20982,12,15,549,36,1876.53,150.12,2026.65,6.33,567.06,1620.73,48.36,402.72,721.65
2457802,70821,17252,77838,1094564,2328,26560,5,10,550,88,512.26,40.98,553.24,15.54,40.21,14.73,280.64,464.76,444.73
2456944,39629,13575,11765,1249061,2062,91,1,27,551,92,1127.23,90.18,1217.41,32.40,686.20,1021.96,429.30,429.64,921.01
2457756,70493,9454,25588,1372567,5429,22384,1,12,552,70,111.78,8.94,120.72,40.16,58.43,45.42,90.28,432.00,310.62
2457141,51357,2205,66360,400600,3884,27801,12,18,553,24,1578.23,126.26,1704.49,52.61,234.95,440.78,384.45,398.72,1261.37
2458324,60449,1713,87143,1126213,2170,12020,11,22,554,100,851.68,68.13,919.81,80.71,642.59,27.90,333.73,445.99,208.75
,50384,7455,45682,35133,3499,33834,3,25,555,53,1181.47,94.52,1275.99,22.47,540.46,121.48,340.36,354.29,3.23
2456789,54654,7621,87454,1111189,6317,22685,10,34,556,79,1348.77,107.90,1456.67,72.31,480.22,257.93,440.12,444.51,231.46
2457284,68925,17321,81709,176195,72,27754,6,5,557,12,592.69,47.42,640.11,94.51,886.13,497.91,151.45,359.28,1348.61
2456957,37499,7892,94859,1905158,6767,40967,11,20,558,9,377.74,30.22,407.96,49.07,318.34,295.80,168.94,335.11,1330.46
2457346,67304,3149,88963,962867,5486,4121,6,14,559,99,156.24,12.50,168.74,53.52,440.88,3.22,186.98,493.94,638.33
2457204,41250,5071,15109,1275381,5747,14860,12,1,560,56,409.56,32.76,442.32,29.68,341.53,404.72,135.15,78.41,928.96
2457172,32808,16604,19094,756700,1114,33834,11,22,561,99,1630.17,130.41,1760.58,24.45,298.87,65.63,208.72,143.63,610.82
2458372,59307,12652,57870,392889,4357,1022,3,34,562,91,1282.60,102.61,1385.21,33.23,256.16,79.12,67.64,294.76,837.94
2457318,65697,14033,91679,798196,6371,8156,7,6,563,21,969.89,77.59,1047.48,46.46,656.52,160.33,156.73,91.85,1348.24
2456762,71606,4052,94103,1912722,4853,30347,2,24,564,20,854.11,68.33,922.44,43.87,234.00,372.14,387.72,233.72,874.35
2457137,72705,15137,98240,619172,3378,3461,9,7,565,5,1447.40,115.79,1563.19,15.51,907.63,857.63,139.80,243.71,1117.30
,32474,13961,61841,1470111,5593,35327,1,8,566,45,186.65,14.93,201.58,70.55,10.23,18.15,281.21,98.30,449.38
2458071,57262,9322,29240,1256037,171,43380,10,21,567,32,10.37,0.83,11.20,90.07,304.34,6.06,193.71,59.41,762.21
2457405,29130,16051,46929,1573202,1765,13859,8,2,568,65,1396.28,111.70,1507.98,38.59,481.29,158.51,311.51,237.53,1139.19
2457555,38118,3403,8859,1902704,2183,19565,6,30,569,55,1444.37,115.55,1559.92,44.69,378.04,531.06,433.42,114.87,42.65
2457544,59045,14154,91936,1295627,1875,1336,12,27,570,100,1831.54,146.52,1978.06,70.09,496.32,776.88,175.39,314.42,1325.80
2457433,73106,5934,49939,1709038,1806,4287,6,19,571,23,469.38,37.55,506.93,48.96,246.87,251.06,456.04,251.13,864.03
2457858,34285,2333,78107,218570,5899,2662,7,2,572,93,587.20,46.98,634.18,74.98,368.64,533.46,190.38,274.98,1436.63
2456936,38891,9522,30289,262845,1650,6448,9,34,573,11,1432.98,114.64,1547.62,77.91,738.42,461.72,402.84,401.74,1113.27
2457291,63544,10986,82950,215438,1108,40847,6,10,574,93,1856.58,148.53,2005.11,27.91,289.97,1391.08,297.65,375.88,899.81
2456988,33730,11510,7791,409145,6243,36114,10,13,575,27,573.44,45.88,619.32,22.58,753.35,61.22,382.95,412.23,1404.40
2457461,41120,1649,96379,1098233,7007,39768,7,19,576,58,1386.68,110.93,1497.61,69.66,264.59,1127.12,78.44,291.08,383.35
2457894,53216,12682,26355,185789,1232,22074,8,2,577,13,1974.02,157.92,2131.94,86.20,609.72,65.94,190.48,84.09,248.86
2458050,53100,5585,44382,167801,2800,13196,8,12,578,30,1734.72,138.78,1873.50,83.59,334.43,743.87,347.56,219.04,1071.87
2457122,53339,11665,21196,334331,5883,22146,7,35,579,15,256.27,20.50,276.77,28.12,43.67,255.52,337.47,214.45,503.68
2457901,72444,10051,,829979,6769,16286,1,28,580,47,811.51,64.92,876.43,87.64,527.28,114.56,34.68,486.29,419.70
2457824,72597,14799,41680,151100,2354,23909,5,14,581,25,248.86,19.91,268.77,80.10,952.91,223.35,121.03,453.48,591.19
2456838,72973,10670,92519,277987,1252,6884,3,9,582,95,1309.60,104.77,1414.37,76.97,872.49,1017.66,365.63,463.29,191.10
2456750,34666,10852,18967,1018764,4102,48547,9,5,583,30,955.28,76.42,1031.70,77.40,578.77,131.43,238.99,489.37,966.64
2458405,32579,14228,34580,373355,4822,18983,4,26,584,16,217.59,17.41,235.00,48.53,323.64,121.99,159.24,120.29,1222.15
2456899,40224,6102,77075,633803,1547,10601,3,35,585,92,1904.83,152.39,2057.22,90.09,663.33,1205.18,112.33,442.11,505.61
2458020,60370,6778,82265,941338,5962,20685,10,32,586,76,999.55,79.96,1079.51,12.38,179.18,714.32,419.33,88.53,420.44
2458086,75261,5017,84470,1066959,7045,33311,3,4,587,48,1986.13,158.89,2145.02,98.30,914.43,1797.09,104.76,143.54,188.05
2457555,69098,16057,34995,904619,1622,22414,9,5,588,43,1364.68,109.17,1473.85,55.38,919.20,1271.08,129.56,34.66,1105.41
2457577,65672,16040,73925,803482,5416,33182,3,2,589,22,896.83,71.75,968.58,21.62,969.90,401.12,364.96,238.50,435.21
2457076,45400,14845,2773,1693000,3092,17049,3,25,590,91,1909.39,152.75,2062.14,23.87,971.33,880.75,365.76,375.54,1274.63
2456918,30128,5062,96694,1037896,4676,25030,5,35,591,30,668.54,53.48,722.02,83.78,980.09,404.73,386.07,385.01,922.10
2456859,39169,15268,84129,953873,2463,1971,10,22,592,67,90.07,7.21,97.28,37.00,759.49,29.56,319.43,70.48,1178.45
2457413,74107,4162,48746,103648,1182,26731,9,27,593,78,892.38,71.39,963.77,61.43,794.87,426.95,384.31,245.26,414.68
2457091,52331,12012,97836,37529,1754,25284,2,35,594,78,1199.79,95.98,1295.77,46.98,989.73,774.00,157.46,71.66,234.50
2457527,33342,15695,35622,1396558,947,16633,2,19,595,40,1572.41,125.79,1698.20,58.94,319.41,962.64,151.17,216.80,978.71
2457293,63485,14713,14709,1769259,2930,44715,5,31,596,68,726.51,58.12,784.63,68.59,77.57,257.81,42.05,28.39,1216.93
2458421,41889,7117,92992,78847,441,25798,9,28,597,93,90.42,7.23,97.65,92.06,691.60,78.53,11.95,21.69,45.44
2457390,37326,23,34915,211597,3346,135,8,11,598,12,1456.30,116.50,1572.80,80.51,222.63,517.80,254.81,288.60,156.38
2457905,61561,10768,86626,860351,1136,45053,10,9,599,51,1583.96,126.72,1710.68,42.61,702.24,1518.76,334.08,128.42,588.04
2456998,71384,13808,58641,1896379,4223,7872,2,1,600,38,376.89,30.15,407.04,87.81,650.33,194.09,277.25,86.25,1343.93
2457724,31683,2424,39060,1474612,720,7498,9,12,601,6,1119.19,89.54,1208.73,71.88,960.00,477.83,205.53,166.66,1194.08
2457325,44349,17037,20043,1824704,1757,28584,3,1,602,88,102.87,8.23,111.10,0.86,616.93,14.05,214.28,229.46,1368.90
2457229,39738,3645,17705,607205,3285,27233,9,17,603,69,300.84,24.07,324.91,85.97,226.08,139.70,273.59,209.93,1043.23
2458178,66009,4032,82464,1228049,2844,46471,5,4,604,95,1234.67,98.77,1333.44,29.33,891.30,370.60,294.58,275.57,1088.16
2457789,32360,3658,69706,1481761,6910,21478,12,28,605,61,622.75,49.82,672.57,57.59,90.40,488.93,321.90,427.28,287.94
2458421,38659,9548,39106,509965,1268,20800,3,14,606,1,1927.81,154.22,2082.03,90.52,308.25,309.31,93.82,476.03,454.28
2457538,72334,11656,90422,1664913,4929,39854,3,8,607,84,1783.23,142.66,1925.89,8.64,941.48,279.40,336.95,38.72,35.28
2458290,30613,16720,37144,1087703,5008,12229,4,1,608,81,807.18,64.57,871.75,74.17,623.52,462.83,206.47,450.72,165.39
2458431,47219,7648,78971,1723267,4407,42837,5,8,609,13,1890.78,151.26,2042.04,24.84,81.72,765.17,126.26,303.04,1141.72
2456862,39551,14122,4943,1898426,275,41221,11,12,610,19,980.51,78.44,1058.95,54.15,235.97,490.53,341.56,178.63,124.97
2456804,70401,13566,85383,1721438,1614,40542,10,12,611,58,1547.46,123.80,1671.26,21.01,771.38,1026.02,347.72,23.97,1267.70
,63981,10989,81319,68321,6352,33268,10,35,612,29,384.72,30.78,415.50,97.77,538.93,161.07,318.93,462.06,735.01
2457917,31797,3321,30077,1172720,2737,6597,7,32,613,42,1050.28,84.02,1134.30,49.16,207.98,950.88,286.52,352.75,334.56
2458239,37547,9676,89815,826829,5594,49809,3,35,614,58,1502.14,120.17,1622.31,86.22,739.20,1200.18,347.48,345.19,246.07
2457136,67161,610,4964,64295,148,38573,2,19,615,99,271.91,21.75,293.66,54.50,80.98,73.07,493.44,40.10,1376.85
2457182,53270,13596,708,962477,860,26342,2,7,616,26,234.84,18.79,253.63,55.91,66.11,9.67,102.34,176.49,788.65
2457310,67321,11084,,1135406,6968,49227,8,31,617,59,1633.84,130.71,1764.55,13.01,307.36,1231.88,35.07,72.75,1270.49
2457556,56821,4471,86009,1808005,1877,27700,10,34,618,2,670.83,53.67,724.50,18.29,334.32,202.35,56.95,6.01,1075.18
2457991,41861,11898,93940,617441,2880,33161,4,1,619,84,1964.99,157.20,2122.19,88.52,573.75,1397.48,145.33,62.28,342.95
2457804,59611,11243,51014,190536,5006,13622,10,28,620,77,257.00,20.56,277.56,7.52,999.70,188.17,337.79,102.01,458.92
2457384,36220,10279,88726,1399024,5462,43150,11,19,621,47,1922.55,153.80,2076.35,72.25,272.87,1683.91,99.07,60.23,475.10
2456768,71541,12281,87803,1175713,875,9383,12,31,622,67,32.53,2.60,35.13,69.53,789.44,1.87,17.46,432.33,1479.04
2457730,60672,354,6999,198781,303,6489,12,20,623,96,199.76,15.98,215.74,72.24,38.25,61.97,45.53,481.89,254.53
2458325,46990,13222,24755,1291723,3100,7938,6,1,624,62,1190.04,95.20,1285.24,5.28,821.54,460.96,363.12,316.31,57.01
2458447,75463,17856,7044,1538867,4966,17917,5,32,625,17,1919.63,153.57,2073.20,54.97,41.35,1361.50,198.21,385.36,1061.35
2457202,43895,8755,85650,1413472,4454,38461,9,24,626,31,620.22,49.62,669.84,57.06,707.10,362.57,186.20,227.69,1419.58
2458000,72679,5895,56972,353527,1231,30397,6,28,627,37,1116.83,89.35,1206.18,65.65,45.33,868.42,228.38,78.43,344.73
2457239,34940,4788,36209,1087076,1638,9366,5,26,628,98,251.89,20.15,272.04,11.15,921.23,132.00,87.59,475.26,867.52
2458224,64440,2347,35818,49092,4666,42804,4,16,629,52,1457.32,116.59,1573.91,42.04,867.75,1204.81,186.34,158.06,262.17
2457057,43119,16794,76075,415484,3305,3154,7,33,630,39,39.95,3.20,43.15,79.62,493.77,4.82,383.47,71.48,857.23
2456755,70714,9859,49924,766537,7053,21713,2,21,631,57,1216.20,97.30,1313.50,60.47,925.85,144.66,377.29,68.96,24.21
2457801,68704,2986,69803,1884902,1404,36375,11,34,632,78,1093.27,87.46,1180.73,83.79,285.73,854.66,122.29,491.66,827.60
2458415,65216,11058,39726,1280232,1931,10848,6,19,633,35,1816.23,145.30,1961.53,29.78,909.68,942.02,290.88,322.67,229.63
2457319,35668,13721,51696,1777571,5111,27025,10,7,634,56,1723.12,137.85,1860.97,77.11,281.27,283.47,431.13,227.61,885.22
2457654,60320,352,64552,975832,1655,49770,4,3,635,81,190.94,15.28,206.22,66.99,339.68,174.04,177.91,173.56,748.52
2457253,54913,3107,25699,1334699,1667,16,6,13,636,1,1185.64,94.85,1280.49,57.80,186.32,752.15,357.00,269.06,369.11
2458101,54181,9030,29568,1598005,3954,34670,4,9,637,6,1346.26,107.70,1453.96,10.75,246.27,1328.88,350.08,477.58,1367.05
2458368,43897,2816,23396,1848799,5212,28095,4,23,638,47,1636.95,130.96,1767.91,84.34,672.60,518.45,183.07,237.81,651.00
2457713,54129,7535,17923,1567765,4760,4305,11,26,639,21,477.23,38.18,515.41,77.33,430.07,27.48,136.56,184.83,1204.82
2456982,47931,2451,26419,761982,787,29392,5,6,640,99,241.25,19.30,260.55,58.83,165.29,233.57,355.33,143.64,710.92
2457671,43318,2451,40757,647885,2228,29247,4,17,641,95,1665.03,133.20,1798.23,4.40,386.28,1258.15,223.99,250.00,725.05
2457538,59768,10031,27910,236914,4222,15838,2,30,642,9,787.37,62.99,850.36,89.48,641.27,472.17,22.57,203.23,319.80
2457929,35949,12331,9194,1122531,1735,9552,12,,643,3,1108.19,88.66,1196.85,68.01,988.62,758.45,107.84,48.13,79.60
2457449,72828,2132,40211,589988,3073,45494,10,9,644,74,152.94,12.24,165.18,13.91,700.53,37.95,128.13,377.68,1103.97
2457076,65452,11630,17297,440047,1602,42125,6,16,645,20,1466.63,117.33,1583.96,25.22,697.35,52.76,181.11,26.54,1272.19
2457651,75419,3177,77643,951543,956,7938,2,34,646,87,793.51,63.48,856.99,35.31,149.78,687.83,1.39,49.04,1016.14
2457979,29656,16089,69148,9154,1738,31755,6,1,647,33,229.63,18.37,248.00,96.50,883.88,152.73,254.45,432.67,1034.69
2458464,29584,4873,47665,1890147,5771,17725,6,32,648,42,1062.01,84.96,1146.97,37.42,138.96,269.90,64.06,82.02,918.43
2457034,31695,5646,35331,1275905,6322,16511,6,32,649,12,123.22,9.86,133.08,27.46,316.63,109.99,184.44,470.53,757.84
2457984,59034,11227,563,84434,6249,4927,1,28,650,66,1861.24,148.90,2010.14,26.14,934.65,1384.85,337.60,248.02,39.58
2458088,42767,6491,5373,1553457,2381,391,8,30,651,14,1614.50,129.16,1743.66,82.61,286.29,361.31,413.20,290.00,476.54
2457387,60395,16504,9373,903400,7160,43390,11,21,652,38,226.86,18.15,245.01,37.84,977.07,147.15,284.50,86.14,404.99
2456789,54629,11989,76566,644731,1232,21393,10,8,653,86,29.49,2.36,31.85,81.79,554.17,16.59,175.45,283.13,343.75
2457261,40205,16501,18751,1350421,4657,44367,12,6,654,94,1038.67,83.09,1121.76,55.42,307.65,746.30,459.69,421.30,922.11
2457839,36745,12960,74152,896895,1651,33775,7,20,655,96,1274.96,102.00,1376.96,86.27,14.19,179.80,32.62,50.02,983.42
2457760,64861,8947,15360,375835,5611,18273,3,32,656,14,1195.61,95.65,1291.26,46.27,790.13,579.81,480.59,7.91,518.10
2457017,48540,17151,8196,735409,4606,21733,9,17,657,87,940.74,75.26,1016.00,61.05,595.44,673.84,108.37,80.79,647.91
2458403,72202,10646,82676,317400,1002,18993,8,12,658,25,560.87,44.87,605.74,54.48,914.62,418.27,133.42,118.47,245.08
2457461,45684,1233,90133,1333859,5606,38783,8,28,659,57,1888.99,151.12,2040.11,57.46,55.07,300.42,87.10,336.06,364.28
2456857,39069,3196,66046,502977,2858,37638,11,34,660,27,1449.72,115.98,1565.70,67.84,861.45,1432.61,433.60,339.18,883.87
2457131,68414,12029,27811,1411880,813,11557,5,7,661,56,258.43,20.67,279.10,98.83,529.20,159.65,469.87,200.16,1465.56
2458004,35643,13066,63901,872967,4229,33511,8,28,662,95,1889.80,151.18,2040.98,18.10,411.59,245.28,44.11,385.41,1155.90
2457923,43583,2253,4451,788336,1412,44764,8,20,663,33,392.08,31.37,423.45,78.76,745.39,280.21,339.77,184.82,571.61
2457935,32813,13343,48931,1482881,5177,18272,9,6,664,31,1540.12,123.21,1663.33,35.22,44.90,709.57,71.93,444.69,591.88
2457398,51848,2367,67341,1770391,5405,10391,11,12,665,97,1355.70,108.46,1464.16,71.39,406.29,573.07,146.84,478.77,1059.83
2458443,65219,6990,52038,531798,4821,27915,3,30,666,69,512.35,40.99,553.34,33.36,250.01,94.90,39.74,67.70,1233.32
2456927,56485,8836,18490,139542,2691,17673,7,16,667,86,1654.43,132.35,1786.78,5.17,844.01,308.70,110.77,485.50,915.30
2457080,74314,1455,4644,1494087,3044,42475,6,11,668,70,1372.31,109.78,1482.09,69.14,968.05,469.46,211.55,387.05,605.37
2457182,29658,8594,69403,531978,6159,10542,2,16,669,48,307.14,24.57,331.71,66.32,62.13,61.37,376.11,377.96,600.87
2457201,65657,7807,18261,281191,7159,16126,2,16,670,73,1495.80,119.66,1615.46,2.63,917.04,956.39,210.18,198.58,254.09
2458275,57241,14026,2759,887352,7191,36911,11,25,671,52,665.85,53.27,719.12,80.67,652.64,303.11,358.66,364.41,641.83
2457929,65902,9498,18126,810188,451,16144,2,10,672,4,763.51,61.08,824.59,57.31,824.15,349.10,285.59,274.97,1216.16
2456956,70347,16000,76024,347676,1585,40033,10,25,673,44,1990.71,159.26,2149.97,88.43,967.89,994.28,84.06,463.38,1465.97
2457673,45260,6495,91669,1449368,3973,21074,4,13,674,47,1314.91,105.19,1420.10,36.71,116.78,292.33,468.82,8.41,81.48
2458105,73243,8268,50156,769828,2980,49704,9,25,675,93,1193.37,95.47,1288.84,42.91,249.63,725.78,334.72,177.59,115.72
2457920,57707,3365,4118,1510107,2797,4313,3,25,676,90,784.10,62.73,846.83,36.42,225.81,482.37,127.92,184.59,418.48
2458037,62699,14036,47785,107556,4263,23157,3,21,677,76,790.12,63.21,853.33,41.52,259.32,591.93,339.72,224.19,1112.79
,64603,13356,778,1267578,5238,9337,3,14,678,48,1140.79,91.26,1232.05,55.28,641.24,568.65,477.61,398.84,870.15
2458237,65087,10667,10810,386475,6108,38545,11,1,679,48,783.66,62.69,846.35,50.38,603.14,663.93,240.86,179.70,637.12
2458373,30313,15125,60037,719548,5415,41152,1,22,680,47,102.02,8.16,110.18,8.37,935.89,61.78,216.22,427.10,260.98
2457392,55601,14463,47374,782335,5221,42201,10,30,681,30,1849.29,147.94,1997.23,3.35,426.27,79.33,241.89,376.48,969.26
2458006,52796,7708,44852,1736088,1446,16925,8,21,682,52,1751.67,140.13,1891.80,53.12,719.93,312.53,473.96,306.15,1441.81
2457184,59337,11038,59477,97040,4898,34595,10,21,683,25,16.65,1.33,17.98,89.52,861.99,14.02,329.61,403.19,547.01
2457685,59403,17634,43766,873438,4955,24818,9,21,684,36,1228.10,98.25,1326.35,17.53,826.55,123.30,389.17,116.63,934.61
2457431,56631,11816,82462,1365784,6936,18128,6,31,685,21,1952.05,156.16,2108.21,9.82,46.77,1749.04,337.65,25.90,237.42
2458399,67015,8311,36932,136744,5892,7926,1,30,686,1,1285.46,102.84,1388.30,64.72,875.05,934.20,228.49,255.87,178.77
2458198,66855,165,42728,454351,1598,4033,8,14,687,62,1017.05,81.36,1098.41,64.63,777.60,883.28,318.92,62.02,849.04
2457248,73148,14130,33159,1179019,1464,13069,11,22,688,2,1743.93,139.51,1883.44,72.28,540.17,209.28,72.10,397.99,1003.43
2458145,38462,14339,53550,578896,1851,27497,4,1,689,48,1876.59,150.13,2026.72,11.41,543.09,1704.29,275.20,145.51,1190.84
2457503,32387,1492,4815,92869,6344,48329,12,7,690,52,1920.17,153.61,2073.78,30.03,528.45,1002.22,85.24,142.47,1451.93
2457888,73663,8104,74687,141797,1491,12151,6,9,691,9,39.04,3.12,42.16,27.91,670.90,0.39,161.07,85.33,1481.05
2457438,53372,3548,33806,888167,2777,36745,2,10,692,52,1669.03,133.52,1802.55,68.03,104.97,1520.46,48.89,24.93,360.74
2458323,35121,743,,798004,6423,19185,5,24,693,39,1244.74,99.58,1344.32,47.43,258.29,488.99,274.95,326.69,1446.40
2458443,33368,7437,81067,810453,3825,14556,6,14,694,87,228.63,18.29,246.92,8.98,35.37,168.64,443.11,143.18,898.52
2457954,57014,13068,69307,1858148,3097,48963,12,7,695,5,533.17,42.65,575.82,20.25,653.14,379.67,6.21,212.94,503.58
2457231,67503,8590,64878,160078,3636,9340,2,,696,25,548.82,43.91,592.73,67.64,310.38,309.72,473.10,319.89,879.48
2457125,42410,1269,43097,618462,6094,21998,12,29,697,72,354.93,28.39,383.32,9.58,951.85,15.30,453.98,105.31,1486.65
2458193,43514,6408,22241,1436833,364,11218,7,27,698,40,1957.53,156.60,2114.13,75.07,224.88,1102.16,191.06,34.23,358.58
2458375,44917,17582,76577,1064235,151,9140,5,6,699,88,1243.43,99.47,1342.90,96.83,951.59,860.27,284.39,335.99,861.19
2456905,30745,15442,32906,1698824,2757,45939,10,3,700,75,1677.55,134.20,1811.75,72.45,613.94,310.23,380.51,156.12,724.71
2457548,51432,3415,21323,337794,5303,4016,9,25,701,76,1265.48,101.24,1366.72,38.01,159.18,325.12,455.51,239.72,1032.80
2456824,40810,14472,55160,816299,2151,21667,10,22,702,15,1221.48,97.72,1319.20,7.20,354.37,228.39,72.47,490.30,301.52
2456936,48329,13312,38754,1390420,4403,21655,7,15,703,93,652.19,52.18,704.37,91.81,406.68,32.55,27.75,93.46,602.78
2458078,47460,9296,33888,1164512,6958,8816,3,,704,35,271.40,21.71,293.11,74.60,492.56,94.07,285.99,76.84,154.85
2457680,29944,2033,72369,1453610,1608,601,9,7,705,77,906.67,72.53,979.20,75.74,150.06,479.95,118.00,374.87,1332.14
2457199,46953,16533,79881,1467675,1709,8869,6,10,706,68,411.07,32.89,443.96,58.24,266.68,37.66,324.15,317.33,15.66
2458278,46623,12770,4307,1894742,5422,18523,5,13,707,78,1054.88,84.39,1139.27,42.36,811.09,473.66,150.25,474.88,421.47
2457167,52939,4615,12593,785530,4751,28648,10,22,708,18,1661.99,132.96,1794.95,0.95,427.56,934.52,89.40,195.43,1238.70
2456759,55670,4390,6508,560656,1433,17155,12,19,709,97,1901.55,152.12,2053.67,69.86,427.04,991.08,325.04,183.02,1327.97
2457147,38275,15932,42891,408239,1194,17567,2,31,710,31,1762.64,141.01,1903.65,15.34,320.08,617.02,410.13,62.98,745.37
2457674,41594,15138,41106,1198843,4978,27265,8,34,711,77,1066.14,85.29,1151.43,10.63,566.93,1041.85,419.58,194.94,988.30
2457033,56188,10975,94851,504852,4225,27825,10,13,712,33,864.31,69.14,933.45,17.58,599.78,315.13,493.54,201.08,1085.37
2457480,73951,17485,33141,1766627,3187,30319,11,17,713,37,1455.29,116.42,1571.71,5.67,699.05,223.50,135.19,172.59,1050.56
2458071,64405,16343,88946,216603,3831,37364,8,15,714,76,1458.02,116.64,1574.66,11.88,976.34,1291.95,91.03,241.80,271.54
2456888,52511,13847,76103,371382,5582,3428,3,12,715,66,701.67,56.13,757.80,58.37,83.89,510.20,192.32,255.40,563.47
2457281,46201,10599,93073,607880,332,38282,1,8,716,47,4.60,0.37,4.97,67.15,828.37,4.51,394.27,2.87,1165.00
2457524,51956,2507,62238,639503,2638,29537,7,23,717,81,903.12,72.25,975.37,32.45,940.12,218.94,22.66,470.32,1366.67
2457882,69135,10617,78107,1720853,4231,1985,12,6,718,96,1530.91,122.47,1653.38,87.04,361.27,711.85,7.90,483.28,422.23
2457556,69204,5789,87179,1771927,3395,21439,6,6,719,11,592.31,47.38,639.69,70.97,237.99,544.18,368.66,281.51,196.13
2458437,53806,3814,22382,1528314,5046,388,9,15,720,89,1495.58,119.65,1615.23,24.93,677.08,1294.47,396.20,354.31,192.31
2457530,30744,17438,59204,23054,5726,24857,5,5,721,90,1516.35,121.31,1637.66,34.00,771.11,278.88,111.78,226.02,650.89
2457229,35253,3173,84552,1213737,2553,43580,1,28,722,47,1654.60,132.37,1786.97,61.37,783.75,1214.82,446.21,204.93,1265.68
2456961,36434,4906,57651,129610,6396,29685,9,18,723,77,1009.15,80.73,1089.88,93.94,728.95,951.25,255.85,465.73,791.87
2457258,64157,17442,80099,18901,3775,47559,12,10,724,58,1057.16,84.57,1141.73,81.52,149.11,86.66,138.12,447.00,1371.26
2457952,41837,6867,88085,954177,364,30991,9,32,725,85,819.60,65.57,885.17,81.63,415.65,790.26,331.29,101.00,1189.50
2457990,39003,3358,29929,1648916,223,22352,4,3,726,35,1586.74,126.94,1713.68,70.43,78.19,860.57,56.67,196.73,175.64
2457826,32730,4187,74479,1658049,321,694,9,18,727,98,1818.12,145.45,1963.57,46.07,821.19,1725.40,50.94,336.89,1136.61
2457314,42192,15346,9238,360262,4691,35656,6,20,728,11,984.15,78.73,1062.88,44.74,12.05,671.25,393.06,82.99,171.46
2457081,41028,11909,,150445,5699,20794,1,5,729,2,1435.88,114.87,1550.75,96.85,513.84,230.52,165.76,440.18,496.37
2456844,49322,16916,,1820949,4698,14083,2,33,730,78,1283.90,102.71,1386.61,13.54,492.51,279.89,487.12,126.04,679.95
2457234,60979,13887,12327,234920,1901,23640,2,4,731,87,1772.11,141.77,1913.88,31.59,834.79,1295.18,126.81,101.75,723.86
2456939,41090,13144,51241,1187515,2971,36586,7,33,732,43,422.09,33.77,455.86,80.21,878.59,91.23,87.59,216.38,69.42
2457886,55181,17158,91515,1522978,5553,38784,7,34,733,7,111.19,8.90,120.09,62.34,685.43,33.28,374.86,450.81,413.10
2456991,37204,663,75354,1713694,5092,6681,2,23,734,79,538.50,43.08,581.58,69.87,954.04,115.01,375.23,434.73,558.75
2457333,28957,16509,93519,207996,2791,39061,8,22,735,74,1137.69,91.02,1228.71,38.20,721.83,82.81,91.16,373.10,217.89
2458079,58493,15734,79176,1453177,3328,48749,7,13,736,89,1341.68,107.33,1449.01,44.14,645.52,951.63,32.96,5.90,963.80
2458033,32274,5203,23723,129998,2007,19488,4,18,737,39,1981.41,158.51,2139.92,85.10,794.51,513.03,121.03,77.53,240.04
2456871,43329,7141,65471,1886172,5215,38305,3,,738,41,1713.94,137.12,1851.06,35.71,933.08,576.00,232.95,280.63,473.06
2457992,45057,3103,97439,1230160,1031,21651,11,33,739,49,1012.06,80.96,1093.02,94.62,534.57,983.13,371.60,268.09,345.30
2458275,48043,17508,6096,919250,6686,11075,9,8,740,23,100.66,8.05,108.71,31.74,270.24,86.62,120.86,192.68,267.08
2457637,74925,10739,16319,1866751,4858,49070,4,7,741,9,406.91,32.55,439.46,54.24,257.61,213.87,393.28,92.58,540.29
2458081,36379,2067,14448,1648009,5127,6263,5,27,742,66,718.75,57.50,776.25,21.16,555.21,209.59,80.01,207.25,214.28
2457535,43025,1769,28178,1483060,357,24580,12,,743,17,1070.89,85.67,1156.56,55.16,336.01,406.82,182.39,293.57,1274.32
2457526,59130,4433,30465,1252669,5971,31025,7,22,744,96,1383.30,110.66,1493.96,73.93,423.76,580.47,82.11,54.73,825.40
2457936,75380,5408,,63552,5206,4706,9,4,745,46,1685.51,134.84,1820.35,92.62,241.55,1328.50,4.94,45.07,1095.95
2457371,58423,9507,,181993,6706,23977,12,26,746,41,327.53,26.20,353.73,1.48,252.02,182.25,185.02,314.01,330.44
2457830,34145,13523,51288,1774453,2103,11299,2,33,747,28,393.22,31.46,424.68,46.12,119.61,167.43,304.18,74.64,788.28
2457880,70102,423,82209,1062854,2591,10906,1,,748,96,1623.58,129.89,1753.47,82.56,254.19,1206.26,268.38,344.85,1359.01
2457840,72840,5137,79143,1747777,495,23538,3,11,749,63,973.46,77.88,1051.34,81.69,965.42,636.62,392.71,105.38,451.65
2457869,46854,15375,29145,95758,6198,32605,3,25,750,93,370.58,29.65,400.23,50.75,419.46,201.31,480.16,171.77,8.72
2458382,74115,13802,2739,1535868,754,34920,3,6,751,50,729.84,58.39,788.23,30.86,118.51,669.67,423.94,138.54,644.30
2458092,71861,4565,12002,1070880,156,13621,11,13,752,57,1234.83,98.79,1333.62,88.48,347.57,994.52,73.73,492.33,503.24
2457049,48673,8412,53320,1694229,3807,40621,3,35,753,30,1969.20,157.54,2126.74,20.70,439.12,1576.63,321.90,452.64,423.13
2456834,61398,2803,84282,948356,46,18027,8,13,754,36,1629.88,130.39,1760.27,32.80,54.57,689.66,310.67,145.72,49.98
2457285,45496,5512,31142,1533917,1211,16268,9,17,755,62,1907.64,152.61,2060.25,10.47,986.45,955.76,69.02,97.46,467.37
2458370,75204,3387,69446,624838,3516,37211,12,32,756,8,1014.03,81.12,1095.15,25.80,960.70,304.44,404.68,292.84,861.44
2457707,57188,14188,87316,1183114,3980,4144,9,33,757,53,245.93,19.67,265.60,38.97,971.44,47.52,124.07,74.84,956.23
2458175,61356,15774,56740,1856504,4497,3940,5,19,758,88,568.01,45.44,613.45,40.19,47.09,384.49,323.72,439.58,1362.64
2457108,44229,15891,19628,1879770,6163,10335,3,28,759,32,1700.65,136.05,1836.70,29.22,910.52,1025.69,446.17,462.04,993.18
2457875,67372,2764,83207,950789,5286,38653,9,27,760,37,66.06,5.28,71.34,93.14,603.62,55.47,428.14,310.75,339.63
2457621,53386,12277,10060,739929,7117,48848,3,24,761,78,599.24,47.94,647.18,55.19,468.28,31.18,391.36,385.15,1230.01
2457974,55230,7884,92524,1835458,4959,23434,10,34,762,20,1691.61,135.33,1826.94,53.33,917.42,1613.52,497.10,473.34,187.88
2457656,32118,15620,44299,826108,1299,34626,4,8,763,21,134.03,10.72,144.75,45.58,330.52,120.90,331.88,233.86,726.60
2457243,31953,7398,21941,1081510,3942,13158,7,19,764,63,1670.39,133.63,1804.02,11.60,357.37,895.49,286.51,105.06,1479.54
2457471,31286,10649,9815,1364254,640,25933,4,34,765,91,138.53,11.08,149.61,5.68,360.78,137.72,284.43,311.87,1492.54
2457148,56187,17745,76340,1099837,2383,19548,4,21,766,58,1281.08,102.49,1383.57,9.98,722.16,1155.77,390.67,241.40,627.24
2458270,30958,7535,64119,1477100,5751,38227,4,26,767,30,441.69,35.34,477.03,14.80,455.21,335.42,181.93,358.49,88.62
2457017,69739,17112,25710,1858964,3328,19861,6,7,768,78,1714.07,137.13,1851.20,51.55,776.56,75.30,108.26,112.56,530.84
2457987,74833,15347,74106,1223588,5612,20172,10,2,769,9,1006.34,80.51,1086.85,93.61,770.19,530.11,128.71,242.87,798.13
2458068,63477,8875,37797,1622378,925,26433,4,32,770,69,1287.88,103.03,1390.91,60.97,413.90,62.49,76.26,264.63,255.78
2456904,45189,4606,62520,385096,2036,34919,1,6,771,47,401.31,32.10,433.41,40.18,852.28,320.26,451.53,474.31,1185.88
2457840,66019,1124,94368,286228,365,32819,5,30,772,1,1357.81,108.62,1466.43,20.00,7.78,613.30,157.87,152.76,520.64
2457868,54615,6438,18310,833964,6891,39331,9,32,773,11,1400.10,112.01,1512.11,73.07,469.79,81.75,227.92,338.86,735.53
2457503,70488,17505,64238,260114,1438,7051,2,12,774,32,374.10,29.93,404.03,37.07,864.00,274.79,464.18,259.21,1081.01
2457483,60408,7190,95032,1102759,6917,30036,12,28,775,12,1086.95,86.96,1173.91,82.04,229.99,539.68,281.64,364.85,375.72
2457621,38997,13995,89870,86313,1463,33465,9,24,776,82,782.85,62.63,845.48,61.77,23.39,424.43,357.81,133.76,1001.52
2457144,69199,16102,15421,1357510,4668,2774,9,22,777,33,724.09,57.93,782.02,5.88,225.91,581.94,455.44,39.87,104.91
2457416,50715,3223,69916,1448713,3125,280,10,16,778,10,487.25,38.98,526.23,97.02,198.55,181.88,227.99,80.10,113.57
2458065,41172,12538,12810,899078,2735,33744,6,32,779,72,1867.79,149.42,2017.21,32.12,84.43,275.21,255.81,61.84,971.90
2457471,52222,17844,31985,1350443,3328,36344,4,11,780,35,1392.37,111.39,1503.76,54.20,435.84,601.70,435.43,66.81,1136.45
2456893,33527,7108,97077,1445704,5849,39333,2,15,781,90,1765.07,141.21,1906.28,98.27,293.16,1338.65,379.03,150.60,1021.55
2457335,58931,14051,334,1002672,4309,11055,5,11,782,3,388.65,31.09,419.74,85.17,620.07,61.13,172.27,235.61,1200.89
2456808,54169,16147,94943,179840,5481,44306,9,1,783,90,1110.97,88.88,1199.85,47.67,123.63,500.60,20.37,338.19,1001.89
2458133,62470,17115,97329,1074216,4814,14826,2,15,784,70,1040.88,83.27,1124.15,4.13,167.63,83.39,406.56,404.42,713.70
2458372,72217,16303,89828,237142,424,1191,10,5,785,60,1797.84,143.83,1941.67,94.44,817.58,1167.38,89.99,81.65,800.47
2457199,42867,14163,44250,1276167,4158,27126,5,34,786,18,1877.58,150.21,2027.79,58.82,346.61,1230.86,350.40,171.58,928.30
2458348,63367,17561,97083,519472,6654,40574,10,15,787,18,511.09,40.89,551.98,56.96,412.85,209.56,22.90,23.99,729.84
2458035,57576,12670,54316,273218,3849,4941,12,21,788,25,834.09,66.73,900.82,93.25,136.33,501.30,56.41,163.34,97.50
2456983,72957,2411,13025,645504,6082,269,6,4,789,4,898.61,71.89,970.50,9.84,192.87,754.01,402.71,206.18,1130.42
2456814,30822,15843,34137,1443046,6592,31743,3,13,790,60,185.09,14.81,199.90,41.52,363.46,40.60,8.49,411.20,144.83
2457379,62860,974,96139,693535,4950,23856,9,12,791,30,578.28,46.26,624.54,38.29,777.16,35.50,463.74,222.79,284.90
2457654,35536,8638,,1014524,1220,20900,6,21,792,69,1062.08,84.97,1147.05,73.88,381.14,289.35,265.58,46.83,710.53
2457019,66570,10978,63312,1493937,6111,42852,1,34,793,29,1941.17,155.29,2096.46,66.58,207.04,637.62,330.63,281.04,718.92
,59658,11658,91471,940953,5836,11007,10,4,794,25,769.65,61.57,831.22,70.97,985.88,267.44,10.14,435.43,305.74
2456839,44173,3371,8410,383174,1365,1048,5,28,795,62,153.91,12.31,166.22,89.41,818.17,7.74,102.95,374.06,1431.35
2456904,34419,15207,3747,299770,4413,36469,4,3,796,88,448.78,35.90,484.68,31.56,971.96,438.45,43.34,398.18,863.76
2457208,59921,17975,5582,1026832,4565,22697,8,11,797,95,1051.34,84.11,1135.45,6.61,262.66,1012.78,23.27,273.39,198.42
2457632,75162,4509,4282,1115600,626,36808,5,22,798,9,731.38,58.51,789.89,8.43,596.14,659.32,267.36,259.29,198.74
2457812,29471,9025,72059,320233,6947,13457,5,34,799,29,948.12,75.85,1023.97,9.52,751.38,758.89,425.72,85.14,493.53
2458328,60102,4723,98293,1784067,1422,30953,3,13,800,26,1531.35,122.51,1653.86,85.84,114.40,243.49,54.91,93.67,594.66
2457535,47788,5575,77717,782856,4021,8294,10,14,801,96,577.98,46.24,624.22,16.39,191.09,342.27,416.17,37.58,1213.10
2457964,48246,11921,144,1800184,1150,4204,4,3,802,10,896.22,71.70,967.92,62.29,371.15,599.78,362.80,305.88,600.82
2457120,73677,6814,42324,1273255,623,30670,4,30,803,57,164.61,13.17,177.78,66.35,643.06,129.27,190.19,324.06,825.44
2457992,34025,8851,79582,470679,12,27231,12,21,804,5,117.03,9.36,126.39,79.35,757.45,21.11,272.47,453.89,1263.49
2457637,65403,36,51752,1786956,6279,40485,4,14,805,25,892.81,71.42,964.23,46.99,124.32,652.53,167.06,317.28,448.76
2456943,46300,2650,72508,1642895,3801,33122,12,32,806,71,1836.08,146.89,1982.97,68.35,657.27,322.17,379.10,272.08,253.06
2457455,66369,7066,96109,271412,5835,692,3,31,807,6,1918.80,153.50,2072.30,7.90,915.32,1538.05,227.42,295.61,375.47
2457126,30643,7663,34794,32600,5055,40773,9,25,808,32,487.43,38.99,526.42,67.15,410.26,134.92,284.78,452.01,901.73
2456851,71480,8397,2061,1828966,6867,32612,9,29,809,66,71.65,5.73,77.38,15.06,519.44,57.71,312.10,246.66,1480.30
2456920,30933,11308,46734,1405761,6857,35014,3,25,810,95,768.78,61.50,830.28,37.69,735.08,517.76,22.61,324.01,744.51
2457077,42501,11529,34032,668505,7038,12061,3,19,811,8,604.93,48.39,653.32,15.78,282.32,277.71,56.50,125.13,721.57
2457091,70426,15694,35918,87018,3653,37091,5,19,812,94,1629.01,130.32,1759.33,77.29,150.58,450.08,10.12,17.44,641.31
2457311,73600,13734,28514,714265,4989,20176,7,11,813,37,25.41,2.03,27.44,85.78,755.00,12.09,118.15,242.08,23.92
2458289,62058,7292,5029,1762024,1406,3555,4,25,814,2,248.26,19.86,268.12,85.94,497.44,115.07,202.83,91.48,268.31
2457849,52238,3807,98561,553671,1716,34867,7,3,815,3,1623.25,129.86,1753.11,82.69,119.80,150.84,344.95,169.71,1465.69
2456764,44323,17647,,1713538,2055,39851,9,20,816,46,1637.70,131.02,1768.72,64.45,585.03,1546.22,11.66,320.29,728.13
2457924,63402,4854,32750,1281425,7078,18065,8,,817,54,520.10,41.61,561.71,99.87,237.13,365.10,352.74,310.47,29.24
2457467,34871,6023,43500,1812284,94,20929,6,22,818,98,1065.63,85.25,1150.88,80.69,869.83,512.76,275.63,235.94,15.01
2456776,72827,11881,78656,250453,1078,33081,7,34,819,55,517.50,41.40,558.90,18.50,471.66,442.76,3.94,175.35,10.24
2458252,61965,11059,3725,322531,4640,30287,6,11,820,62,618.89,49.51,668.40,26.56,955.15,604.13,269.00,300.13,282.09
2457673,55204,13194,91087,255465,2309,20849,3,2,821,53,1334.77,106.78,1441.55,60.40,469.25,1232.36,359.55,155.92,1381.19
2458103,29575,9851,,796269,4544,10271,6,19,822,30,1261.38,100.91,1362.29,49.57,478.38,1162.75,476.90,234.64,214.01
2457270,55957,13175,84815,559842,1969,7292,11,32,823,73,944.39,75.55,1019.94,83.40,24.33,527.96,283.79,5.16,1249.16
2458268,54592,14154,25987,1075583,2515,31691,1,17,824,83,1624.56,129.96,1754.52,86.12,660.70,900.20,133.96,374.42,635.63
2457345,40114,1902,28402,727129,634,26817,6,28,825,24,460.57,36.85,497.42,38.21,462.52,175.90,43.56,227.95,757.15
2457387,69379,17456,94897,1558527,4495,46204,6,4,826,70,137.91,11.03,148.94,35.00,15.41,37.32,272.05,40.91,1466.91
2457644,58682,13083,5979,360909,3250,28243,5,34,827,56,742.35,59.39,801.74,30.46,553.95,263.77,308.04,206.38,22.25
2456979,65625,165,11231,866932,2901,15518,8,27,828,51,1941.53,155.32,2096.85,86.25,509.65,1114.64,82.85,321.13,1249.42
2457211,56313,11519,53068,218247,3580,36595,4,34,829,65,306.13,24.49,330.62,61.24,525.60,87.00,303.55,172.84,765.11
2457909,52271,16272,22581,399019,3670,20752,7,32,830,86,1807.30,144.58,1951.88,52.23,947.53,1589.75,245.95,146.48,671.17
2457611,39572,6497,35687,430752,5564,26256,9,2,831,69,141.31,11.30,152.61,43.68,400.74,18.24,212.34,478.38,1254.41
2458194,33696,2575,37602,485521,5695,13365,1,18,832,39,1045.95,83.68,1129.63,81.38,112.32,154.04,38.64,148.76,57.34
2458155,44810,11642,92199,1545848,1011,10904,3,2,833,33,565.30,45.22,610.52,49.55,977.22,132.26,340.30,234.99,115.65
2457874,63998,15473,79744,249357,5742,41529,12,13,834,54,362.21,28.98,391.19,64.15,953.31,75.14,280.94,114.17,575.54
2458051,74158,8207,90056,1593795,7177,25798,6,10,835,52,649.88,51.99,701.87,47.38,550.92,429.56,409.50,384.91,244.85
2456885,49748,10788,93916,142650,6970,3537,10,13,836,29,620.39,49.63,670.02,3.31,93.47,523.94,137.04,330.83,225.77
2457982,54668,9345,77842,1779379,5017,37669,6,15,837,46,942.81,75.42,1018.23,24.42,336.00,344.19,461.96,313.11,814.72
2458245,37195,15769,33196,1196170,2979,14082,5,3,838,90,124.26,9.94,134.20,89.94,161.34,99.05,157.94,490.29,1427.67
2458412,33353,6735,60797,1837413,3906,12928,8,7,839,32,608.71,48.70,657.41,21.12,497.37,156.39,208.67,219.99,1235.89
2457172,44224,12186,99174,1497120,6105,42444,6,20,840,98,943.64,75.49,1019.13,68.45,383.85,319.66,86.08,441.03,316.30
2457768,57863,16853,17016,982100,3465,21028,6,31,841,66,250.07,20.01,270.08,75.05,756.16,170.38,304.18,345.48,1309.16
2457002,59407,5032,2890,1884032,2566,4660,3,11,842,35,1822.09,145.77,1967.86,58.89,397.20,156.63,99.71,0.85,1436.28
2457714,67495,2079,17954,1412644,434,1658,6,32,843,48,314.67,25.17,339.84,98.16,664.73,204.96,198.48,222.46,1137.81
2458217,67372,4060,77435,129183,5280,32303,7,15,844,20,1455.48,116.44,1571.92,54.29,984.71,506.09,69.18,165.69,63.47
2457056,58364,1626,21676,998267,519,31619,6,11,845,53,798.37,63.87,862.24,34.38,509.61,676.56,344.91,0.28,185.99
2457728,43533,402,87518,889307,648,30877,1,29,846,71,521.22,41.70,562.92,41.38,441.00,434.63,422.97,394.30,761.94
2457721,57425,1541,57072,1085621,6690,31362,1,14,847,43,882.87,70.63,953.50,19.15,907.10,80.18,229.91,218.31,210.66
2457462,32443,17738,84287,1006522,5848,28627,6,16,848,84,1527.04,122.16,1649.20,31.61,469.26,7.31,20.79,30.67,189.89
2457088,58052,11465,23182,506019,4574,18516,3,5,849,100,1966.85,157.35,2124.20,80.53,173.09,341.13,256.61,284.59,454.59
2458399,43696,5024,10904,1209661,888,11429,12,33,850,76,212.42,16.99,229.41,69.97,960.21,89.09,170.67,484.94,719.35
2458257,52078,5176,3848,1489783,6568,533,1,26,851,44,1610.94,128.88,1739.82,25.83,907.01,90.85,232.94,429.25,995.68
2457588,66271,12615,20165,710692,3242,31967,3,3,852,62,887.27,70.98,958.25,36.97,647.93,579.11,147.08,39.59,1060.34
2457046,59445,4180,73745,838950,6545,46727,9,4,853,97,433.67,34.69,468.36,7.52,179.61,224.81,224.96,365.30,340.43
2457200,61521,3118,66928,684260,1634,23875,6,33,854,9,747.39,59.79,807.18,75.38,966.04,174.18,351.80,12.85,376.44
2457718,64700,406,97529,524005,4176,28826,8,28,855,89,1713.38,137.07,1850.45,40.88,557.40,915.18,104.18,203.96,131.47
2457624,66594,9885,75103,236353,4236,37520,1,19,856,77,1570.60,125.65,1696.25,58.23,889.25,905.51,218.64,222.79,191.34
2456956,38335,8908,31825,1776847,3217,7659,8,17,857,81,646.14,51.69,697.83,33.21,890.59,353.17,367.15,149.86,922.86
2456994,74354,219,45284,1785822,1892,14351,7,31,858,74,1435.43,114.83,1550.26,39.49,548.35,342.21,445.15,310.12,417.04
2457152,45576,16407,,242017,288,36102,1,23,859,74,1312.43,104.99,1417.42,62.82,357.74,176.66,451.50,93.12,890.05
2457791,66819,6890,30073,1909114,3862,30655,12,20,860,38,962.15,76.97,1039.12,26.65,719.57,652.50,413.09,321.30,1099.12
2458375,54135,12061,,640508,5556,17175,6,35,861,47,1709.31,136.74,1846.05,77.08,229.96,535.64,13.20,323.16,1225.33
2458365,34003,11517,90972,1107339,862,7254,4,26,862,42,1139.92,91.19,1231.11,85.41,71.24,547.56,336.73,370.89,1230.56
2457552,70822,17620,1702,679533,1487,761,2,,863,45,272.73,21.82,294.55,54.66,170.49,86.37,48.13,96.57,1153.98
2456897,31201,4708,71728,1893983,2604,38715,6,2,864,34,915.05,73.20,988.25,0.66,223.88,526.02,36.88,68.69,363.24
2458078,71278,17631,95734,69998,5701,12639,8,9,865,49,588.37,47.07,635.44,3.65,809.06,237.91,236.44,129.19,1017.33
2458357,61514,8199,75406,777659,3456,36641,2,7,866,8,1855.56,148.44,2004.00,19.49,71.15,1400.48,97.70,63.30,104.44
,58898,9027,37607,1567798,5847,13360,12,23,867,54,509.95,40.80,550.75,9.62,866.43,366.85,259.88,442.34,1015.34
2457384,29811,2495,95893,1079525,4967,1518,8,20,868,85,174.63,13.97,188.60,48.12,503.73,154.09,22.44,323.16,231.84
2457468,48164,11401,47579,1582453,3320,36513,5,24,869,78,1332.52,106.60,1439.12,3.95,180.58,400.89,247.48,27.25,1368.41
2458196,46956,9900,29972,908180,3695,43693,5,34,870,61,1319.43,105.55,1424.98,65.74,311.73,1133.63,75.97,256.28,1354.39
2458135,32739,1024,32597,1497570,1971,16605,7,31,871,1,746.22,59.70,805.92,15.90,84.59,424.81,35.57,397.61,802.05
2457907,47748,16991,76871,1203731,4746,9250,1,28,872,28,1367.68,109.41,1477.09,68.06,814.57,146.39,328.24,168.43,1143.03
2458301,48334,17450,70181,42960,4112,14878,11,5,873,59,1865.47,149.24,2014.71,97.49,760.21,326.61,359.28,377.16,1303.49
2458380,65243,14390,27737,1342560,3774,5193,8,5,874,18,1622.41,129.79,1752.20,81.68,682.48,1132.45,3.06,240.00,74.57
2458334,70828,10099,27521,1865701,6606,32074,9,8,875,43,1975.42,158.03,2133.45,22.99,804.66,1071.61,295.71,201.98,1182.60
2457130,32681,12911,28053,1524812,6949,1135,1,,876,55,193.77,15.50,209.27,58.14,210.93,139.37,37.85,492.34,312.94
2457876,58304,1510,54347,470294,1779,14953,8,16,877,24,588.46,47.08,635.54,7.81,360.84,176.22,473.46,267.05,228.17
2457893,50075,13172,45942,793292,2137,48316,12,16,878,8,457.85,36.63,494.48,37.59,687.89,309.20,32.65,162.61,188.41
2457691,31688,8073,22930,904725,5940,29627,1,25,879,31,1388.11,111.05,1499.16,91.59,968.73,504.77,3.87,373.57,721.62
2458384,56826,13188,53568,883007,2179,40424,9,30,880,93,603.41,48.27,651.68,58.18,415.86,205.51,193.77,198.87,332.82
2458279,30910,16314,48522,1021016,1106,15854,2,21,881,56,1171.80,93.74,1265.54,22.49,483.86,138.41,248.05,408.42,1053.16
2457502,55926,8596,75742,616132,5632,33980,2,19,882,54,1994.22,159.54,2153.76,22.22,598.71,565.76,175.66,254.98,1498.36
2457192,68398,14726,,1814236,4400,42711,11,2,883,68,1874.77,149.98,2024.75,57.89,14.00,1261.22,214.55,345.91,109.16
2457938,68350,15626,10408,1572939,1637,466,10,33,884,78,30.17,2.41,32.58,13.13,763.00,15.38,461.99,223.85,1116.42
2458424,62265,1457,53645,1445730,3266,47104,3,16,885,19,1161.62,92.93,1254.55,74.70,661.98,385.88,314.80,224.34,1203.03
2457926,73538,4815,70757,50167,885,4235,12,14,886,99,421.27,33.70,454.97,13.76,688.81,218.06,141.00,142.76,144.20
2456807,35985,3134,66330,720821,2813,7802,4,30,887,69,527.19,42.18,569.37,97.79,419.30,224.21,452.44,351.86,1126.73
2456998,37033,16102,13177,1850339,3098,24646,6,23,888,32,1149.88,91.99,1241.87,96.28,666.47,333.78,301.47,437.82,497.59
2458269,51646,11902,77137,1578008,5829,11949,12,13,889,62,1984.87,158.79,2143.66,96.65,196.13,1756.98,205.85,94.79,1320.90
2456951,59157,13322,48589,1367201,3645,8856,5,9,890,80,1091.87,87.35,1179.22,40.48,356.93,792.59,148.73,334.97,357.89
2457177,56865,1184,26294,886464,6733,8806,9,13,891,46,417.01,33.36,450.37,53.84,114.68,305.42,99.61,118.08,1305.60
2458280,29413,1408,42447,1630763,2998,40427,2,16,892,59,790.49,63.24,853.73,73.43,311.76,343.64,223.95,208.47,883.07
2458049,48041,15060,,1756382,587,11191,1,15,893,27,1835.42,146.83,1982.25,67.77,917.81,1444.22,71.35,479.27,913.71
2456992,64496,4092,85466,428039,476,11720,7,30,894,20,922.02,73.76,995.78,78.56,816.09,48.58,120.80,402.56,745.62
2457225,60657,1542,35427,1054262,241,48679,10,4,895,22,272.25,21.78,294.03,47.05,793.23,223.78,267.62,175.60,536.23
2458275,74315,2094,,711144,2505,33261,8,16,896,66,1659.34,132.75,1792.09,30.33,298.05,1083.21,34.56,77.22,1063.01
2457002,35579,16066,35877,1237458,119,32021,6,20,897,34,1567.56,125.40,1692.96,43.42,552.92,1548.06,226.21,493.43,1283.38
2457930,43254,3887,14018,931191,62,8998,2,4,898,24,970.85,77.67,1048.52,70.96,54.89,737.89,414.71,317.38,1497.53
2456975,35478,16628,46080,1549426,3696,9749,8,26,899,100,1224.31,97.94,1322.25,14.19,109.72,826.27,267.02,404.20,803.54
2457494,41398,12524,,809296,2404,23886,10,33,900,50,1175.37,94.03,1269.40,98.78,946.99,451.56,157.39,461.46,0.40
2457569,33319,4578,56820,958141,3042,38650,2,25,901,7,960.37,76.83,1037.20,44.14,295.20,795.32,181.47,283.37,65.32
2457183,49618,8608,45480,1001154,4491,49544,9,29,902,67,1413.55,113.08,1526.63,69.12,61.35,82.03,350.74,328.68,256.41
2457963,47487,6128,97309,1456712,5048,16566,3,12,903,28,58.54,4.68,63.22,25.88,468.61,8.43,174.52,408.68,1206.85
2456860,31823,6242,6015,497539,4188,16339,8,32,904,25,552.13,44.17,596.30,75.89,377.34,249.29,189.44,291.86,884.05
2457106,72636,2615,5763,1294349,6471,4925,4,19,905,94,919.61,73.57,993.18,66.46,551.32,5.14,129.42,281.79,993.17
2457309,66870,6454,6883,1400348,5530,38677,5,10,906,2,1400.81,112.06,1512.87,76.12,618.12,229.83,162.84,159.99,924.45
2456971,62954,4162,29411,1799529,4387,49650,9,4,907,27,1368.95,109.52,1478.47,11.97,676.50,365.38,161.66,359.17,1464.41
2457919,41153,10693,27817,728035,6154,20443,6,17,908,78,870.41,69.63,940.04,54.62,673.40,323.79,364.26,380.39,797.83
2457701,35032,16433,14146,1097862,2904,43278,2,31,909,1,261.27,20.90,282.17,89.99,262.09,82.94,191.17,250.40,959.83
2458257,35002,14319,60632,653867,4962,12720,11,26,910,2,188.62,15.09,203.71,36.92,175.96,25.88,454.77,465.09,799.24
2457200,68861,2388,47997,942906,1501,8760,5,2,911,41,397.04,31.76,428.80,61.65,720.43,44.20,125.80,47.71,818.56
2456965,33442,6022,90162,1356837,4379,14354,5,27,912,23,966.91,77.35,1044.26,4.85,98.87,190.32,238.40,265.11,218.19
2457417,65692,6876,60044,1197926,4556,43473,7,30,913,96,7.56,0.60,8.16,81.46,119.85,6.10,485.57,358.56,932.08
,31949,11564,74484,539835,22,49452,12,30,914,2,1779.23,142.34,1921.57,20.97,830.61,1276.52,311.99,390.27,218.89
2456950,69018,8688,49376,316223,3659,2264,7,29,915,49,398.36,31.87,430.23,49.54,896.52,398.10,220.44,98.90,1323.07
,48229,1446,29887,1895024,3923,29793,7,31,916,77,202.28,16.18,218.46,11.80,755.36,146.41,434.00,219.57,1400.75
2456784,53111,13071,59171,1608906,3494,16005,1,28,917,61,1398.30,111.86,1510.16,22.74,875.98,1021.67,229.44,170.28,858.04
2458366,66765,721,36334,732870,1599,10712,7,25,918,52,1860.75,148.86,2009.61,33.16,721.86,658.97,72.51,80.84,994.71
2457748,47459,3575,34079,1802407,1824,1425,9,2,919,55,946.92,75.75,1022.67,87.00,533.71,226.26,427.28,380.08,13.23
2458003,42244,15605,26887,744723,3401,9625,10,29,920,58,834.35,66.75,901.10,0.77,294.50,184.01,420.48,361.90,521.32
2456991,35361,13386,11011,875378,2121,27540,6,10,921,44,1863.40,149.07,2012.47,97.88,530.22,1255.91,43.03,207.90,405.85
2457959,71336,5068,32462,1608394,3690,30737,8,19,922,63,1673.05,133.84,1806.89,64.28,972.43,320.95,85.55,339.90,1464.12
2457509,70476,4936,65801,364852,378,37379,11,3,923,68,1453.53,116.28,1569.81,91.35,38.82,674.99,136.40,485.02,1362.18
2457686,29139,1767,62866,1108380,4070,8429,5,,924,64,1846.01,147.68,1993.69,10.00,644.24,1079.01,212.42,465.76,912.09
2457034,41356,5085,87794,734628,5560,13400,9,35,925,53,895.34,71.63,966.97,82.44,746.97,238.65,305.42,363.72,713.79
2457739,54563,10907,44434,1477189,318,26484,1,20,926,62,950.00,76.00,1026.00,77.59,957.29,562.18,287.02,174.74,681.06
2457547,41444,5133,7170,249256,1452,4381,9,27,927,56,501.17,40.09,541.26,70.50,692.50,26.91,328.94,390.21,679.59
2457792,35791,16598,23668,625058,1033,30723,10,6,928,92,543.64,43.49,587.13,47.33,793.87,124.84,197.53,294.13,1001.19
2457521,59353,16547,95619,219141,5094,40311,8,34,929,32,626.81,50.14,676.95,88.02,997.22,104.56,260.74,379.60,17.82
2457666,69573,7354,27474,68123,1873,28882,12,14,930,67,982.97,78.64,1061.61,97.56,48.29,16.80,466.38,334.06,1054.56
2457435,58141,3634,32014,1245474,1988,45637,2,23,931,59,1645.74,131.66,1777.40,15.40,265.17,1231.09,178.45,24.46,310.39
2458229,68257,15675,37268,171199,3431,28976,11,10,932,81,64.49,5.16,69.65,4.45,121.58,47.63,103.34,236.61,336.98
2456789,45155,7678,53213,145960,4266,17411,6,14,933,24,471.10,37.69,508.79,24.42,146.06,133.49,393.82,100.15,831.32
2457166,46292,9379,88036,834876,584,32785,12,7,934,21,1192.11,95.37,1287.48,49.57,663.40,716.08,430.30,273.56,1203.54
2456920,45845,6447,7872,363629,4832,1009,10,27,935,56,208.60,16.69,225.29,22.94,394.79,104.05,130.87,30.14,320.97
2457872,29209,12648,14149,957595,4326,3749,10,32,936,60,922.76,73.82,996.58,43.54,98.56,235.80,194.21,308.62,141.26
2457428,36956,8761,52636,471908,3291,43621,5,18,937,53,1428.61,114.29,1542.90,11.96,296.26,631.26,310.70,156.05,1003.00
,74430,11666,36435,1191270,3960,30979,1,27,938,89,615.90,49.27,665.17,22.82,491.64,432.17,458.04,46.54,1384.06
2457044,57581,12634,47012,163821,5459,31369,5,10,939,58,1628.38,130.27,1758.65,75.89,640.67,1156.66,220.73,8.17,1149.41
2458326,59967,11280,87687,1486410,6676,28074,5,7,940,92,1077.55,86.20,1163.75,25.75,265.84,505.10,15.98,93.44,467.85
2457464,37000,4373,86929,489276,1284,38209,5,7,941,3,944.91,75.59,1020.50,63.17,393.13,940.96,486.16,418.01,511.22
2458169,46950,3417,33387,220580,6857,6415,4,25,942,100,730.86,58.47,789.33,31.55,465.65,692.82,263.24,393.05,444.48
2457528,33411,4631,61747,1574398,4221,12428,6,3,943,81,1964.45,157.16,2121.61,14.48,426.71,495.33,482.57,223.13,40.92
2456869,54130,2362,77780,807979,240,35526,7,19,944,41,610.81,48.86,659.67,57.92,54.01,404.37,471.37,227.65,654.47
2457231,73985,8938,26626,785668,3102,44352,1,12,945,29,153.86,12.31,166.17,6.28,550.37,113.90,90.47,226.42,1045.63
2457991,49560,1961,66776,814319,2407,34712,4,8,946,41,1495.69,119.66,1615.35,88.91,832.05,662.93,232.26,127.33,1038.99
2457842,42779,15616,57352,450997,5684,10008,7,23,947,73,197.17,15.77,212.94,83.01,11.93,128.89,496.91,411.72,14.45
2457477,73195,12821,4793,1667473,6494,30789,5,23,948,44,371.62,29.73,401.35,63.31,506.51,258.61,275.25,350.97,1155.34
2457793,49223,5285,58641,1232777,127,47202,10,17,949,30,181.37,14.51,195.88,10.07,974.70,173.77,496.16,494.69,445.91
2456871,62738,10927,33989,923043,2084,22028,5,29,950,39,545.44,43.64,589.08,5.84,444.24,215.92,116.45,8.98,320.10
2458364,69672,2268,62341,770469,2280,25930,1,12,951,87,297.61,23.81,321.42,97.20,558.67,86.83,165.54,228.66,1309.01
2457517,38422,2699,5133,368636,3314,10110,11,27,952,23,1320.17,105.61,1425.78,14.09,619.31,715.58,6.64,425.86,530.65
2457928,44376,12972,69856,1858387,2883,7579,6,28,953,77,1641.45,131.32,1772.77,78.39,128.65,1265.06,40.75,196.12,720.20
2457962,57753,113,15584,501799,5060,38157,12,25,954,65,763.25,61.06,824.31,50.10,146.34,244.26,206.39,393.57,1225.69
2458007,50545,6658,56328,571092,3265,14427,5,15,955,72,91.26,7.30,98.56,17.93,635.61,89.68,390.83,90.02,107.87
2457662,61659,10514,89735,1716965,3092,29722,3,14,956,100,429.56,34.36,463.92,40.82,947.74,166.29,421.34,384.75,1145.87
2457889,40337,4331,68286,73551,2925,43290,8,18,957,68,887.01,70.96,957.97,68.54,418.58,875.37,455.91,326.91,278.93
2458328,74303,16951,75272,1517271,6932,26384,6,26,958,2,53.90,4.31,58.21,62.23,774.06,39.95,17.14,274.93,855.44
2457941,50553,17013,87857,1532764,4778,4574,1,11,959,70,1698.87,135.91,1834.78,85.54,745.75,1384.63,174.67,356.68,813.39
2457477,58838,928,52571,1688300,5041,40151,2,20,960,45,866.11,69.29,935.40,87.18,261.65,354.33,8.37,206.96,144.37
2458010,39391,3362,37808,1559577,1924,24090,1,11,961,50,1306.34,104.51,1410.85,77.62,961.18,1058.26,331.08,155.71,1492.50
2457182,47034,9759,57090,752204,3436,4400,10,9,962,46,1162.06,92.96,1255.02,86.52,966.02,594.87,167.84,347.62,779.17
2456764,73600,2358,8686,1263013,4344,39981,3,15,963,97,1980.60,158.45,2139.05,77.71,666.98,1594.71,393.86,352.90,1096.15
2457430,29601,7999,1011,1685659,425,44097,2,11,964,60,1553.67,124.29,1677.96,5.28,686.24,164.02,357.57,55.63,550.96
2457904,68253,14918,96987,393816,5742,20211,10,19,965,99,1325.76,106.06,1431.82,53.42,303.42,835.95,285.21,131.43,1261.89
2457122,59333,4711,1642,1906242,4093,37141,2,,966,100,1068.33,85.47,1153.80,10.05,412.41,560.48,367.62,76.98,317.00
2458371,70832,5897,10166,1884410,5051,29684,7,2,967,47,156.22,12.50,168.72,46.86,656.35,32.26,462.56,183.79,831.05
2457085,52912,12136,97888,749663,2414,25285,4,13,968,40,415.65,33.25,448.90,30.47,955.13,384.05,140.79,29.14,1084.78
,69791,437,42809,1092229,4225,33697,4,24,969,71,571.30,45.70,617.00,8.97,596.76,285.34,177.70,289.14,1316.17
2457468,48578,6378,58134,888202,6298,21256,11,6,970,79,72.54,5.80,78.34,1.42,875.24,37.91,154.64,42.68,743.13
2457024,41875,5563,68772,1679356,5008,28493,10,11,971,40,1757.48,140.60,1898.08,95.42,405.19,1231.90,332.89,55.13,1271.41
2458403,50156,8303,,730403,6488,9369,6,10,972,29,777.08,62.17,839.25,54.20,978.11,483.32,372.28,357.18,74.08
2458036,46918,6775,43289,27398,1603,38038,9,27,973,86,715.67,57.25,772.92,83.02,677.16,438.66,305.93,144.51,17.62
2457899,44886,16605,8487,1544064,3712,21011,6,8,974,54,1031.52,82.52,1114.04,80.80,509.28,344.26,464.63,177.68,84.97
2458207,37968,16616,11633,1853697,893,13633,5,12,975,90,1802.68,144.21,1946.89,51.63,1.15,987.79,47.96,68.93,1054.18
2457811,70288,8120,17676,1521169,6850,22113,12,8,976,78,1878.43,150.27,2028.70,22.87,802.76,201.10,289.89,169.12,1246.16
2457232,45621,9715,,1234810,3118,15369,8,28,977,57,1921.57,153.73,2075.30,8.42,10.02,1143.65,244.26,14.96,1351.57
2457850,44092,9563,31016,85892,979,23181,9,9,978,58,1716.79,137.34,1854.13,15.44,179.74,455.39,81.92,478.09,161.60
2457009,66731,4789,41687,466849,4697,7685,3,3,979,65,422.26,33.78,456.04,56.32,706.31,125.07,277.98,90.43,288.18
2457998,32469,13580,77802,269919,1104,27587,5,25,980,100,1565.84,125.27,1691.11,13.88,416.59,37.23,151.64,154.68,1023.75
2458089,48832,14447,18824,1114705,280,46570,9,5,981,56,1301.60,104.13,1405.73,78.52,854.16,1014.18,216.65,271.71,1339.22
2457156,48659,11798,96142,1695843,2472,41223,10,27,982,13,862.37,68.99,931.36,44.48,500.32,115.14,204.21,23.07,708.41
2457364,68990,12282,93979,1691661,4475,29607,9,14,983,24,1658.11,132.65,1790.76,43.22,612.31,963.41,447.57,253.42,670.40
2457963,73522,768,68915,1854620,3376,13187,11,20,984,69,727.06,58.16,785.22,43.00,101.89,424.36,462.03,374.29,246.26
2457071,49104,13341,16461,1407010,6039,4033,4,35,985,53,542.70,43.42,586.12,56.02,226.78,86.65,2.39,288.53,897.06
2456921,40831,16032,11738,242627,2947,11007,5,34,986,53,1677.88,134.23,1812.11,86.79,280.76,825.11,413.39,177.06,724.00
2458448,71984,15985,84825,209775,496,20996,2,25,987,64,886.31,70.90,957.21,1.65,727.35,762.49,390.81,81.21,1002.78
2458119,69492,16334,79192,312248,6719,25132,1,10,988,36,1989.58,159.17,2148.75,40.40,940.34,661.93,222.66,449.73,973.81
2458342,36795,1507,91216,992800,3441,8539,2,27,989,81,1293.85,103.51,1397.36,51.60,391.31,190.42,210.06,375.42,1166.43
2456794,60348,13717,90126,1816918,1259,45846,2,24,990,83,566.64,45.33,611.97,75.12,722.61,230.01,295.25,266.99,1368.77
2457939,58979,14942,39498,1425963,2412,47484,9,8,991,72,491.02,39.28,530.30,47.03,451.23,152.11,323.25,61.82,360.89
2457653,31556,10568,89729,1027286,844,16937,1,18,992,40,1107.01,88.56,1195.57,23.97,956.32,511.95,273.67,250.69,31.02
,53591,16473,,1182071,3998,15325,3,1,993,62,1071.44,85.72,1157.16,61.60,638.11,850.74,408.17,181.49,1464.58
2457261,36104,13320,31444,777545,2549,27545,5,24,994,32,1513.59,121.09,1634.68,88.80,782.12,662.95,297.31,20.30,525.39
2458195,29501,202,25026,872724,2826,9357,5,3,995,51,1318.78,105.50,1424.28,20.47,220.86,497.38,195.39,335.99,7.79
2457164,29004,12870,82339,1052645,2471,22802,9,19,996,24,1160.30,92.82,1253.12,91.02,806.94,936.01,309.20,148.35,1131.66
2458469,51956,17497,63152,205693,1105,3338,6,14,997,83,1378.28,110.26,1488.54,57.79,452.03,317.87,210.15,170.09,211.41
2458073,51364,15140,92134,447231,307,2006,3,35,998,1,1774.60,141.97,1916.57,67.14,453.64,1290.44,93.07,349.51,294.89
2456835,32294,17173,75126,334680,3490,19906,10,32,999,33,1005.58,80.45,1086.03,77.97,139.72,552.01,93.54,338.42,269.52
2456858,55539,13501,46119,389894,5440,37950,10,28,1000,58,1688.92,135.11,1824.03,72.40,277.66,667.95,293.75,72.09,859.46
,57682,15893,21741,1242022,1976,23441,5,21,1001,99,1765.96,141.28,1907.24,45.27,754.84,1391.56,38.58,65.11,308.68
2457096,39684,2111,98341,1719681,1505,24148,11,24,1002,81,74.31,5.94,80.25,69.63,882.91,52.08,317.35,292.97,981.29
2458012,41074,16870,67844,730897,3410,8701,10,10,1003,32,987.30,78.98,1066.28,94.12,160.47,281.23,126.31,156.67,595.32
2457237,69124,3767,34864,500708,6141,8646,6,5,1004,10,194.98,15.60,210.58,90.98,263.99,142.42,274.58,282.83,440.94
2457940,66555,4043,40769,910669,60,19098,2,33,1005,41,836.24,66.90,903.14,40.18,444.84,373.03,399.67,497.63,588.66
2458025,44107,11954,32825,1163703,926,9374,10,4,1006,80,1220.56,97.64,1318.20,23.58,474.40,428.49,166.00,463.64,227.49
2458110,41706,17318,73181,202125,3279,41795,2,15,1007,57,1215.85,97.27,1313.12,3.98,213.04,867.08,17.02,137.46,557.97
,46702,288,30495,1439489,1071,46079,10,33,1008,79,136.96,10.96,147.92,34.21,300.81,105.80,30.30,161.24,1253.23
2457456,34569,7278,2545,595171,6251,37167,3,26,1009,79,865.45,69.24,934.69,19.25,730.06,307.80,99.16,223.76,1456.31
2457884,43885,6868,78511,1671172,5084,25709,1,19,1010,76,325.76,26.06,351.82,6.31,771.97,318.46,157.94,55.58,126.33
2458408,43969,9580,66036,52168,3204,10485,4,22,1011,96,134.49,10.76,145.25,50.32,832.45,91.37,135.49,134.23,845.31
2457953,32664,12729,90214,716321,2730,3141,10,14,1012,38,935.95,74.88,1010.83,30.21,373.10,359.14,482.79,214.95,317.43
2457606,41655,11653,92379,430310,4682,14200,4,16,1013,99,1072.87,85.83,1158.70,42.15,301.40,611.99,494.53,221.44,1193.83
2458437,40686,8427,4588,833355,617,13308,1,,1014,98,730.12,58.41,788.53,35.11,800.34,183.63,408.52,246.88,283.63
2458022,68318,12958,69566,747942,2244,25171,12,21,1015,26,1017.64,81.41,1099.05,99.18,57.20,766.30,129.22,97.76,774.22
2457271,34646,9917,9613,1644585,4984,30818,6,22,1016,12,949.91,75.99,1025.90,31.82,461.12,699.39,261.92,135.28,437.32
2457000,44179,12019,41681,614683,5967,37063,8,14,1017,39,405.60,32.45,438.05,92.00,522.26,292.47,455.29,428.79,741.86
2458386,72894,9667,79106,339620,80,27656,2,11,1018,9,177.89,14.23,192.12,90.32,80.90,161.53,301.52,424.76,4.12
2457304,42661,2587,,62035,3135,3769,11,35,1019,46,933.60,74.69,1008.29,58.43,809.55,328.88,8.43,29.69,1282.23
2458404,48193,10011,,432009,869,4639,4,24,1020,95,827.93,66.23,894.16,17.34,806.28,185.25,254.06,414.93,1096.08
2457837,49425,10231,66506,265434,1269,20660,1,9,1021,35,978.88,78.31,1057.19,73.09,285.96,140.54,298.60,284.65,134.45
2458372,66525,2734,72132,194330,2207,24387,9,18,1022,71,749.32,59.95,809.27,67.00,24.20,161.56,68.72,488.95,1023.72
2457399,42812,6602,24821,231989,2316,27215,6,17,1023,1,123.24,9.86,133.10,31.50,772.28,36.32,345.21,460.80,690.04
2456900,51452,9227,,889304,5305,7505,5,16,1024,30,1524.19,121.94,1646.13,14.06,138.42,1202.62,459.14,61.91,1260.98
2456876,59362,9717,38415,1467476,4842,3451,3,34,1025,56,1172.70,93.82,1266.52,67.70,718.25,626.38,27.00,447.71,559.52
2458063,53801,16687,12273,1653620,3110,24188,2,14,1026,51,1451.94,116.16,1568.10,44.42,515.55,364.06,193.13,73.22,1271.86
2458319,36563,7937,17463,921737,3543,42264,12,5,1027,60,1961.64,156.93,2118.57,46.21,115.41,525.11,246.34,497.28,366.17
,36965,8404,49551,339093,149,22632,4,23,1028,96,1094.15,87.53,1181.68,57.21,165.02,650.97,191.67,35.00,1208.27
2458302,72434,3363,5667,1322579,5507,26549,12,8,1029,72,914.76,73.18,987.94,46.41,678.67,896.68,443.68,288.04,73.72
2458218,32072,5205,1055,221434,1762,5620,5,1,1030,75,399.28,31.94,431.22,73.69,287.27,120.28,322.19,205.33,115.28
2457503,66583,5125,49214,1374868,6188,24151,4,1,1031,51,457.90,36.63,494.53,23.22,784.32,131.03,13.46,126.28,1286.57
2458074,75087,17500,34836,1231108,2696,10869,12,34,1032,78,52.99,4.24,57.23,27.47,35.18,22.15,384.13,323.41,1173.47
2458064,42525,4966,46216,114910,4092,30610,6,11,1033,87,1103.25,88.26,1191.51,96.86,84.47,771.08,145.59,39.76,200.48
2457338,50515,6759,37091,1759961,2379,23007,11,6,1034,62,954.40,76.35,1030.75,33.34,883.65,446.18,417.40,153.83,834.43
2457443,47728,9018,66982,873320,5655,42215,5,8,1035,25,1909.16,152.73,2061.89,52.46,73.54,1754.93,18.71,156.68,698.72
2457863,64516,7040,15291,523295,4299,38710,12,30,1036,5,827.65,66.21,893.86,78.57,131.89,764.68,93.77,68.90,299.40
2457930,68156,2441,18619,432722,3521,6373,3,15,1037,57,1342.10,107.37,1449.47,89.12,373.45,1047.53,380.06,245.41,1178.87
2458213,63056,7016,90562,871151,6786,37597,12,,1038,13,710.75,56.86,767.61,95.29,726.90,528.69,83.16,283.70,1123.38
2458137,36266,7597,88785,1813885,5902,41440,7,35,1039,61,1858.53,148.68,2007.21,49.04,71.59,503.40,279.13,464.30,572.10
2457097,44572,13290,,1585951,6303,42195,1,7,1040,39,1232.48,98.60,1331.08,30.74,708.91,127.46,418.92,361.18,820.50
2457205,35010,12621,88889,1731917,4911,25878,7,9,1041,52,559.57,44.77,604.34,55.51,457.87,150.81,19.61,355.41,1270.33
2457722,51393,595,89425,800170,5971,19609,5,4,1042,47,1818.02,145.44,1963.46,39.25,80.31,1560.31,417.21,250.07,356.21
2457009,37275,11902,18293,235835,6230,36010,1,11,1043,83,287.83,23.03,310.86,43.20,254.33,3.33,440.68,166.12,1301.14
2458159,70196,13939,80923,416809,4117,34,11,27,1044,1,1046.64,83.73,1130.37,78.11,326.01,864.03,399.89,331.07,575.14
2458060,61592,5456,310,597809,1146,12963,8,19,1045,38,1208.93,96.71,1305.64,40.72,40.71,213.27,95.27,187.58,15.64
2457744,71173,15974,35742,1018630,5302,13719,6,10,1046,76,1447.34,115.79,1563.13,35.03,703.64,207.59,23.44,147.77,378.79
2458043,53403,9588,99677,965524,2015,35202,10,21,1047,24,614.44,49.16,663.60,70.16,881.03,92.29,311.84,428.73,790.99
2457516,36445,12472,30740,161908,5232,48188,5,13,1048,74,1669.20,133.54,1802.74,60.87,692.65,1364.33,224.13,453.90,917.95
2457103,48151,11161,33486,1207680,4567,21588,8,20,1049,42,865.09,69.21,934.30,83.23,188.84,624.35,154.81,251.80,331.96
2458092,68629,6121,45930,94334,2849,10913,5,,1050,71,1727.17,138.17,1865.34,84.34,267.71,1289.00,252.06,168.21,47.19
2456902,64428,7424,2958,481580,3174,5315,1,2,1051,82,435.36,34.83,470.19,31.89,376.10,214.47,311.22,248.67,1470.31
2457983,33020,11298,31139,1603957,4767,15940,12,15,1052,7,680.47,54.44,734.91,53.40,900.74,659.33,311.77,239.98,1036.49
,51313,6100,54745,1662318,2292,37495,12,3,1053,82,835.90,66.87,902.77,93.74,333.18,426.38,27.31,276.74,485.84
2457479,40423,6395,83375,1305977,4901,21995,4,13,1054,5,798.24,63.86,862.10,94.66,135.45,251.79,218.00,111.04,753.52
2457016,37241,9259,46871,56412,3820,15210,1,34,1055,57,509.39,40.75,550.14,56.70,789.65,97.78,287.46,145.69,852.87
2457266,73817,4383,11997,1552082,1876,10717,12,20,1056,48,78.27,6.26,84.53,8.14,541.72,22.41,0.52,492.86,1114.41
2457443,46112,16424,20368,1126210,6843,30982,6,22,1057,74,1279.05,102.32,1381.37,81.44,317.92,486.94,91.06,106.91,317.96
2458343,58170,14861,44821,971175,2246,43890,12,25,1058,50,1269.18,101.53,1370.71,64.62,932.38,779.05,83.98,333.42,722.54
2457011,33746,6405,71931,685909,541,26846,6,24,1059,52,986.91,78.95,1065.86,80.79,709.45,168.11,229.51,294.74,1222.43
2457415,34505,12820,79088,715455,5094,20486,2,4,1060,96,1625.55,130.04,1755.59,99.94,398.54,594.42,365.24,414.51,824.66
2457333,37760,1981,1154,1307828,5146,43050,6,31,1061,72,1012.09,80.97,1093.06,77.36,413.93,432.41,239.30,99.86,1320.68
2457585,69677,3485,93720,367947,6714,44550,6,19,1062,52,1346.32,107.71,1454.03,1.44,456.13,131.25,61.89,458.55,20.53
2457600,54109,14858,51078,1252748,2299,25686,10,19,1063,15,1946.22,155.70,2101.92,72.13,346.99,1792.72,254.02,460.68,1363.68
2457435,51639,9167,42109,691272,2001,48025,2,15,1064,99,306.59,24.53,331.12,57.97,726.39,127.52,344.40,333.19,865.80
2458017,65122,15936,33213,686374,4143,16735,5,24,1065,37,1790.99,143.28,1934.27,34.98,398.36,739.88,402.08,218.18,1259.54
2457149,42430,17845,94053,1797036,3118,11246,3,8,1066,94,253.72,20.30,274.02,19.78,78.91,153.91,195.93,81.19,1197.11
2458091,41964,10552,25714,789685,5028,48847,5,21,1067,40,1766.29,141.30,1907.59,58.42,592.45,1041.61,479.83,43.09,1491.48
2457022,53465,8321,74385,1011525,594,49652,6,33,1068,39,159.85,12.79,172.64,56.47,931.88,14.84,327.61,128.11,17.28
2457056,61421,5420,23435,388144,6797,45400,3,14,1069,56,724.31,57.94,782.25,39.24,118.54,406.39,315.33,119.56,1007.64
2457484,72368,1367,59248,1042476,371,444,7,18,1070,76,1390.48,111.24,1501.72,57.46,32.96,764.40,252.50,275.95,1383.10
2456928,41513,14250,38239,1340019,1492,5860,10,8,1071,14,1515.39,121.23,1636.62,6.24,448.57,1437.09,179.71,488.83,1020.41
2457761,44248,9696,84364,1267693,6301,13362,12,16,1072,63,893.58,71.49,965.07,47.61,265.87,655.84,178.35,442.98,1227.19
2457405,42265,3751,11542,1880904,5700,19382,6,10,1073,62,837.03,66.96,903.99,33.36,487.48,770.73,436.44,312.14,756.73
2457838,55171,4972,80232,527972,5186,1409,3,9,1074,4,426.32,34.11,460.43,32.61,767.02,361.48,250.44,293.28,751.11
2458228,32038,8947,27397,182517,2623,49057,9,3,1075,70,1352.85,108.23,1461.08,83.23,779.66,853.75,77.36,36.39,1001.45
2458135,73348,9131,2620,12932,5767,14819,11,26,1076,77,757.78,60.62,818.40,43.87,446.70,358.98,196.08,344.04,1203.53
2457060,60309,11729,57252,868788,2733,47941,7,3,1077,92,231.47,18.52,249.99,16.15,758.30,151.61,196.86,259.44,1035.94
2457597,66123,12977,34035,470976,2880,34778,10,3,1078,35,834.51,66.76,901.27,74.25,618.85,717.35,410.02,220.68,790.27
,60430,16665,32909,24684,4120,29432,2,12,1079,46,1696.09,135.69,1831.78,27.35,795.69,255.51,29.06,112.05,1011.51
2456991,50229,13905,76668,51149,5702,47242,4,5,1080,72,269.43,21.55,290.98,42.55,415.03,104.68,38.23,172.20,816.31
2457672,57779,3965,64172,247449,525,31037,10,28,1081,81,135.09,10.81,145.90,75.21,5.75,112.72,335.42,176.19,33.24
2458203,64262,13338,19695,658608,6569,13953,3,17,1082,44,1559.19,124.74,1683.93,26.04,970.80,902.86,294.77,362.11,562.03
2457609,69423,8425,43542,1393056,2149,12968,7,6,1083,70,711.41,56.91,768.32,25.60,367.41,573.39,352.02,129.09,791.84
2457239,30441,3791,86475,902805,817,18396,7,35,1084,52,471.81,37.74,509.55,36.56,642.07,372.55,98.17,408.14,1314.72
2458447,70402,12506,6443,667795,2243,32829,12,5,1085,77,1257.93,100.63,1358.56,59.59,40.29,1041.71,356.17,342.07,733.44
2457600,55844,15892,46912,1920508,1757,37370,7,26,1086,34,966.67,77.33,1044.00,17.96,970.71,423.35,38.69,294.58,706.51
2457321,37319,1999,70964,1229345,6697,27000,5,11,1087,27,1371.76,109.74,1481.50,69.62,589.40,1035.43,256.37,183.44,1409.48
2457608,63759,6189,48394,415002,5130,39460,6,3,1088,77,708.36,56.67,765.03,30.17,848.13,249.70,87.91,194.61,1213.25
2456928,53250,16126,66403,1739896,4040,2210,12,26,1089,25,1608.37,128.67,1737.04,62.44,284.89,852.10,82.91,95.33,644.42
2457934,44593,15986,58350,625010,7047,33292,11,33,1090,69,344.82,27.59,372.41,31.96,956.77,259.04,356.28,180.23,641.85
,72834,3012,67082,907183,1806,26079,5,18,1091,3,1923.21,153.86,2077.07,87.53,137.48,269.47,313.36,335.16,876.64
2458091,45851,3656,30728,145698,6898,11751,11,28,1092,42,1605.82,128.47,1734.29,51.72,350.55,1083.34,131.86,39.65,1206.27
2457341,46446,8711,3407,835747,5917,14858,2,1,1093,6,622.41,49.79,672.20,9.92,809.13,18.71,181.09,322.63,817.29
2457329,32141,12697,37541,452027,1336,35903,9,,1094,78,1095.04,87.60,1182.64,57.19,723.11,828.65,115.07,435.22,240.60
2457833,54108,10907,57321,902532,1886,49488,1,15,1095,99,758.75,60.70,819.45,31.63,521.64,310.33,202.14,296.41,1036.35
2457644,62259,804,8709,663610,5567,25337,1,27,1096,81,935.95,74.88,1010.83,83.01,787.53,808.68,51.92,321.03,1494.35
2456897,55408,3687,49354,1015976,1693,48281,4,4,1097,7,533.68,42.69,576.37,38.67,244.24,321.12,178.64,155.41,460.65
2457778,38201,16923,77720,1018267,5747,29290,1,16,1098,80,800.48,64.04,864.52,98.81,935.67,197.90,418.81,154.09,1006.26
2457354,54788,14085,35246,671562,256,16094,4,24,1099,77,1884.34,150.75,2035.09,35.24,874.98,1351.97,0.50,1.34,385.68
2457259,33124,17768,34530,535873,3861,38436,4,16,1100,61,1916.20,153.30,2069.50,62.77,347.69,1456.89,422.75,102.49,1462.07
2458342,56662,10327,96865,808575,3854,14828,2,35,1101,34,1871.25,149.70,2020.95,68.81,15.27,1166.61,255.29,288.79,770.94
2456800,40535,10123,72343,1193621,2410,36305,4,5,1102,2,1221.38,97.71,1319.09,31.25,101.48,752.19,225.96,255.18,187.64
2457493,29496,14417,67717,1737616,1440,33700,9,32,1103,75,586.06,46.88,632.94,67.33,553.49,127.46,356.64,471.99,303.61
2457658,52336,11759,54635,605690,5012,38896,7,18,1104,57,265.28,21.22,286.50,76.67,150.37,204.28,279.52,377.46,65.14
2456829,67905,6297,17748,503916,4806,44724,10,29,1105,50,1445.47,115.64,1561.11,39.51,209.86,402.95,245.73,113.94,313.69
2457229,42413,7553,19723,365423,1070,39245,7,17,1106,7,18.42,1.47,19.89,88.72,456.62,12.30,90.25,290.05,33.08
2457841,66999,4771,15256,1457412,2843,11252,7,15,1107,36,150.78,12.06,162.84,85.79,778.10,9.90,125.98,391.26,53.91
2458095,66342,10643,55077,213552,3583,26578,1,23,1108,33,248.60,19.89,268.49,43.64,826.74,170.43,94.05,27.40,627.47
2457726,61695,13327,,1190489,6652,24683,1,34,1109,82,934.43,74.75,1009.18,3.51,197.76,627.00,144.71,168.78,390.05
2457432,62340,15743,96878,601287,2107,103,4,7,1110,55,1369.55,109.56,1479.11,14.77,929.96,850.77,405.92,25.89,67.45
2457553,37558,4230,14026,189420,400,42609,9,34,1111,64,350.27,28.02,378.29,73.80,729.57,111.63,299.43,43.93,661.54
2457280,35979,11994,78975,757103,886,27062,2,2,1112,42,1267.24,101.38,1368.62,87.42,571.85,1040.68,322.55,241.98,1330.63
2457437,36173,1423,53184,239644,996,30170,2,8,1113,84,815.66,65.25,880.91,8.83,584.16,564.05,388.06,426.72,30.88
2458456,35602,14248,52419,388591,6399,44138,9,2,1114,9,848.41,67.87,916.28,8.86,225.20,190.11,325.95,257.86,189.61
2456947,64211,602,35474,37610,6352,19893,5,23,1115,13,679.29,54.34,733.63,36.53,865.92,403.87,235.42,435.94,394.64
2458398,73396,698,35000,350894,5054,39858,1,4,1116,47,906.22,72.50,978.72,98.65,644.42,425.33,266.56,240.42,446.83
2458264,63572,3404,98380,1307938,1350,10425,5,34,1117,95,1853.87,148.31,2002.18,46.09,25.74,252.43,391.35,400.44,1157.88
2457658,46227,3110,13764,344157,6455,13152,11,26,1118,25,1888.15,151.05,2039.20,24.95,319.11,444.00,480.60,468.61,1376.62
2457878,50276,16182,85958,108455,659,40023,12,26,1119,4,355.13,28.41,383.54,97.08,436.30,10.80,3.88,316.78,41.64
2456991,72167,9335,,835761,4536,37204,10,9,1120,78,1382.40,110.59,1492.99,86.87,741.88,436.23,343.34,242.46,263.62
2457618,50959,11850,55267,1091236,673,26725,9,1,1121,75,1076.74,86.14,1162.88,92.81,271.13,489.41,226.29,228.84,651.65
2457378,30329,3521,65417,608280,3530,12949,12,10,1122,57,422.35,33.79,456.14,99.92,371.99,171.65,84.41,70.76,712.14
2456895,65264,775,32856,1741793,4006,10091,2,,1123,15,948.79,75.90,1024.69,76.17,611.58,194.59,96.47,131.78,776.73
2457662,35601,6713,12698,1119780,2672,2256,3,28,1124,84,581.77,46.54,628.31,96.92,619.68,32.28,310.80,194.79,289.61
2457567,36582,17470,,647570,1545,3789,9,9,1125,62,1391.25,111.30,1502.55,30.22,58.20,85.02,430.19,30.76,816.45
2456888,41111,15340,82627,129961,5275,34081,5,1,1126,27,104.33,8.35,112.68,43.02,825.71,34.70,34.74,32.16,715.65
2456871,44521,4552,91019,1172223,1008,3189,7,32,1127,8,543.54,43.48,587.02,5.66,961.13,482.24,79.34,322.45,334.38
2457232,49216,7175,72360,712789,2351,40161,4,29,1128,19,823.28,65.86,889.14,85.72,896.25,426.76,350.16,307.88,87.03
2458100,34370,10250,40186,364676,4538,35122,4,21,1129,23,1306.38,104.51,1410.89,11.88,783.18,38.01,188.16,16.18,436.84
2456950,49381,13133,1924,47198,5603,17813,9,21,1130,92,153.12,12.25,165.37,70.24,998.03,1.46,473.30,355.55,1089.95
2458108,68677,17878,50288,484642,3603,29638,5,35,1131,92,1723.94,137.92,1861.86,25.53,348.08,1332.85,349.23,444.01,303.87
2457611,67340,554,25505,835164,4790,42336,2,14,1132,64,603.63,48.29,651.92,87.61,254.52,529.66,287.71,491.17,947.77
2458202,30406,2415,45882,41017,1220,15234,9,16,1133,72,1670.65,133.65,1804.30,92.99,524.96,241.62,88.04,347.31,1355.85
2457315,45026,15377,69805,1052594,1573,42096,11,8,1134,93,1783.31,142.66,1925.97,42.70,226.73,672.68,125.17,74.40,740.48
2458273,70247,13677,20958,1001074,5973,17748,4,7,1135,38,561.74,44.94,606.68,85.73,958.53,74.52,424.62,120.53,1016.69
,54472,9114,26913,1774160,4441,4942,10,10,1136,79,1356.84,108.55,1465.39,86.29,112.48,1046.50,187.95,338.25,1304.28
2457944,38853,13858,67026,1860599,1804,23744,4,32,1137,49,1631.08,130.49,1761.57,13.96,859.46,920.92,422.22,129.02,672.33
2458245,70280,6675,1035,515567,6288,8411,11,20,1138,84,46.88,3.75,50.63,90.67,100.12,3.67,43.09,431.48,119.58
2456895,57981,15501,20627,1527138,2690,4622,4,9,1139,96,1168.09,93.45,1261.54,23.44,449.95,271.28,423.61,434.58,246.58
2457126,56736,12295,54518,587413,2987,30593,12,15,1140,8,1460.39,116.83,1577.22,19.46,666.74,627.56,187.51,313.69,206.87
2458346,64039,3546,31551,677425,4486,23347,6,25,1141,23,1433.79,114.70,1548.49,98.02,914.60,206.64,130.41,436.33,47.89
2458395,32578,8370,43462,412199,6559,20209,2,7,1142,48,1401.58,112.13,1513.71,89.41,432.16,1107.13,405.53,349.84,1132.87
2457060,31178,8585,45202,1453948,4548,4162,11,32,1143,40,1704.96,136.40,1841.36,71.77,989.99,1394.84,41.01,243.41,726.99
2456926,50456,4266,74033,397433,6008,17820,3,17,1144,29,1479.19,118.34,1597.53,78.00,947.59,937.71,5.93,355.68,6.34
2457879,46217,9140,1981,1324772,2457,29687,11,3,1145,60,853.99,68.32,922.31,53.96,479.08,60.17,276.51,150.95,330.52
2457290,73079,9139,29733,1803915,6381,6324,3,25,1146,31,532.35,42.59,574.94,27.49,526.55,50.62,294.89,243.77,1327.49
2457217,71408,9029,44841,453023,2636,31526,1,11,1147,61,1827.66,146.21,1973.87,93.48,408.48,1817.84,96.65,362.71,70.08
2457917,32576,10780,72257,978953,620,29735,11,27,1148,95,489.68,39.17,528.85,16.47,347.33,258.64,345.84,147.84,1227.50
2457642,60726,15482,2814,1871240,6014,41443,10,,1149,78,33.75,2.70,36.45,95.98,117.45,8.12,225.12,29.94,753.49
2456945,71552,7878,56132,397052,2380,36682,10,11,1150,90,1840.28,147.22,1987.50,95.94,387.65,872.43,11.75,129.75,1304.22
2457984,68523,4325,84510,1175269,2237,7904,5,24,1151,93,1351.95,108.16,1460.11,83.15,808.43,258.71,177.64,121.79,794.41
2457751,41455,780,64842,1229680,416,38094,8,14,1152,63,305.53,24.44,329.97,92.29,165.76,88.33,445.66,392.10,218.12
2458375,64805,2650,36508,993494,6574,17437,5,6,1153,1,424.22,33.94,458.16,78.81,882.37,131.82,206.53,1.39,216.27
2457157,42704,17015,,1390866,4733,18538,3,9,1154,50,421.29,33.70,454.99,77.45,449.05,5.52,123.20,245.98,1270.07
,71172,15400,95465,707631,2987,7170,11,24,1155,66,1161.68,92.93,1254.61,50.38,968.22,25.24,228.03,478.30,1180.98
2458413,43552,2423,9336,1611904,5805,47761,6,7,1156,6,145.47,11.64,157.11,35.06,534.86,46.43,328.55,156.60,1391.56
2457704,69749,10098,28498,1655233,728,19116,4,20,1157,42,80.99,6.48,87.47,87.82,820.25,15.41,23.33,317.27,1227.33
2456894,42600,12901,14237,494984,1411,25643,7,16,1158,57,1259.35,100.75,1360.10,50.88,402.16,1030.00,383.65,434.66,666.89
2457304,73625,12995,67435,977023,6721,4938,1,,1159,4,1449.87,115.99,1565.86,62.46,308.67,1390.81,422.30,58.67,1146.21
2457028,47085,3142,80346,1657572,1720,2627,6,28,1160,26,750.38,60.03,810.41,77.99,165.82,40.45,176.77,406.77,815.11
2457233,52478,13803,95440,1635283,4199,33924,12,18,1161,16,733.18,58.65,791.83,50.41,469.62,654.94,308.18,439.66,1307.80
2457052,46161,11289,70751,1142141,6086,10837,8,26,1162,17,1556.19,124.50,1680.69,97.57,230.03,993.66,495.67,396.24,283.38
2457759,66051,13145,55941,620667,5499,31227,5,15,1163,54,792.91,63.43,856.34,32.56,83.09,731.44,334.80,428.19,1252.11
2457112,36671,7956,59370,506497,3782,11362,5,18,1164,28,495.38,39.63,535.01,49.28,110.32,7.82,416.14,33.90,1198.01
2457466,35019,5308,26837,1687160,2466,18991,4,30,1165,77,682.45,54.60,737.05,50.28,212.22,390.30,242.05,280.15,1457.80
2457507,68798,17456,17671,1402741,4040,29170,12,31,1166,32,1950.38,156.03,2106.41,19.89,846.05,339.55,328.17,452.69,151.28
2458367,51753,6979,37962,1341521,3481,4379,9,13,1167,85,632.85,50.63,683.48,83.12,893.14,466.26,88.19,163.66,1047.98
2458296,54401,1014,94729,387792,2534,23815,6,31,1168,60,484.57,38.77,523.34,32.08,760.28,41.95,228.12,471.53,1065.45
2458023,44129,9965,3153,1143242,3603,1596,9,24,1169,43,426.53,34.12,460.65,30.45,596.33,121.78,13.63,454.45,1180.46
2458192,67704,1835,63435,957701,422,8077,4,22,1170,97,634.81,50.78,685.59,90.61,685.04,487.11,462.49,20.08,263.92
2457588,67885,3796,76214,675508,3544,29827,1,34,1171,82,296.58,23.73,320.31,48.54,965.88,186.57,324.41,171.82,480.90
2457009,40643,13462,45646,1336555,5694,35714,7,7,1172,22,861.87,68.95,930.82,62.11,514.06,269.65,362.84,156.97,611.02
2457363,40094,4520,13529,1572724,2716,39885,6,6,1173,75,1465.68,117.25,1582.93,46.20,6.25,1076.73,324.53,257.22,1108.79
2456893,47073,12205,4551,1905299,6099,36952,4,20,1174,72,247.12,19.77,266.89,19.56,738.70,111.98,135.20,275.54,687.73
2456807,67425,15296,71432,142585,4330,32051,10,23,1175,66,852.69,68.22,920.91,13.64,853.43,665.30,161.05,412.87,1250.68
2457800,35284,11925,37254,215273,6015,34580,4,2,1176,79,1462.87,117.03,1579.90,50.86,754.32,241.74,26.70,328.07,175.41
2458030,67858,13639,86952,327759,68,8861,5,2,1177,29,1226.68,98.13,1324.81,40.24,421.52,631.25,154.43,172.45,619.59
2457991,30118,9315,38071,1270686,6429,49090,9,6,1178,94,1101.17,88.09,1189.26,78.37,169.64,897.05,131.04,157.05,492.91
2458276,48570,15249,71275,1616659,5307,1135,10,35,1179,41,604.25,48.34,652.59,10.50,243.97,336.03,486.96,430.08,803.49
2457018,65833,97,34332,1825781,2350,29089,2,26,1180,24,1568.17,125.45,1693.62,2.30,969.44,870.75,110.41,209.07,1205.63
2456913,56260,17025,51739,396561,4848,7958,1,30,1181,92,1061.32,84.91,1146.23,66.69,528.77,475.59,149.35,28.98,501.81
2456968,75557,8091,70706,721603,3199,23373,11,35,1182,96,305.42,24.43,329.85,94.87,62.90,53.58,337.35,137.21,205.41
2457350,42314,13179,50985,1154541,2149,8321,8,28,1183,93,158.29,12.66,170.95,99.96,359.73,77.79,67.79,401.62,977.16
2457310,63552,5412,81201,1790735,4875,29755,8,21,1184,91,641.49,51.32,692.81,26.03,249.07,161.31,305.52,295.00,1025.05
2458140,44174,2812,2703,748826,2802,4909,8,28,1185,71,1798.46,143.88,1942.34,12.88,971.59,1747.56,297.22,424.80,555.83
2457150,56041,9011,42509,671459,4154,27149,2,35,1186,56,473.91,37.91,511.82,29.13,356.55,277.56,248.27,339.63,179.68
2458422,31506,7520,44548,349886,1116,13302,5,5,1187,79,1115.72,89.26,1204.98,70.10,915.19,308.53,288.29,333.21,127.37
2458126,37863,104,90003,1018767,5384,39831,9,13,1188,13,300.70,24.06,324.76,35.26,351.43,163.34,302.25,161.71,21.44
2457428,59937,15153,4340,752339,58,34359,4,3,1189,38,1872.16,149.77,2021.93,17.92,879.05,343.59,320.32,404.73,379.38
2457039,73930,12212,32775,1347855,2387,30105,9,20,1190,75,1975.99,158.08,2134.07,48.00,609.55,1695.11,373.55,384.51,1421.45
2457286,62752,14576,8820,963822,1224,41033,6,6,1191,39,1791.88,143.35,1935.23,38.00,678.42,1165.77,481.78,32.21,195.56
2458148,44605,17916,96136,278066,3627,27838,10,19,1192,77,210.73,16.86,227.59,9.10,15.22,112.06,124.87,266.68,1184.24
2458276,51434,705,82708,624737,2814,31528,7,29,1193,35,1189.18,95.13,1284.31,54.72,971.45,433.35,350.54,371.76,1439.01
2457232,73774,17221,22504,918329,2727,3834,10,12,1194,73,1377.64,110.21,1487.85,92.44,842.98,1032.47,412.56,436.47,990.18
2457177,30357,16949,61235,453993,5668,49020,10,23,1195,98,806.98,64.56,871.54,1.03,843.38,352.55,340.95,290.20,1106.49
2458154,38125,2083,57645,685971,3511,43797,6,,1196,35,1628.65,130.29,1758.94,17.59,359.44,1610.50,18.19,457.40,379.31
2457139,49829,12625,62116,701559,2845,44816,7,11,1197,64,1791.64,143.33,1934.97,77.04,252.88,383.79,390.34,28.96,299.27
2457529,54228,731,91837,1106883,2822,38072,7,30,1198,3,134.29,10.74,145.03,84.61,693.32,69.22,177.83,497.10,880.40
2458419,41750,283,30078,1909408,4952,8265,5,11,1199,69,703.61,56.29,759.90,18.85,296.53,654.51,30.16,297.12,1488.38
2457526,72118,15442,33577,1528040,1772,4181,7,3,1200,11,1290.36,103.23,1393.59,87.33,998.31,674.86,439.93,50.26,654.20
2457260,45363,16638,5479,1216937,6181,5267,12,21,1201,11,873.00,69.84,942.84,34.03,186.32,281.43,297.75,335.34,1349.07
2457971,64189,3189,90265,482162,1446,14278,3,22,1202,48,1671.10,133.69,1804.79,48.24,903.61,714.01,297.40,277.24,626.45
2457340,56657,11399,62207,1580344,4913,45242,2,12,1203,9,1351.83,108.15,1459.98,72.23,244.23,580.61,15.11,265.90,366.79
2457398,34028,4720,69167,92099,5568,33814,4,27,1204,59,1716.03,137.28,1853.31,19.73,566.27,1715.45,163.38,124.73,194.31
2457391,29387,9608,1582,1059125,1556,1988,6,8,1205,90,1621.02,129.68,1750.70,22.57,292.69,215.77,312.56,242.90,975.28
2457705,61245,10148,41223,1427618,3169,11672,2,5,1206,68,292.95,23.44,316.39,70.17,505.42,175.99,445.50,199.77,1345.96
2457218,31805,16795,39561,1608684,1694,40910,11,33,1207,43,624.69,49.98,674.67,44.70,954.47,524.94,163.43,451.80,301.30
2458160,40350,6069,7611,1829475,5889,36801,4,19,1208,89,1462.02,116.96,1578.98,25.04,600.88,813.23,207.47,448.71,1194.23
2457633,57735,11515,81580,776495,2742,28728,2,6,1209,65,303.31,24.26,327.57,13.33,44.70,239.50,99.61,230.03,313.03
2458378,73404,947,64009,1305306,6418,2556,7,7,1210,62,1614.99,129.20,1744.19,17.72,45.80,1458.49,243.80,79.57,1409.66
2457914,53173,5660,23267,572570,5639,22467,4,19,1211,58,614.20,49.14,663.34,49.25,284.83,432.37,482.23,495.97,57.85
2456985,43165,14712,98227,762969,1605,14124,12,26,1212,92,1022.27,81.78,1104.05,6.24,699.72,648.66,300.07,85.73,433.31
2457612,74446,7454,73157,850566,2879,4047,3,20,1213,44,1708.14,136.65,1844.79,29.28,974.91,1455.68,39.23,348.89,1217.99
2456747,61726,15552,,1360567,335,14373,4,33,1214,15,1085.63,86.85,1172.48,51.59,537.61,1028.28,470.10,255.01,1053.83
2456765,60928,13176,27322,812480,6826,7813,3,1,1215,39,585.55,46.84,632.39,2.24,462.48,400.79,270.30,183.42,548.69
2457756,74590,826,37417,3602,6388,35146,2,7,1216,64,1954.13,156.33,2110.46,47.30,834.66,1599.60,296.14,1.65,297.48
2457304,42798,6847,85922,1598479,6777,35618,2,25,1217,53,1948.14,155.85,2103.99,40.60,753.04,864.61,489.81,83.97,1492.35
2458032,63130,2864,91312,1298481,3345,8873,5,16,1218,21,1946.27,155.70,2101.97,54.70,819.25,806.27,166.66,365.78,27.20
2458426,51116,3004,36867,877327,2493,25831,1,27,1219,91,1502.08,120.17,1622.25,39.83,219.86,598.37,235.20,316.22,495.38
2457064,44685,661,86297,890662,3086,83,6,4,1220,62,782.26,62.58,844.84,91.32,978.76,514.88,17.06,67.87,461.84
2457287,65114,14347,87446,229985,3751,39026,1,23,1221,51,1283.75,102.70,1386.45,79.23,304.85,732.53,410.25,110.67,93.99
2457872,64474,13322,39417,1107556,4011,32658,4,34,1222,18,1583.80,126.70,1710.50,69.84,879.86,494.50,171.50,199.40,1056.27
2458336,68169,16915,85771,1742796,4686,29709,6,29,1223,93,588.51,47.08,635.59,91.54,596.23,194.91,325.91,108.28,1251.95
2456956,51197,14986,53373,574835,5001,17953,11,35,1224,41,1575.95,126.08,1702.03,71.43,495.03,887.75,219.85,467.28,1195.14
2456962,45136,1467,67982,480334,3625,10586,1,29,1225,43,1525.59,122.05,1647.64,36.51,712.51,1356.47,300.48,209.76,717.51
2457864,75089,12436,26863,1201223,6534,5512,3,18,1226,3,1977.81,158.22,2136.03,2.42,591.82,348.60,94.18,399.89,1265.99
2458183,45950,5356,65451,404806,2213,39073,2,18,1227,35,1098.20,87.86,1186.06,42.87,906.79,238.36,328.17,439.48,1082.70
2457102,71069,10481,63774,926846,1107,28010,12,,1228,12,545.02,43.60,588.62,1.82,471.35,288.84,58.65,238.84,7.66
2456824,31946,1773,54743,1431009,2169,27948,8,16,1229,83,1994.15,159.53,2153.68,2.13,564.14,189.88,496.28,162.63,1372.28
2458022,54175,14114,98852,1092331,5513,47846,10,11,1230,81,450.44,36.04,486.48,31.80,311.28,139.47,134.63,94.54,1032.99
2457779,29373,2845,67109,1028799,6420,41360,6,26,1231,45,1999.63,159.97,2159.60,38.15,582.58,446.79,191.77,155.35,837.01
2458318,62084,17292,19013,1411933,5157,36751,6,29,1232,26,1492.26,119.38,1611.64,36.95,187.47,1459.44,416.52,8.92,852.21
2456976,42840,11677,89683,168742,5297,10809,5,17,1233,65,759.50,60.76,820.26,78.43,968.35,658.85,239.71,222.37,203.40
2458414,30066,11987,11840,1460994,5283,8898,9,22,1234,23,1397.07,111.77,1508.84,19.88,867.56,1046.93,219.24,82.46,1096.02
2458310,56900,13873,2880,403296,4388,26439,12,17,1235,33,1557.83,124.63,1682.46,12.63,62.54,892.03,367.08,126.75,1050.68
2456879,37753,11911,71316,55154,6309,18851,7,30,1236,16,584.66,46.77,631.43,46.30,619.15,184.50,412.08,475.43,1246.98
2458009,74227,6805,58876,353653,3753,26430,9,,1237,46,173.77,13.90,187.67,10.84,679.88,149.79,367.59,41.43,1315.47
2457784,43589,13691,14115,603222,1404,49808,1,30,1238,54,1263.15,101.05,1364.20,22.31,473.06,470.38,397.75,244.63,245.94
2457293,29036,75,67351,540886,5670,9996,2,31,1239,11,157.05,12.56,169.61,52.42,370.99,63.06,388.67,195.14,97.07
2456986,41408,4325,11638,299265,2682,19172,6,19,1240,25,1609.48,128.76,1738.24,81.25,8.93,500.84,295.28,354.20,410.78
,47554,2528,47790,47706,3033,21422,1,33,1241,27,495.46,39.64,535.10,11.75,623.12,421.99,115.16,55.76,569.80
2457770,35278,16431,14262,750498,2116,3652,8,6,1242,2,910.82,72.87,983.69,2.36,980.18,444.56,263.86,210.10,1050.57
2458315,35567,10964,7240,577487,106,24347,3,29,1243,64,1689.39,135.15,1824.54,66.37,801.56,330.91,130.34,412.37,123.68
2458443,69511,2446,98695,1108388,1683,34659,7,10,1244,90,521.72,41.74,563.46,65.10,961.70,10.22,264.47,36.25,161.68
2456852,65024,814,94003,42268,2102,15283,4,19,1245,76,454.06,36.32,490.38,55.93,919.26,125.29,302.30,89.88,1453.83
2456942,36452,2837,27476,212556,1915,29317,6,27,1246,18,1111.63,88.93,1200.56,18.84,272.36,940.55,350.75,50.34,1222.80
2457630,43891,3546,17246,1811389,2820,36867,9,33,1247,97,1471.20,117.70,1588.90,88.22,88.92,1282.51,50.08,250.32,1170.32
2458348,44895,1440,75490,946570,5173,9151,3,20,1248,95,667.05,53.36,720.41,1.24,550.80,8.35,60.43,305.57,1292.59
,50987,6632,84765,1298321,4789,16524,11,16,1249,21,1098.95,87.92,1186.87,59.98,711.25,485.20,356.28,47.29,1260.90
2457014,71620,4900,70284,1188946,4712,14388,4,35,1250,86,213.65,17.09,230.74,2.59,613.58,120.27,159.87,328.70,622.99
2457528,69142,13627,94497,1238017,5332,38622,6,10,1251,89,364.98,29.20,394.18,3.18,453.13,338.78,442.51,363.01,0.25
2457058,56828,3232,78165,1704613,2503,16370,4,32,1252,59,676.92,54.15,731.07,73.04,392.61,499.11,388.77,277.19,531.11
2456912,70087,16927,94537,1235056,1924,34226,6,24,1253,13,608.81,48.70,657.51,32.01,10.34,297.52,131.50,189.20,1193.77
2458267,32375,14814,78890,1371740,2764,3990,2,19,1254,63,800.95,64.08,865.03,13.29,604.79,783.97,70.48,335.96,581.62
2457404,44510,3324,67009,416450,6411,36880,8,25,1255,23,787.73,63.02,850.75,35.76,866.63,745.98,497.19,64.68,689.60
2458001,48952,6434,49701,690529,4311,14232,10,34,1256,12,1737.33,138.99,1876.32,50.88,972.22,1263.28,345.34,8.49,156.65
2457761,42170,15005,60978,1458045,4322,39162,3,17,1257,47,1045.66,83.65,1129.31,26.97,610.56,184.89,219.20,223.31,444.60
2457714,50602,2832,5837,67955,2275,28703,3,17,1258,99,1180.21,94.42,1274.63,58.20,893.96,599.05,138.98,434.65,1284.06
2456887,33329,13189,2595,21610,5687,29768,5,27,1259,92,1836.54,146.92,1983.46,18.87,235.17,127.76,451.20,362.24,147.77
2458436,42644,4189,1530,529334,247,9005,3,25,1260,51,491.69,39.34,531.03,11.96,933.88,84.59,174.88,454.04,826.52
2457962,42399,10159,79409,1000019,4938,34977,4,17,1261,8,1117.59,89.41,1207.00,85.80,673.99,998.97,473.32,169.18,91.19
2457465,49114,14145,82828,766068,4494,22592,9,34,1262,49,210.54,16.84,227.38,77.50,515.81,1.49,140.09,327.92,144.89
2457918,64028,10957,34308,536177,5768,34832,3,17,1263,81,227.05,18.16,245.21,54.13,732.79,84.12,43.83,337.59,774.70
2458249,40898,3515,24010,1399464,3467,40350,6,29,1264,24,1792.93,143.43,1936.36,99.99,39.19,995.64,247.16,389.67,1146.08
2457647,42680,13086,26841,1429073,6943,46498,1,28,1265,34,1324.58,105.97,1430.55,62.22,479.73,1030.94,49.44,353.37,809.36
2457761,73637,5395,90207,1741307,5557,2135,3,35,1266,97,1320.41,105.63,1426.04,25.00,725.64,31.13,419.54,55.02,49.81
2457838,72254,9272,94412,150784,172,4594,7,23,1267,88,97.62,7.81,105.43,33.47,859.53,13.48,236.85,494.57,294.20
2458111,45308,4383,32360,1703793,1431,2634,4,1,1268,35,1856.09,148.49,2004.58,41.61,603.07,1413.17,296.95,465.09,642.54
2457961,70124,15394,29574,1094666,1814,5831,8,23,1269,47,229.94,18.40,248.34,79.50,49.68,185.31,128.70,219.93,234.07
2458218,47736,14935,38496,525326,4010,43604,2,24,1270,38,658.93,52.71,711.64,39.78,858.66,312.10,22.70,384.80,717.05
2457686,63893,13709,79420,886062,3591,8208,10,17,1271,13,1476.78,118.14,1594.92,56.26,367.46,714.14,38.75,233.05,1345.57
2456811,33575,4737,87300,1513827,2469,16496,5,,1272,9,1255.00,100.40,1355.40,90.98,118.23,431.20,45.66,418.54,800.62
2458337,66774,8393,60620,1514113,1708,43417,8,3,1273,27,1569.29,125.54,1694.83,84.79,765.46,380.46,329.64,99.48,653.65
2457869,43117,3294,56746,519619,3122,23264,8,19,1274,29,716.41,57.31,773.72,11.36,137.61,473.94,15.45,190.13,850.53
2457232,63896,2594,240,31296,2628,45209,4,11,1275,7,565.79,45.26,611.05,17.91,795.81,304.30,140.45,138.64,1072.11
2458040,38882,12910,33756,374828,5867,41869,9,21,1276,80,1860.32,148.83,2009.15,68.88,49.35,700.45,366.85,17.24,148.03
2458290,36065,275,4414,285856,3377,26833,10,30,1277,75,456.05,36.48,492.53,79.21,914.13,299.12,73.25,471.41,1236.32
2456836,53784,16442,96848,1695612,3779,19163,9,22,1278,84,508.95,40.72,549.67,55.18,852.35,317.63,227.28,241.91,728.79
2458327,48407,15823,94588,932026,3307,46590,1,19,1279,51,1309.10,104.73,1413.83,86.76,412.92,511.17,251.53,463.77,241.34
2457142,42226,1888,43061,1160125,6012,12834,12,,1280,11,873.22,69.86,943.08,33.08,912.55,845.48,340.72,8.53,1005.99
2457759,68955,10658,,570060,2557,8102,3,9,1281,63,1960.53,156.84,2117.37,13.40,895.45,438.05,359.37,447.09,1431.52
2457150,71736,16788,48201,718252,2621,35255,8,6,1282,95,1379.83,110.39,1490.22,66.05,651.37,1085.80,344.18,462.24,1211.85
2457605,63375,9923,37691,428279,4941,45257,8,25,1283,7,715.07,57.21,772.28,7.65,887.92,559.51,254.22,323.15,444.12
2457564,52999,16255,55836,858883,7135,355,9,10,1284,49,1553.46,124.28,1677.74,57.40,573.72,230.49,453.93,382.97,436.78
2457997,55597,9213,65728,955610,755,21618,10,7,1285,76,1364.91,109.19,1474.10,44.68,613.22,135.21,482.94,458.91,530.63
2458464,29071,6878,18964,1041222,143,25580,4,6,1286,7,1262.94,101.04,1363.98,99.67,854.68,350.96,12.70,75.69,857.26
2456970,65982,4578,56923,379901,6125,41679,7,19,1287,77,961.40,76.91,1038.31,78.55,621.39,12.02,196.72,363.56,292.59
2457007,44904,5644,82678,1895805,6910,1286,10,22,1288,3,1573.94,125.92,1699.86,77.76,970.01,519.68,208.92,297.54,222.38
2456811,36947,251,54254,1396624,2929,14521,8,9,1289,32,717.18,57.37,774.55,79.73,343.69,339.68,9.98,468.63,1085.42
2457300,58375,6836,71756,1340032,5285,5757,3,35,1290,33,1802.67,144.21,1946.88,30.88,899.25,1679.40,461.03,235.34,1417.28
2458338,49575,1448,,1066609,4131,31988,1,29,1291,18,841.78,67.34,909.12,33.19,579.94,620.29,203.18,251.36,211.46
2456925,30383,10509,13086,1315643,3429,24586,8,8,1292,87,652.72,52.22,704.94,1.40,748.42,301.87,486.38,165.16,472.85
2456935,60398,5725,75584,638273,5222,30335,7,22,1293,60,1622.20,129.78,1751.98,44.71,891.20,145.54,350.07,187.13,1333.22
2457320,43100,11899,88849,1023161,2993,24464,9,6,1294,99,1008.30,80.66,1088.96,14.77,204.85,476.27,294.84,172.30,432.70
2458437,42689,16904,68334,279794,6888,14318,1,5,1295,9,761.60,60.93,822.53,93.41,137.40,603.89,301.89,74.43,375.28
2457744,71510,12342,88488,691167,4379,4889,11,,1296,12,1304.10,104.33,1408.43,48.45,843.79,1244.69,58.62,45.74,1243.10
2457743,55738,13464,11290,1421252,7065,30863,7,11,1297,33,958.01,76.64,1034.65,83.63,502.47,245.74,108.73,11.24,1194.26
2457690,70120,5063,18352,1869024,5693,19609,9,17,1298,36,279.15,22.33,301.48,63.99,258.04,264.45,485.29,232.31,838.87
2458401,34765,11972,64030,1466050,1816,34424,11,20,1299,23,1652.60,132.21,1784.81,29.23,409.86,1648.84,334.91,124.18,475.16
2457122,34886,883,88606,1241155,4090,2717,10,24,1300,67,1775.36,142.03,1917.39,36.74,283.76,894.29,487.32,32.10,362.33
2457094,44318,2679,39548,1902403,4503,13610,9,1,1301,67,602.07,48.17,650.24,29.93,513.45,491.94,6.66,80.49,1049.54
2457608,49457,9925,4174,613061,713,34383,5,3,1302,45,1210.79,96.86,1307.65,87.87,315.08,1053.20,471.47,379.92,1069.50
2457544,39305,15977,93132,646079,3727,18431,1,15,1303,34,1822.68,145.81,1968.49,31.17,813.84,969.26,0.04,205.23,402.53
2456810,66662,9655,6739,504577,4875,10015,6,17,1304,3,975.71,78.06,1053.77,25.51,338.37,284.66,331.17,196.91,306.54
2457829,43809,2180,70510,1196406,4255,43539,3,32,1305,14,1514.65,121.17,1635.82,48.60,434.28,1013.39,359.43,257.74,18.12
2457198,46481,2714,78874,514493,5246,46289,5,20,1306,94,1180.76,94.46,1275.22,54.41,947.29,769.63,390.74,356.61,233.93
2456936,74942,17173,60557,516331,1113,35725,4,26,1307,62,1195.07,95.61,1290.68,41.64,807.91,242.04,171.87,42.12,1425.94
2458304,66085,8838,97504,1565899,1103,29811,3,35,1308,1,819.79,65.58,885.37,42.29,657.59,605.91,271.19,230.55,135.87
2456920,69384,15162,37593,1333032,4664,14569,6,29,1309,53,3.35,0.27,3.62,32.15,673.54,3.10,440.55,389.60,26.83
2457740,43904,7612,30924,992198,5758,1820,3,13,1310,38,1361.87,108.95,1470.82,70.48,521.41,473.02,278.13,206.48,103.25
2456763,47205,4717,44947,1788757,3233,9262,5,34,1311,27,944.21,75.54,1019.75,97.06,687.56,708.43,199.83,129.77,302.50
2458064,46978,3873,55705,1548179,96,37475,2,30,1312,36,375.86,30.07,405.93,15.59,278.51,335.74,44.83,288.88,1173.15
,62445,9563,38758,816623,1956,47446,6,4,1313,82,222.44,17.80,240.24,93.89,538.55,133.31,427.87,10.39,210.92
2457065,36056,6035,56980,966761,6795,30994,10,26,1314,26,1678.44,134.28,1812.72,46.38,80.00,1154.91,444.31,294.95,1050.92
2458154,69432,13487,83442,1627357,3830,23874,2,26,1315,37,324.28,25.94,350.22,64.04,561.12,253.39,456.05,420.15,426.90
2457285,67580,11420,21387,1260564,2282,37054,4,26,1316,92,977.98,78.24,1056.22,51.45,770.59,644.78,435.13,231.34,1352.24
2457822,62802,5096,50021,193133,1406,44681,11,31,1317,55,1877.13,150.17,2027.30,51.09,173.35,1828.14,190.32,449.05,1033.70
2457001,67038,14847,26596,1919310,5394,14892,8,30,1318,35,173.57,13.89,187.46,12.75,879.12,1.47,350.30,306.42,1073.76
2456819,32295,6892,48325,316571,2963,23770,11,34,1319,39,935.77,74.86,1010.63,57.05,208.01,589.67,268.94,290.87,596.13
2457287,47830,12999,90052,1049270,3425,44395,9,,1320,90,959.60,76.77,1036.37,88.70,681.03,118.50,148.76,483.89,1041.81
2456951,57666,11301,2831,459346,4006,12936,2,20,1321,99,221.53,17.72,239.25,34.99,223.91,33.04,433.90,20.61,252.40
2458006,64952,12296,,1248847,248,23866,11,23,1322,34,1561.60,124.93,1686.53,56.70,728.00,29.13,228.56,257.69,198.84
2457586,75534,12954,47898,1433592,7032,1975,10,6,1323,25,396.76,31.74,428.50,34.60,852.84,190.57,200.55,49.01,754.76
2457299,74334,13868,33353,1130512,3047,26589,1,6,1324,97,1416.18,113.29,1529.47,2.04,684.13,828.45,266.30,87.07,482.91
2457572,41473,14156,4161,1225249,3780,44870,1,27,1325,39,75.88,6.07,81.95,18.07,114.82,10.90,462.12,51.36,1185.91
2457729,42767,7444,19695,1781686,5626,32513,7,29,1326,72,1541.64,123.33,1664.97,93.57,512.93,290.71,330.53,182.29,419.85
2457722,45930,13122,35845,369138,4432,6588,8,11,1327,87,314.06,25.12,339.18,59.77,602.63,259.53,231.93,71.32,1480.76
2458239,54046,2876,63447,1354975,1930,24,5,32,1328,59,340.38,27.23,367.61,33.54,271.96,32.38,158.82,45.39,1470.99
2457211,40834,5602,4067,601659,5933,24043,3,1,1329,62,1756.24,140.50,1896.74,22.65,73.65,96.78,329.60,42.92,1471.99
2457767,67952,3888,75071,1649387,365,1820,11,27,1330,15,425.95,34.08,460.03,97.27,218.09,356.47,94.85,11.97,1152.70
2457499,31471,17164,60219,58757,1212,28905,12,23,1331,81,699.66,55.97,755.63,63.85,691.02,218.04,402.43,114.34,867.60
2458392,31939,17619,31004,1373846,4806,18699,7,32,1332,40,369.97,29.60,399.57,73.52,559.69,305.89,186.23,30.19,70.55
2457547,52552,4763,57802,1290892,342,19258,8,25,1333,42,1803.65,144.29,1947.94,99.91,503.44,1720.86,314.62,293.60,1448.28
2458404,71206,16145,99313,170281,4086,31258,2,33,1334,81,1751.37,140.11,1891.48,69.43,735.30,988.89,36.26,224.13,18.07
2456988,37380,1888,71486,769765,4108,18915,5,3,1335,39,1852.01,148.16,2000.17,26.63,942.95,1463.25,37.03,446.61,956.36
2457394,74617,13211,28909,1402079,6270,12079,7,30,1336,99,1109.08,88.73,1197.81,30.78,575.12,1014.74,495.29,365.07,293.56
2458298,41145,6139,88846,1126234,5116,39856,1,8,1337,3,1862.44,149.00,2011.44,70.52,452.23,190.81,200.94,278.09,494.00
2457384,45890,15249,935,1447799,4026,18638,7,2,1338,54,14.31,1.14,15.45,15.32,827.38,4.47,411.13,283.20,1138.83
2457986,36982,981,50397,781720,3518,29138,1,27,1339,42,629.80,50.38,680.18,62.66,445.33,201.71,99.91,319.43,1436.98
2457813,37927,7861,63923,463273,4654,18065,11,8,1340,9,1711.16,136.89,1848.05,68.53,658.03,1529.42,358.35,155.88,558.36
2457220,54700,9067,80396,661662,4745,12826,8,27,1341,44,401.47,32.12,433.59,53.79,280.76,104.67,137.96,30.27,1233.85
2457715,54255,13485,6488,1486793,2735,12191,3,5,1342,96,400.06,32.00,432.06,14.17,351.38,342.24,62.40,151.44,1043.13
2457102,38315,8827,94927,1317519,3107,45161,5,35,1343,14,1176.94,94.16,1271.10,59.93,650.68,393.17,164.77,245.10,741.87
2457706,63433,8666,51238,972476,4419,47887,12,24,1344,26,985.30,78.82,1064.12,23.79,966.74,731.88,272.04,113.99,979.90
2456997,66448,5054,40161,1867032,4112,13971,5,8,1345,87,834.27,66.74,901.01,40.96,441.58,400.66,306.88,54.39,257.94
2457883,61901,3609,64826,1645796,3655,4789,8,18,1346,59,1057.06,84.56,1141.62,69.64,257.24,1007.50,223.14,321.64,1021.74
2458208,41484,12900,38520,1068794,1543,32928,11,12,1347,30,546.42,43.71,590.13,11.83,557.96,399.15,366.74,289.62,663.13
2458461,52440,7532,2735,927600,2569,3956,12,11,1348,89,218.49,17.48,235.97,71.85,10.81,64.88,24.28,78.30,967.88
2458423,42387,6420,44099,935515,5604,2413,5,26,1349,35,426.22,34.10,460.32,82.64,980.06,319.33,92.66,380.88,480.67
2456768,63975,4619,36261,422238,2312,48387,10,12,1350,35,53.07,4.25,57.32,76.15,957.52,18.82,338.12,333.03,1348.97
2458241,39220,7184,82509,1631531,5429,21301,6,25,1351,70,1381.01,110.48,1491.49,95.46,814.72,825.60,177.27,385.42,747.09
2457114,50036,16449,97068,822636,3087,38547,9,27,1352,33,103.39,8.27,111.66,26.04,98.87,16.38,149.88,154.39,974.62
2458435,67326,1230,121,167072,3222,3294,9,21,1353,41,1213.96,97.12,1311.08,90.83,166.23,992.03,481.09,95.90,1279.95
2457929,58374,1368,8439,382728,2116,4094,1,27,1354,35,1.91,0.15,2.06,24.66,868.68,1.88,338.60,394.01,155.02
2457355,51196,11609,16129,1525309,4936,36167,7,26,1355,43,423.56,33.88,457.44,5.88,339.89,48.65,200.66,452.49,249.45
2457228,70001,5175,7161,1197297,910,35607,7,13,1356,40,943.67,75.49,1019.16,85.61,904.54,94.48,299.80,277.00,420.24
2456938,49092,97,98826,1711774,4973,7857,4,18,1357,91,1317.65,105.41,1423.06,68.97,905.27,1085.44,221.97,310.21,1337.53
,50558,15674,56151,1110813,2655,48686,10,9,1358,35,1790.06,143.20,1933.26,18.28,72.89,176.43,217.89,418.21,549.89
2457689,32033,1405,31739,1038533,2553,32682,5,16,1359,31,1816.70,145.34,1962.04,11.67,217.91,1311.80,123.75,182.89,460.51
2457682,34144,2619,75465,483789,3063,40864,3,1,1360,9,666.70,53.34,720.04,66.49,375.75,264.75,18.27,59.66,366.05
2457719,65629,14546,62356,935143,518,13608,12,24,1361,71,123.04,9.84,132.88,67.99,440.13,115.84,15.07,74.99,811.78
2457026,75472,15218,34497,735468,5542,14290,6,4,1362,61,497.06,39.76,536.82,11.15,619.03,94.82,52.04,141.47,1355.55
2458339,37498,15591,22546,1658392,5402,38652,8,13,1363,92,330.82,26.47,357.29,10.07,675.28,148.67,425.58,385.18,1140.52
2458455,63120,14223,21033,121232,4174,22556,6,11,1364,95,914.10,73.13,987.23,63.12,93.67,845.76,68.70,344.17,673.81
2457158,36177,15703,34176,802393,1689,29032,2,7,1365,51,746.11,59.69,805.80,59.73,144.29,671.74,81.74,292.90,873.19
2457461,51107,12191,,1035706,6970,9996,2,12,1366,95,1820.96,145.68,1966.64,19.11,21.12,970.77,201.96,165.40,982.23
2458179,53473,3073,36290,376593,5252,31635,5,29,1367,13,886.73,70.94,957.67,97.76,463.25,403.85,407.81,237.71,446.03
2457009,34259,13948,18955,1589079,2983,30542,11,3,1368,90,853.86,68.31,922.17,71.27,823.72,683.17,242.74,286.47,606.03
2457995,49698,9057,3343,616805,6066,42102,1,15,1369,73,248.89,19.91,268.80,31.34,520.32,44.97,153.45,489.85,1262.05
2458364,74054,6007,24074,1901544,4970,6017,4,13,1370,40,377.93,30.23,408.16,49.30,370.12,192.12,57.79,328.15,1439.28
2456911,55454,6360,24680,1168134,4509,13127,2,4,1371,13,1104.38,88.35,1192.73,13.25,599.05,1058.38,53.55,304.57,1026.53
2457477,33472,13420,56959,628953,1388,16701,9,5,1372,14,722.29,57.78,780.07,57.00,307.55,193.60,273.64,165.47,814.86
2457933,60341,10641,47889,1128628,5898,4821,9,31,1373,65,1973.07,157.85,2130.92,55.36,423.59,1214.80,102.25,227.45,607.72
2457503,55015,8561,72716,1905858,1967,14883,4,9,1374,97,1066.06,85.28,1151.34,83.63,388.98,872.93,326.61,111.60,860.00
2457171,36281,2423,85686,927097,4477,27047,5,16,1375,20,735.21,58.82,794.03,19.73,394.71,641.26,258.03,495.80,466.37
2458378,45718,9333,61419,1331788,3874,18283,12,29,1376,71,1055.32,84.43,1139.75,40.66,838.99,770.30,343.62,469.50,1410.56
2456876,72339,7604,22720,1725630,5689,31136,2,12,1377,57,1869.64,149.57,2019.21,13.99,224.87,705.07,157.39,266.17,472.38
2457661,47043,10011,63916,1214527,157,24563,2,14,1378,82,917.71,73.42,991.13,2.15,898.32,377.49,185.27,415.61,1115.79
2457475,30029,15446,93318,1305756,7177,13646,2,19,1379,29,1386.27,110.90,1497.17,4.91,734.03,512.02,331.17,207.35,1133.92
2457382,34846,6866,57419,1378709,4892,46211,10,9,1380,37,1354.23,108.34,1462.57,27.23,27.20,205.88,407.75,111.96,774.15
2458381,61334,12225,40455,475241,5595,1526,3,9,1381,71,343.15,27.45,370.60,70.78,269.46,176.08,373.58,495.48,17.70
2456910,63290,8247,55033,1041776,5668,49877,6,31,1382,100,1431.65,114.53,1546.18,1.14,489.79,781.31,96.03,284.50,621.26
2457900,68125,1251,26531,120588,5458,33296,6,27,1383,38,987.36,78.99,1066.35,45.86,624.64,736.93,342.74,236.63,994.43
2457309,43836,12732,22665,1077688,7177,33488,12,5,1384,10,166.76,13.34,180.10,14.85,922.31,26.35,464.24,424.08,481.36
2457986,37359,14542,4809,1267510,4707,39730,7,30,1385,42,297.42,23.79,321.21,32.65,275.30,136.26,481.71,360.87,411.80
2456773,43416,11910,25813,436871,5653,7798,6,27,1386,95,1752.24,140.18,1892.42,93.42,309.00,527.91,271.87,31.69,214.66
2457441,29424,17074,81862,514262,1517,4299,6,3,1387,11,937.77,75.02,1012.79,99.87,873.79,749.66,331.55,461.44,1342.41
2458058,29342,533,15419,656461,3403,49849,6,19,1388,3,1545.90,123.67,1669.57,11.71,506.00,1111.62,226.66,188.59,812.19
2458137,30099,9347,21218,588934,5165,20514,2,3,1389,17,1611.20,128.90,1740.10,54.37,243.56,914.09,436.21,447.66,728.02
2457382,42189,8840,47263,913388,2765,39852,9,34,1390,31,1102.93,88.23,1191.16,24.89,543.36,648.16,96.38,65.71,507.27
2458168,43358,4292,15280,219993,3312,46979,7,27,1391,65,499.03,39.92,538.95,93.85,693.95,110.11,108.21,277.11,957.53
2458067,38702,10872,61660,572097,4897,16688,12,,1392,82,1765.38,141.23,1906.61,50.78,220.97,117.69,177.62,432.42,162.14
2458369,51970,6085,40341,1905317,518,21234,1,30,1393,100,356.34,28.51,384.85,77.04,156.89,352.64,461.62,417.05,1133.70
2456957,35038,10787,98993,312284,6086,48309,3,1,1394,51,4.94,0.40,5.34,89.73,350.29,1.00,131.71,379.96,1225.58
2457694,59773,3297,68601,1875847,5804,9902,2,15,1395,33,507.20,40.58,547.78,74.16,675.25,251.48,205.77,359.20,266.16
2457967,54361,11476,67142,1546790,3547,46288,3,13,1396,78,1059.77,84.78,1144.55,7.42,603.55,497.53,245.54,424.16,666.84
2456823,64577,8554,7487,1689781,5080,2738,2,22,1397,61,983.19,78.66,1061.85,98.88,360.29,945.24,160.89,83.21,526.68
2457593,53213,5598,90820,1053764,1373,7259,10,7,1398,14,1136.19,90.90,1227.09,46.63,760.15,23.60,490.23,139.83,1159.46
2457472,47847,7174,69468,100799,451,38728,2,27,1399,63,1892.19,151.38,2043.57,68.53,412.64,540.87,392.58,117.35,1038.73
2458384,42739,361,31204,604242,2288,13344,9,14,1400,75,1952.91,156.23,2109.14,92.88,781.95,1777.29,279.66,305.79,331.28
2458042,54619,10055,72832,32984,1846,31435,7,2,1401,91,1854.32,148.35,2002.67,76.49,591.34,1222.08,440.95,52.76,781.00
2457443,55758,12006,3431,74288,6478,17434,6,,1402,79,76.60,6.13,82.73,42.37,915.96,8.11,277.54,464.38,1213.32
2457809,40783,13928,32578,1367497,3585,44389,11,26,1403,9,758.35,60.67,819.02,71.39,66.54,426.41,2.49,302.22,218.73
2457286,61045,11581,37726,308796,839,47027,8,14,1404,97,1759.77,140.78,1900.55,51.16,165.52,1089.61,236.81,360.18,156.09
2457994,39872,7901,41678,1712469,56,15777,4,10,1405,82,76.26,6.10,82.36,45.98,764.66,52.56,360.87,83.51,257.48
2458292,40228,13328,33699,288000,3646,36991,10,12,1406,75,1210.90,96.87,1307.77,77.02,970.11,637.62,256.41,446.08,183.63
2457704,60208,15408,66338,937957,4856,46854,1,13,1407,1,1840.29,147.22,1987.51,90.12,160.31,1395.46,259.53,58.17,85.35
2457067,39103,10898,31972,1637367,4098,44132,7,5,1408,89,128.87,10.31,139.18,25.25,311.75,16.84,449.38,148.73,640.25
2457039,62124,8396,49471,449248,1770,12212,5,,1409,37,1298.04,103.84,1401.88,90.25,777.24,111.70,205.63,144.36,990.26
2458182,39261,17111,39693,937271,2052,49036,8,27,1410,23,1972.39,157.79,2130.18,42.30,591.77,1276.46,318.35,80.61,1383.16
2458441,66496,15561,56852,401124,2052,16240,5,34,1411,18,1818.50,145.48,1963.98,39.89,509.29,250.22,271.60,423.73,1297.61
2456854,63788,5408,94760,659859,4115,30551,9,30,1412,60,1548.37,123.87,1672.24,16.25,778.05,420.66,184.01,422.18,1381.01
2457635,64098,12660,10504,1865351,4741,40394,6,13,1413,33,657.18,52.57,709.75,37.61,436.31,593.44,207.38,198.91,170.87
2457586,34473,9716,98008,1766401,6506,43152,1,26,1414,1,1426.03,114.08,1540.11,76.16,533.46,1034.34,334.52,246.19,661.15
2458074,29786,11321,64676,1472623,2353,39141,4,22,1415,54,150.06,12.00,162.06,38.62,276.75,94.11,447.94,343.60,413.01
2457837,48517,3494,22989,467246,2418,23355,10,10,1416,79,1604.09,128.33,1732.42,71.58,344.40,208.78,217.96,256.09,980.20
2457467,30879,7633,64383,19266,599,16438,12,34,1417,7,878.31,70.26,948.57,63.33,149.06,793.92,233.09,51.13,1460.84
2456796,33970,466,25888,1176965,1275,42936,1,22,1418,91,1691.95,135.36,1827.31,16.40,878.52,1016.17,447.63,365.82,167.35
,68867,5813,19849,337357,1343,28287,2,1,1419,81,331.30,26.50,357.80,34.75,158.69,255.88,329.03,396.55,1354.15
2457646,57555,10649,98091,458926,6633,48854,6,27,1420,46,1036.19,82.90,1119.09,17.59,204.02,754.27,278.33,313.89,274.08
2458469,33015,2242,69574,316512,1378,13824,2,10,1421,84,234.53,18.76,253.29,90.76,438.78,184.23,419.26,189.39,560.64
2456836,46104,11784,62437,513222,5739,39576,11,6,1422,19,1663.19,133.06,1796.25,94.05,476.10,601.00,468.18,227.42,261.48
2456913,71064,17322,6620,142594,5595,16979,11,34,1423,23,799.59,63.97,863.56,80.38,239.53,328.43,438.38,425.67,1462.42
2456762,59537,5947,74979,1148545,7076,8269,5,34,1424,100,1834.63,146.77,1981.40,87.91,867.93,200.89,375.40,177.70,962.10
2457654,57292,4060,199,11228,3052,12391,8,18,1425,71,302.58,24.21,326.79,15.50,498.12,242.78,125.16,158.58,1120.38
2457736,36643,6099,21275,67209,1889,24130,4,10,1426,31,355.38,28.43,383.81,82.40,208.56,306.67,31.66,283.86,1462.66
2456991,65118,2339,28071,1788546,3927,39947,2,17,1427,89,1201.09,96.09,1297.18,20.16,886.85,1001.05,130.77,393.24,539.83
2457939,34771,14038,97894,1245891,1197,7339,11,5,1428,51,839.01,67.12,906.13,98.25,870.29,79.70,474.53,446.97,871.90
2457985,44827,2179,36038,1456333,1672,7622,4,2,1429,24,864.49,69.16,933.65,75.34,400.38,464.42,91.28,321.64,64.86
2458103,38270,10067,53487,143714,5435,11464,4,27,1430,31,697.20,55.78,752.98,50.69,805.20,123.71,353.18,330.97,1174.53
2457286,62196,4153,65371,1646358,3080,42096,3,19,1431,98,1382.37,110.59,1492.96,56.62,482.25,1335.80,146.28,440.85,477.93
2458093,43060,14773,8541,1555368,2347,11838,3,28,1432,65,1053.76,84.30,1138.06,28.83,747.47,752.17,51.13,121.26,817.96
2458167,66068,3305,80558,796916,2672,1561,8,11,1433,5,1950.99,156.08,2107.07,26.06,702.11,1513.40,303.57,345.20,369.38
2457176,41185,8443,94552,1823322,4889,9803,4,31,1434,32,1284.12,102.73,1386.85,63.80,612.00,1113.53,386.73,355.80,1454.88
2458133,66821,7987,52367,1609068,6729,23881,11,22,1435,89,578.19,46.26,624.45,89.35,624.95,446.30,301.48,219.61,54.82
,45276,15042,32271,294917,2787,48577,10,13,1436,30,623.73,49.90,673.63,26.13,245.33,141.55,99.11,32.84,1086.96
2458158,45143,8433,79956,470582,6850,3820,11,26,1437,27,156.39,12.51,168.90,77.18,357.97,50.05,350.74,428.02,677.60
2458171,68266,3139,39797,1048294,3900,2920,11,29,1438,13,746.78,59.74,806.52,77.95,304.64,393.44,150.43,17.21,1193.34
2457904,56446,1622,27087,613571,5190,34070,11,7,1439,77,1229.18,98.33,1327.51,80.29,251.01,516.05,108.32,326.03,1327.36
2458391,61566,2046,20437,1107548,6195,29575,7,12,1440,11,1328.84,106.31,1435.15,15.07,316.70,234.00,165.39,370.25,1031.90
2458227,37625,13281,99826,24388,6378,20605,12,4,1441,8,919.23,73.54,992.77,43.74,992.03,812.71,429.09,490.61,639.50
2457780,30644,15555,5103,1016747,6311,28486,6,17,1442,89,1526.17,122.09,1648.26,69.99,671.31,973.07,258.82,128.66,583.60
2458382,74031,2114,63228,1613648,4078,22844,11,33,1443,88,896.44,71.72,968.16,34.96,179.98,797.10,16.47,294.17,1393.75
2458455,57806,9994,48156,734949,4901,29894,6,23,1444,76,383.14,30.65,413.79,21.15,101.68,216.40,424.37,458.03,404.00
2458316,43075,4180,87115,1516065,663,32581,11,23,1445,73,1561.51,124.92,1686.43,47.83,639.06,1059.66,13.59,131.13,669.37
2456829,63486,2994,36306,1891539,72,48966,9,32,1446,47,114.70,9.18,123.88,21.13,363.61,9.11,11.95,163.51,161.73
2456746,72879,5974,12711,1867537,918,46894,8,15,1447,20,126.37,10.11,136.48,88.55,372.99,115.62,101.08,213.09,1396.27
2457562,39231,6274,79965,141437,4856,29295,7,17,1448,49,1942.83,155.43,2098.26,94.74,384.13,949.29,79.60,446.10,805.03
2456855,38744,12177,92744,216870,1314,39125,10,35,1449,58,1369.76,109.58,1479.34,43.68,618.41,402.30,336.14,217.76,941.48
2456860,56600,13319,28626,887768,5717,25310,3,2,1450,93,786.15,62.89,849.04,91.78,745.84,89.13,349.72,288.94,555.29
2457452,61258,1563,45284,495973,766,5587,7,27,1451,44,130.78,10.46,141.24,84.60,227.88,29.38,178.70,445.60,1480.33
2458453,73325,14868,67272,1861142,1519,30212,12,1,1452,93,1801.93,144.15,1946.08,1.78,599.29,1408.38,416.51,370.99,266.99
2457227,45462,5528,31191,491622,3130,35739,2,19,1453,97,448.96,35.92,484.88,11.06,220.82,412.91,426.25,35.67,480.88
2457262,73247,1842,67737,492191,5800,17339,11,2,1454,16,314.39,25.15,339.54,9.54,41.35,300.90,84.54,319.85,214.18
2456901,30030,11815,43296,942964,3352,21311,10,28,1455,52,1363.94,109.12,1473.06,55.57,71.88,951.18,92.93,462.62,1385.42
2457445,59832,11549,85348,647405,1477,2954,11,28,1456,4,1357.53,108.60,1466.13,27.02,731.99,451.99,390.77,418.26,4.60
2457350,59092,4604,31557,37451,2153,39697,10,9,1457,8,146.95,11.76,158.71,18.27,591.60,18.47,378.91,355.73,404.57
2456746,72062,4112,16943,1495718,3183,9218,7,18,1458,79,1387.00,110.96,1497.96,31.66,344.58,631.39,291.18,218.52,174.73
2458204,63985,3332,80683,1742823,2998,4020,2,7,1459,52,1153.16,92.25,1245.41,6.37,63.32,1106.40,233.46,156.33,1010.97
2457745,58957,17167,98348,6364,5893,22529,1,35,1460,13,932.93,74.63,1007.56,82.30,116.75,49.72,143.76,229.91,853.60
2457149,52514,12836,28020,1566581,3786,24659,11,19,1461,61,1071.12,85.69,1156.81,93.70,680.86,548.55,193.14,227.74,96.26
2458052,39922,6797,94347,1849905,1628,10818,1,26,1462,10,951.81,76.14,1027.95,42.73,542.32,829.29,422.74,221.45,1278.96
2456949,71075,8404,41925,1774331,2576,34045,7,3,1463,24,1119.53,89.56,1209.09,23.93,312.55,331.14,349.58,128.50,38.18
2457199,62899,13025,88221,1181191,1000,45483,2,10,1464,3,431.42,34.51,465.93,14.89,952.48,176.16,409.44,206.12,375.00
2458351,65780,10240,90519,1538909,2665,11420,2,22,1465,85,1588.74,127.10,1715.84,93.41,672.49,180.28,128.36,445.71,989.51
2457454,66964,7117,53560,1909475,4652,9458,1,26,1466,5,786.64,62.93,849.57,71.43,633.44,685.77,124.48,213.12,1423.18
2457524,59685,9714,9862,1132364,3940,49410,7,10,1467,77,1732.66,138.61,1871.27,69.94,428.69,1117.10,104.08,420.50,732.74
2458056,45904,12953,38262,1368762,3189,2805,5,23,1468,5,471.95,37.76,509.71,37.65,522.65,289.63,463.59,336.64,36.59
2457292,31846,9850,10556,1331242,1987,10431,3,21,1469,17,680.39,54.43,734.82,21.96,404.22,601.50,77.41,263.39,49.59
2458125,60051,4650,98832,1809354,6992,35702,4,33,1470,81,1157.07,92.57,1249.64,84.59,863.31,1028.06,87.40,453.04,1004.05
2456886,40935,2192,71473,1431611,3217,2270,3,35,1471,48,304.34,24.35,328.69,24.37,301.71,11.34,310.90,344.33,963.54
2457774,44410,13391,56728,1429145,85,8607,3,19,1472,100,1244.38,99.55,1343.93,97.94,299.10,173.60,485.86,69.15,1325.34
2458239,62945,16743,20151,126394,1391,43233,10,3,1473,78,1782.95,142.64,1925.59,58.25,54.05,203.81,13.13,249.63,813.08
2458278,75164,14110,21695,1003677,304,12005,9,22,1474,86,145.18,11.61,156.79,45.96,500.54,42.68,115.64,443.47,973.74
2457564,57832,311,15039,1916375,121,6705,4,14,1475,49,517.50,41.40,558.90,51.20,774.11,487.00,32.46,360.25,35.51
2457104,70243,7343,29425,35490,1952,36100,2,9,1476,53,754.02,60.32,814.34,29.14,94.98,99.77,437.52,15.45,1131.47
2458385,50049,2567,,835453,2349,33598,2,2,1477,60,1683.97,134.72,1818.69,70.05,24.24,983.98,211.58,73.35,614.10
2456987,65311,4357,97223,1020522,532,44442,12,27,1478,67,224.52,17.96,242.48,51.20,116.80,36.64,486.27,357.99,1400.35
2458248,69708,13361,41444,413587,664,23560,3,18,1479,28,186.73,14.94,201.67,9.82,82.94,180.59,92.39,206.64,669.95
2457578,73215,7044,39310,1164003,3457,9665,9,10,1480,59,676.52,54.12,730.64,20.27,598.74,410.45,12.23,74.34,356.33
2458440,73367,16305,99032,1359491,1339,8366,2,31,1481,27,457.98,36.64,494.62,55.48,78.21,158.14,315.97,273.27,1413.77
2457976,50270,15843,36402,734238,7178,41006,9,30,1482,88,672.34,53.79,726.13,62.36,302.74,216.61,213.88,379.62,1230.09
2457630,71107,16564,45655,1462248,2331,28682,3,24,1483,65,1706.49,136.52,1843.01,25.44,690.63,669.70,426.58,23.94,956.81
2458130,40847,11149,48115,694982,470,44144,8,,1484,30,253.00,20.24,273.24,79.17,805.75,169.12,298.71,168.71,1140.99
2457960,73462,418,70642,1780531,3969,42419,9,17,1485,18,88.03,7.04,95.07,97.95,345.86,30.17,411.26,430.56,1249.00
2457425,47564,16271,52923,249377,3675,1341,11,18,1486,92,1171.00,93.68,1264.68,20.65,522.90,519.06,396.46,262.65,403.76
2457400,59182,10242,50169,304234,5697,43881,8,28,1487,11,954.28,76.34,1030.62,45.87,691.88,913.03,251.19,442.31,1356.59
2457199,57916,347,44676,1809209,6019,35551,11,14,1488,22,236.24,18.90,255.14,75.47,870.49,128.31,384.14,479.98,656.43
2458113,65117,2444,6882,265721,2336,13704,8,11,1489,67,1858.77,148.70,2007.47,40.30,847.36,953.98,184.16,237.99,775.26
2458098,40932,840,70762,612303,6785,37426,7,21,1490,57,588.33,47.07,635.40,1.38,141.58,274.29,258.19,422.39,1214.27
2456768,61068,9866,76363,318265,1715,22742,10,28,1491,97,355.80,28.46,384.26,72.97,780.00,354.69,35.19,268.82,1408.24
2457738,50464,17563,22650,291041,5026,9320,3,12,1492,92,577.78,46.22,624.00,19.48,616.69,425.86,22.19,185.10,462.20
2457323,46000,6354,99436,416661,1951,48334,2,33,1493,94,181.59,14.53,196.12,38.70,706.00,143.14,278.39,55.91,908.26
2456786,52539,2634,93602,1323529,530,39110,2,21,1494,45,238.87,19.11,257.98,29.98,456.17,148.12,473.23,123.39,17.53
2457657,41012,14001,80532,1826688,1799,3442,11,12,1495,70,1187.93,95.03,1282.96,2.48,57.96,1057.53,418.79,180.36,1239.24
2457812,70814,3264,89936,256590,4599,25972,2,10,1496,63,1519.94,121.60,1641.54,50.91,56.44,413.38,425.30,153.98,194.31
2458469,70322,15588,67529,1503925,5177,36222,6,14,1497,36,1598.97,127.92,1726.89,46.42,268.32,1176.68,427.98,137.79,1482.91
2458071,58410,3148,63011,378193,3433,4671,9,20,1498,12,496.07,39.69,535.76,59.97,88.54,280.85,147.15,351.80,1360.29
2457929,60707,9051,74401,1450929,2219,36130,4,23,1499,84,1556.08,124.49,1680.57,91.89,836.68,79.44,399.28,486.42,667.45
2457763,58453,2028,79563,1137336,3271,17573,2,10,1500,11,867.77,69.42,937.19,35.32,796.27,678.45,430.58,250.00,201.28
2458140,73299,15453,51802,607121,1107,47278,6,28,1501,76,1582.84,126.63,1709.47,56.93,63.40,1052.56,35.24,49.73,800.02
2456883,44955,15107,53874,276407,3685,6525,12,26,1502,86,146.70,11.74,158.44,16.62,598.77,115.00,247.95,181.80,407.10
2457112,31673,8020,74006,1753866,3533,32532,11,29,1503,84,1290.53,103.24,1393.77,89.13,194.37,738.32,459.26,244.07,1369.05
2458267,67295,1173,45087,615130,4339,41476,1,16,1504,16,1123.66,89.89,1213.55,13.83,403.25,886.23,231.52,348.19,866.46
2457356,65331,9736,84982,1294918,6160,37922,12,34,1505,98,943.21,75.46,1018.67,14.90,94.71,647.06,344.10,34.99,1404.47
2458464,32009,13087,58759,1778316,6473,6471,9,14,1506,10,1731.69,138.54,1870.23,9.07,459.91,333.35,117.34,158.55,439.51
2458414,66960,15108,47710,1746567,5789,5268,2,27,1507,96,371.36,29.71,401.07,46.91,704.43,94.79,426.65,329.37,109.76
2458078,56934,5569,28183,1783496,4522,40825,5,9,1508,62,1870.78,149.66,2020.44,1.68,123.40,1728.08,83.15,266.40,986.40
2457461,69970,7050,53508,554917,2460,49243,11,27,1509,86,1594.35,127.55,1721.90,95.69,709.09,752.82,306.90,187.24,472.59
2457823,66752,3420,88843,341804,5008,12376,9,34,1510,20,876.87,70.15,947.02,27.47,857.40,137.66,302.93,410.79,474.05
2457879,34050,7130,43939,752639,284,17583,6,30,1511,40,1452.55,116.20,1568.75,18.79,397.32,357.37,397.63,167.05,724.87
2456992,55364,13258,34655,1761647,1079,27780,3,13,1512,72,782.56,62.60,845.16,87.45,992.50,3.96,190.94,302.11,91.15
2457498,62190,863,83071,590040,6561,36732,2,11,1513,65,883.35,70.67,954.02,83.80,23.84,162.00,24.67,55.15,64.53
2458129,65462,15903,9847,713134,588,18248,6,35,1514,36,782.21,62.58,844.79,16.18,189.83,759.44,221.31,305.36,137.97
2458111,65206,15375,93258,476613,1201,17981,3,19,1515,34,1540.00,123.20,1663.20,68.99,911.07,898.32,167.02,368.21,214.18
2456892,67181,3742,45877,386951,2119,15704,12,2,1516,94,125.27,10.02,135.29,62.51,493.68,47.94,20.00,413.53,1215.38
2457903,37134,15244,74258,1877596,1469,25747,8,,1517,41,1396.25,111.70,1507.95,79.21,869.35,213.79,308.23,388.32,899.63
2458319,56060,6649,23830,65873,473,29536,4,15,1518,25,567.20,45.38,612.58,80.83,321.07,92.21,474.47,205.76,264.50
2457457,31574,1296,82469,1377146,6717,31355,2,34,1519,78,607.73,48.62,656.35,31.87,168.73,464.02,350.22,116.83,646.86
,37610,6633,13770,655053,4877,3299,4,2,1520,38,1549.80,123.98,1673.78,57.70,65.69,1437.31,122.06,306.26,872.11
2457955,37939,10573,39727,1506146,1965,5351,1,3,1521,62,1896.98,151.76,2048.74,96.78,261.62,1173.50,180.60,462.84,0.12
2457727,54585,9168,10396,274493,4342,18032,6,15,1522,87,1874.38,149.95,2024.33,1.38,232.37,718.63,222.52,295.62,57.32
2457151,29904,3826,44693,781840,2939,1822,8,20,1523,11,1939.93,155.19,2095.12,71.43,301.09,735.89,497.80,248.51,66.76
2457155,48036,6980,17765,1060755,3797,8583,6,14,1524,44,1830.97,146.48,1977.45,55.54,612.14,1455.71,0.54,496.13,586.31
2458076,58394,15445,53240,1845740,3404,18941,6,1,1525,35,932.69,74.62,1007.31,39.02,784.94,29.59,418.96,75.66,295.42
2457664,67899,7439,29980,977997,7048,41581,2,19,1526,51,262.58,21.01,283.59,46.07,615.83,28.31,448.46,310.06,245.96
2458353,58112,695,45515,819443,3715,34219,1,12,1527,40,723.35,57.87,781.22,25.45,19.84,476.39,86.91,151.30,635.34
2457283,34013,14242,99704,1583266,2064,16778,7,30,1528,10,1861.57,148.93,2010.50,12.24,530.52,1527.04,119.79,302.51,587.25
2457041,74401,5192,48417,1714916,251,25631,10,6,1529,44,1935.73,154.86,2090.59,0.58,311.50,1028.30,433.80,339.70,1372.37
2456947,65750,17694,78214,1889557,425,31568,12,10,1530,37,537.82,43.03,580.85,5.13,41.41,389.32,106.88,334.40,325.55
2458273,44553,13228,35571,243845,4117,30789,9,10,1531,72,1485.02,118.80,1603.82,20.78,222.04,699.63,416.34,63.76,1069.41
2458431,56009,13977,74973,351364,3999,24436,2,13,1532,12,1247.07,99.77,1346.84,61.69,976.61,254.28,314.24,317.36,29.86
2458456,54229,17221,63092,603941,3948,37223,6,,1533,55,112.31,8.98,121.29,89.97,78.77,53.35,449.27,32.41,653.24
2457899,58206,3212,7488,141868,725,30156,6,6,1534,46,767.49,61.40,828.89,33.61,879.87,485.36,0.60,256.24,53.67
2458444,74762,4780,49617,1292407,4738,44920,1,19,1535,43,637.64,51.01,688.65,63.47,84.34,541.20,207.16,339.84,561.35
2457396,44593,9868,13517,1602844,2178,12057,1,17,1536,18,679.73,54.38,734.11,23.67,1.85,262.34,303.24,389.97,769.47
2457641,42278,14949,82843,1334918,3230,1995,1,32,1537,87,990.48,79.24,1069.72,51.24,602.18,38.50,49.17,21.85,404.02
2457743,73399,12366,25081,814412,4771,13644,1,24,1538,60,1448.55,115.88,1564.43,45.06,477.58,343.25,222.16,239.09,247.62
2456851,37912,12319,81922,1274766,6977,28529,6,12,1539,59,1540.13,123.21,1663.34,15.10,788.96,446.38,480.23,164.39,764.21
2458068,31016,3646,42895,466341,3489,28212,3,6,1540,78,369.35,29.55,398.90,89.61,811.90,106.45,225.09,395.60,1001.69
2458151,51488,12964,81819,1901014,4699,32730,7,14,1541,55,346.65,27.73,374.38,57.38,689.74,314.42,264.56,340.82,87.40
2457285,56963,3546,83549,1270622,3297,48158,8,13,1542,23,175.30,14.02,189.32,72.37,27.13,49.22,410.97,255.96,306.27
2457220,30077,1022,,1351225,3112,48856,5,2,1543,11,1971.88,157.75,2129.63,67.45,245.16,217.99,417.40,460.04,1356.60
2457278,65277,16704,87658,1083829,5309,44905,1,11,1544,10,1069.59,85.57,1155.16,46.54,832.41,317.67,369.78,53.59,219.14
2456766,39502,12429,98262,799252,1867,42971,10,25,1545,97,1179.15,94.33,1273.48,53.04,143.68,186.56,57.78,412.85,1008.41
2456787,65864,12031,90521,1132274,5317,19309,11,31,1546,64,924.09,73.93,998.02,19.41,505.06,370.71,115.10,252.32,1090.23
2457686,72471,8281,97894,1535437,4292,33821,11,27,1547,62,1776.42,142.11,1918.53,24.75,902.74,173.03,76.86,249.43,648.70
2457818,43110,1197,79032,1279834,4429,21230,10,6,1548,58,478.81,38.30,517.11,60.85,347.84,341.23,351.84,191.94,67.22
2457257,38993,5882,37565,536968,1525,35804,1,7,1549,77,1938.79,155.10,2093.89,13.87,783.35,1655.52,420.50,478.10,582.73
2457906,60061,16477,72561,38364,819,44311,7,1,1550,40,1633.18,130.65,1763.83,29.55,372.59,219.07,210.89,421.91,1180.62
2457237,58564,3208,83847,909130,4846,36688,10,14,1551,36,974.88,77.99,1052.87,17.12,558.62,306.96,152.01,267.30,177.76
2458066,32147,4394,19200,1599837,1903,6122,1,28,1552,25,1343.38,107.47,1450.85,14.44,525.16,1010.03,358.89,478.30,1233.99
2457830,50120,7517,40892,1120545,2532,31230,3,9,1553,10,256.41,20.51,276.92,65.79,522.56,14.65,6.56,462.12,881.41
2458320,74137,11101,19635,265886,740,35370,4,22,1554,14,182.74,14.62,197.36,63.54,181.22,27.92,256.48,74.13,836.33
2457742,36559,1966,2697,1193005,41,10079,2,26,1555,92,312.66,25.01,337.67,54.07,962.49,287.99,310.50,356.36,262.44
2457006,51804,2127,5177,125166,4516,8151,1,,1556,14,1136.88,90.95,1227.83,26.15,954.15,660.91,38.40,426.12,809.82
2456944,58770,15643,14321,882881,1726,34804,9,,1557,41,461.23,36.90,498.13,19.51,865.32,272.88,201.38,199.05,21.89
2457370,45968,8971,54040,1616596,6570,25094,4,18,1558,92,1135.87,90.87,1226.74,73.14,152.58,389.44,405.81,153.29,1176.91
2457529,42181,1022,63170,42656,873,39661,11,24,1559,38,161.96,12.96,174.92,90.44,981.83,19.51,104.48,24.37,247.16
2457443,61780,5912,36989,398564,6377,10053,7,13,1560,73,1109.37,88.75,1198.12,57.25,906.42,965.92,465.67,143.00,1005.03
2457387,44094,8151,93169,411277,888,41519,7,27,1561,8,694.69,55.58,750.27,24.85,625.13,88.10,31.32,84.98,1140.83
2457688,34811,792,81701,1144272,3222,26793,7,21,1562,19,1374.96,110.00,1484.96,85.23,562.00,1279.22,176.16,225.01,1192.32
2457283,62580,6219,23469,502378,290,18106,1,,1563,14,473.30,37.86,511.16,43.07,630.36,472.12,354.01,61.56,1331.71
2457287,74042,14521,19738,927366,2802,37223,2,4,1564,62,1546.66,123.73,1670.39,42.64,195.15,1262.69,21.01,267.70,172.27
2457348,64433,3825,22977,1176343,2366,342,5,35,1565,23,471.05,37.68,508.73,62.40,818.82,246.66,343.66,473.32,831.81
2456877,48391,15397,35974,912408,6697,31248,8,34,1566,72,1738.86,139.11,1877.97,4.78,413.41,1404.87,361.84,328.01,281.70
2457673,73308,1856,92798,1400478,5626,49855,6,11,1567,94,296.87,23.75,320.62,57.96,399.70,87.27,466.38,45.89,1491.52
2457025,68109,7407,6294,1744256,1499,10296,12,7,1568,7,762.83,61.03,823.86,22.62,587.47,540.67,83.88,271.24,1100.86
2458301,63601,11148,60304,1065342,6672,48328,10,1,1569,6,539.70,43.18,582.88,64.59,214.79,198.72,231.86,287.02,961.94
2457054,35368,8078,70094,175663,1583,35869,1,12,1570,72,967.08,77.37,1044.45,17.98,550.98,612.22,421.72,327.19,1272.13
2457955,34490,9669,52737,873125,4891,38902,1,30,1571,61,1960.34,156.83,2117.17,1.10,219.31,1153.01,408.24,427.40,1414.53
2457576,62102,13533,9920,1198136,4497,42220,4,21,1572,31,295.93,23.67,319.60,13.17,877.28,153.70,138.79,84.56,851.67
2457880,35691,15156,11033,98878,4675,28961,12,30,1573,41,1337.94,107.04,1444.98,32.50,877.59,886.94,141.73,142.79,212.47
2457286,39393,11835,37960,84051,1485,12323,6,26,1574,53,901.35,72.11,973.46,4.06,390.74,471.08,143.44,413.47,1179.20
2458228,46812,11151,41076,1232789,5142,34760,10,12,1575,18,611.96,48.96,660.92,92.61,445.99,115.37,107.73,337.49,1399.32
2457613,52542,2592,40097,1213252,3802,38169,9,,1576,19,373.25,29.86,403.11,44.52,583.03,321.33,344.48,408.77,102.22
2456914,49296,5778,98745,1204484,7055,20806,6,4,1577,98,1759.59,140.77,1900.36,7.72,270.31,1024.67,130.15,324.13,557.97
2458414,33950,15701,85324,1279622,4245,47600,11,15,1578,59,1210.06,96.80,1306.86,89.29,481.69,859.05,185.12,378.61,697.50
2457897,30619,7659,60352,1852179,2706,31011,10,18,1579,76,275.65,22.05,297.70,17.75,478.59,41.72,444.26,415.77,1385.11
2457889,72536,8423,76855,721910,1364,12261,1,6,1580,97,161.72,12.94,174.66,32.45,607.44,62.05,161.02,147.34,1195.98
2458016,38275,1756,89499,903636,6596,290,4,13,1581,74,1783.88,142.71,1926.59,70.86,490.18,428.06,394.36,354.10,1195.99
2458176,53577,8133,85450,225735,497,6172,4,10,1582,80,516.66,41.33,557.99,88.65,525.66,448.02,155.64,332.52,1457.19
2458016,61644,373,94134,13993,7167,46140,4,31,1583,35,468.43,37.47,505.90,90.96,241.85,297.82,430.30,34.34,434.00
2458217,31422,11940,22760,1275649,419,49061,6,15,1584,83,998.08,79.85,1077.93,86.78,886.70,905.33,35.74,206.29,717.36
2457764,64984,8375,355,889533,1384,27928,4,34,1585,32,1525.49,122.04,1647.53,17.10,120.85,1005.16,466.85,491.31,125.99
2456903,50529,15363,2773,315612,5875,18281,5,26,1586,85,113.86,9.11,122.97,73.34,161.70,80.24,251.63,133.46,924.76
2457789,65073,17244,31506,1459118,4395,38181,12,27,1587,24,1009.81,80.78,1090.59,95.27,571.47,84.08,58.92,0.63,315.27
2457026,53124,7151,72759,1793324,2981,8058,5,17,1588,82,1731.97,138.56,1870.53,5.97,208.03,374.90,173.54,279.07,342.86
2457342,74783,8533,34491,1096867,3541,47743,7,19,1589,25,795.02,63.60,858.62,7.38,626.85,574.05,163.16,497.01,944.77
2457705,35746,4742,,220161,5792,33199,7,25,1590,50,739.70,59.18,798.88,74.76,344.82,580.59,132.13,10.24,32.99
2458306,70837,17237,,357525,6577,5999,1,27,1591,54,970.33,77.63,1047.96,53.35,354.57,960.73,430.07,312.88,325.33
2458384,39845,2079,12080,115083,3093,38329,4,22,1592,20,1910.03,152.80,2062.83,25.91,186.39,216.83,75.15,170.26,1135.98
2457491,61438,678,33726,392142,3154,46454,12,24,1593,51,1864.46,149.16,2013.62,15.43,931.56,530.89,380.41,251.27,990.15
2456821,72810,9133,399,1339338,2161,4055,12,11,1594,90,769.08,61.53,830.61,31.08,87.27,700.36,200.39,186.48,511.36
2458387,37520,8830,47618,1540751,2554,10451,3,22,1595,49,102.02,8.16,110.18,44.70,148.74,31.21,210.35,409.14,543.89
2458247,42178,2870,12313,489744,6101,36007,12,24,1596,21,1699.05,135.92,1834.97,63.66,592.72,1427.47,65.62,9.81,1076.65
2457165,55759,7858,22991,1723005,1910,35532,1,4,1597,20,810.67,64.85,875.52,47.54,798.83,264.26,325.71,443.26,1191.45
2457232,53401,804,79906,41217,6750,29207,12,3,1598,54,920.51,73.64,994.15,39.95,120.01,38.44,493.46,369.92,949.80
2457460,35841,5184,88292,1520314,5088,7444,6,34,1599,5,1037.54,83.00,1120.54,1.44,46.01,715.17,322.26,27.12,766.48
2457903,73758,1605,17826,563481,3795,28357,9,19,1600,83,920.74,73.66,994.40,22.71,921.07,369.55,127.22,34.08,703.20
2458159,63221,15482,59021,605666,1839,13260,3,,1601,27,1447.92,115.83,1563.75,38.71,940.98,105.86,160.29,306.15,1251.30
2458125,49625,11207,1042,1279347,2847,10721,7,32,1602,36,1816.81,145.34,1962.15,31.40,439.89,1021.58,124.36,481.07,334.47
2458247,47816,1201,70264,645198,5387,33185,1,13,1603,41,1192.48,95.40,1287.88,67.00,640.89,440.83,482.84,256.73,867.07
2457793,35841,8220,40032,1404067,6791,25382,12,21,1604,49,1825.41,146.03,1971.44,47.65,541.17,876.33,112.68,449.78,493.14
2458455,53001,11143,46877,958109,5525,41418,5,20,1605,14,1002.43,80.19,1082.62,87.98,168.51,632.13,229.10,302.31,842.64
2458385,65464,2484,86363,517482,4184,35335,4,30,1606,40,678.84,54.31,733.15,2.17,202.78,120.08,270.49,215.93,1351.78
2456833,56554,14863,25343,1111306,3035,26494,6,7,1607,92,254.07,20.33,274.40,4.79,172.98,18.08,43.38,263.41,925.58
2457463,53928,7516,67500,1634230,4359,12649,11,3,1608,82,591.73,47.34,639.07,46.53,691.95,1.11,466.23,175.38,211.49
2457318,70519,6488,,541124,6086,29534,5,34,1609,78,541.88,43.35,585.23,81.60,838.30,436.48,437.24,173.82,1224.84
2457082,51039,11577,87434,9441,1972,28526,1,7,1610,30,348.19,27.86,376.05,34.42,900.55,265.00,30.90,228.25,184.91
2458178,69793,14012,42222,1362407,5000,30444,8,35,1611,74,1808.00,144.64,1952.64,67.86,707.21,1478.67,126.20,29.89,145.28
2457914,62632,6525,40873,1143417,567,48027,1,29,1612,20,992.26,79.38,1071.64,9.53,284.71,217.17,26.99,211.08,982.76
2458457,36393,10440,66296,608096,2178,11912,12,8,1613,73,232.96,18.64,251.60,18.19,423.00,0.59,323.90,105.15,840.81
2456958,66013,7973,65781,726377,4446,44621,12,24,1614,73,417.95,33.44,451.39,72.12,710.97,22.90,312.43,430.38,839.96
2457395,75133,1564,76037,1371463,4420,15052,11,29,1615,91,1406.02,112.48,1518.50,25.72,992.40,149.74,381.94,426.62,1239.29
2457201,40745,2924,1183,632511,1230,6998,11,22,1616,70,825.40,66.03,891.43,16.79,810.73,439.91,400.79,391.68,1231.44
2457707,74935,10782,,980305,1116,4858,10,18,1617,69,1161.42,92.91,1254.33,41.88,296.76,798.29,247.21,119.13,100.74
2457271,49663,11596,31274,170399,4705,31988,8,28,1618,40,646.18,51.69,697.87,41.94,883.91,380.45,420.58,282.98,38.46
2457351,71793,17192,27508,1460587,5818,25387,9,15,1619,22,493.43,39.47,532.90,84.83,578.55,128.96,290.31,455.14,727.93
2458018,68068,9064,10362,1260787,2505,37963,5,19,1620,20,1164.72,93.18,1257.90,50.32,328.50,52.82,398.82,190.95,460.89
2457439,42805,10124,97560,1656063,4360,13498,3,24,1621,55,817.08,65.37,882.45,14.62,302.87,577.96,394.24,361.83,426.98
2458422,50103,12090,31020,709046,1317,45400,12,25,1622,16,1202.43,96.19,1298.62,56.85,507.99,327.27,480.62,135.59,1286.41
2457648,60009,11986,12203,836186,1378,44372,8,20,1623,63,562.66,45.01,607.67,7.05,976.71,114.55,168.23,179.07,293.53
2458029,74221,11130,2428,457265,2285,24892,12,22,1624,76,524.77,41.98,566.75,24.60,600.30,143.77,107.10,243.13,1311.43
2456810,58160,7899,96592,73023,1354,44606,9,6,1625,80,1888.81,151.10,2039.91,96.47,30.90,159.98,64.83,404.68,1172.52
2457934,52262,1953,58195,35235,5756,36542,10,26,1626,25,1975.29,158.02,2133.31,75.49,121.49,242.44,194.87,115.49,872.54
2457679,51981,16051,60055,742569,2071,5013,1,23,1627,59,1835.69,146.86,1982.55,39.06,35.93,1333.58,493.84,45.12,1107.03
2457694,47256,4256,63963,119990,225,19560,11,2,1628,84,1026.00,82.08,1108.08,74.77,853.97,213.28,293.88,214.65,1451.83
2458451,75377,206,68899,1593122,4785,2649,6,19,1629,49,1069.75,85.58,1155.33,21.62,534.56,233.61,394.74,379.96,911.80
2457802,43385,362,60847,1566537,5850,41505,12,17,1630,84,1603.32,128.27,1731.59,10.04,2.22,975.56,430.73,364.95,976.23
2456770,67594,2207,42221,80466,3817,13819,1,7,1631,51,1924.61,153.97,2078.58,49.83,55.79,704.19,201.98,143.85,509.32
2457739,58821,17230,3170,1825781,317,3781,2,7,1632,33,280.25,22.42,302.67,20.17,400.25,12.37,323.25,44.81,19.67
2457716,61527,16103,90386,51106,4550,8492,3,2,1633,91,400.71,32.06,432.77,66.36,805.05,350.36,132.58,69.20,677.54
2457483,69312,3103,82281,976609,1734,18679,3,,1634,85,1095.51,87.64,1183.15,84.88,500.53,941.55,326.09,13.31,244.20
2457510,67286,1514,54035,1337714,5333,48597,12,3,1635,97,1036.13,82.89,1119.02,37.52,621.51,129.24,49.13,319.44,747.77
2456961,46472,9579,5987,1023846,7065,19418,4,23,1636,85,1611.04,128.88,1739.92,74.62,388.27,499.73,134.70,43.61,110.12
2457124,39533,9726,26111,1632355,3321,13879,5,16,1637,32,1118.64,89.49,1208.13,63.07,897.51,501.95,282.75,412.61,907.39
2456814,63775,12423,75068,1888711,1359,23499,9,,1638,8,698.55,55.88,754.43,81.54,984.79,454.34,298.89,194.21,1407.37
2456845,65030,5033,78288,392762,5960,49605,6,8,1639,31,1300.03,104.00,1404.03,64.60,612.54,778.86,499.19,312.98,1225.62
2458262,29983,16737,42222,392214,3763,4449,1,29,1640,88,651.58,52.13,703.71,81.05,894.81,371.17,492.99,157.21,1241.06
2458370,45898,6349,,1783263,4106,5083,9,15,1641,40,68.30,5.46,73.76,99.88,678.53,47.14,391.12,153.72,816.04
2457378,31081,8323,22691,962813,482,35016,2,4,1642,87,849.39,67.95,917.34,35.41,856.74,335.09,134.74,257.50,769.64
2457745,62838,17348,98994,644628,4751,26270,1,19,1643,67,152.86,12.23,165.09,55.76,541.23,132.24,344.52,123.23,113.73
2458440,73174,11246,,1203810,5239,19243,3,5,1644,79,693.92,55.51,749.43,50.43,220.52,680.38,0.30,143.80,1003.30
2458467,59304,7908,8697,922576,4202,40870,12,19,1645,100,1521.26,121.70,1642.96,8.07,279.92,1193.40,109.09,427.46,299.43
2458066,52916,12836,26553,1920212,2710,26774,2,31,1646,35,522.64,41.81,564.45,23.71,761.21,236.25,202.13,75.34,1029.86
2457838,40156,10771,58744,935204,4007,15716,4,20,1647,22,1158.21,92.66,1250.87,30.03,624.93,1122.60,272.25,263.12,681.21
2457369,35285,827,20327,1744842,6802,27048,9,24,1648,47,738.15,59.05,797.20,64.72,721.60,504.75,397.60,8.18,644.14
2456885,60869,16244,66908,217835,796,32086,10,6,1649,54,106.12,8.49,114.61,70.76,412.44,55.63,64.26,215.47,1000.26
2457318,49296,9297,96580,1634667,4438,10023,1,2,1650,7,279.96,22.40,302.36,41.16,437.96,173.78,415.73,8.79,939.39
2458431,46212,5126,46807,1830573,3445,21806,1,1,1651,41,714.48,57.16,771.64,35.82,446.89,671.86,391.38,343.25,0.35
2458078,74034,17743,3375,1667428,6978,25728,9,16,1652,98,1611.13,128.89,1740.02,61.47,774.69,1408.17,478.86,404.75,1295.61
2458265,28970,12074,68180,937516,4228,40478,11,19,1653,56,68.04,5.44,73.48,50.99,896.95,28.48,186.99,405.75,980.72
2457702,59997,8565,28180,289870,3380,43305,9,13,1654,32,117.43,9.39,126.82,98.76,837.12,26.74,289.70,104.23,303.27
2458380,31284,13177,42459,890475,4610,40019,1,25,1655,89,1611.51,128.92,1740.43,68.53,281.98,14.96,451.61,295.51,858.90
2458408,45042,11561,60776,947077,961,14655,2,7,1656,20,1126.35,90.11,1216.46,32.02,556.27,677.53,400.33,473.37,716.51
2458250,29779,13549,23691,614420,6893,45409,8,13,1657,48,710.53,56.84,767.37,46.71,33.58,438.29,397.26,118.14,1488.65
2456891,42477,8555,13779,850670,3005,26953,4,28,1658,14,1886.93,150.95,2037.88,4.13,658.01,1620.05,459.48,265.74,1431.16
2457083,59205,17984,89890,1349786,2415,41035,3,20,1659,83,1643.05,131.44,1774.49,15.80,364.28,440.80,175.38,111.34,730.11
2457557,34807,7046,13614,1207418,7036,32892,9,16,1660,36,162.39,12.99,175.38,73.54,819.14,128.09,78.23,203.20,343.29
2457137,58253,14946,42573,1829661,1865,17276,3,4,1661,9,1096.84,87.75,1184.59,98.99,385.31,221.19,394.51,31.90,1016.10
2457140,65162,15170,32204,814682,6523,2350,5,5,1662,23,620.33,49.63,669.96,23.57,145.11,470.65,405.84,413.26,214.09
2457525,41235,5783,53969,885360,6550,42666,4,34,1663,66,1269.15,101.53,1370.68,69.13,100.18,836.04,149.57,101.59,708.27
2456869,36268,17989,53271,587279,359,2888,5,10,1664,89,485.37,38.83,524.20,51.43,349.57,23.32,144.12,281.25,669.96
2457317,42168,2502,55444,910606,4588,47375,9,21,1665,87,1854.71,148.38,2003.09,61.63,517.01,930.99,336.74,386.32,423.29
2456813,42976,3156,1760,1909369,1756,45176,11,2,1666,39,127.94,10.24,138.18,80.50,898.82,104.86,470.05,476.69,617.22
2457121,29899,586,25941,476803,6689,41521,2,18,1667,71,361.20,28.90,390.10,40.67,690.87,351.93,413.92,130.37,1372.84
2458243,68675,3733,60012,861279,3036,20848,9,5,1668,16,179.53,14.36,193.89,37.49,469.00,85.60,49.16,168.20,711.36
2457295,28882,12461,20404,320231,4909,38088,8,21,1669,47,634.82,50.79,685.61,71.03,687.40,263.63,50.60,271.69,97.26
2457202,69267,1342,18524,1516258,4482,4313,4,13,1670,50,1006.54,80.52,1087.06,35.59,547.90,857.37,376.32,24.44,1234.09
2458182,70807,704,17006,705449,5579,19380,4,24,1671,35,546.22,43.70,589.92,7.21,729.81,305.72,484.37,127.29,528.32
2457444,39360,13069,28379,84209,62,9323,4,6,1672,88,1516.48,121.32,1637.80,97.79,204.60,998.17,325.44,7.38,1376.08
2458087,48654,10853,44011,567437,1263,6145,10,5,1673,70,123.32,9.87,133.19,62.04,63.03,62.67,187.22,355.18,653.02
2456748,37423,1997,88329,1154869,6872,10196,11,2,1674,20,549.78,43.98,593.76,94.31,748.14,414.90,449.64,145.69,1001.32
2458032,52976,16616,86447,1781253,3893,46923,10,28,1675,99,1342.11,107.37,1449.48,68.38,15.57,729.00,403.27,244.55,1103.32
2456811,29842,9815,78865,1780709,4491,36188,1,32,1676,82,1904.32,152.35,2056.67,13.73,784.53,1193.80,305.47,168.23,664.79
2457398,37117,17381,8350,1447114,881,21032,1,10,1677,64,81.63,6.53,88.16,89.05,991.35,29.81,104.74,337.64,688.79
2457792,45133,12452,60126,1651989,4663,2087,6,30,1678,32,66.78,5.34,72.12,57.63,541.33,18.50,261.57,182.70,1201.01
2457527,63771,14554,40704,1018090,4356,48896,8,9,1679,34,1581.39,126.51,1707.90,10.23,95.24,1398.27,183.79,440.49,230.99
2457967,55772,12662,,6307,1073,21038,11,12,1680,25,1574.42,125.95,1700.37,85.26,416.67,21.53,216.01,432.21,1146.00
2457460,38168,13911,6885,1810564,2818,40758,7,34,1681,89,857.75,68.62,926.37,36.77,439.22,293.01,23.96,376.05,1067.24
2458106,43990,5657,27524,1418295,6529,36940,5,21,1682,81,289.39,23.15,312.54,55.80,613.65,128.08,376.74,333.70,1101.55
2458433,33303,17970,43258,312040,2924,3969,8,26,1683,5,1494.34,119.55,1613.89,70.54,740.66,870.17,62.52,127.05,822.50
2457400,45139,13492,89096,1381139,146,30991,2,3,1684,7,945.43,75.63,1021.06,38.24,122.39,422.88,273.59,491.64,1458.52
2456973,71837,12153,61218,1430490,685,25932,6,4,1685,30,203.59,16.29,219.88,28.89,641.85,143.24,114.26,101.64,11.06
2457590,56553,4616,17377,1662034,3862,10262,8,7,1686,39,957.03,76.56,1033.59,75.39,939.93,572.89,170.52,469.63,984.60
2457091,67569,3309,54923,1063216,5060,41575,5,17,1687,31,1459.68,116.77,1576.45,20.64,662.08,1432.48,89.02,78.90,1340.14
2458062,66349,9818,78015,1364794,5716,31171,12,33,1688,84,1666.93,133.35,1800.28,15.80,48.43,1079.63,225.00,289.01,969.25
2457656,59120,8464,25927,409923,781,7963,3,2,1689,100,938.78,75.10,1013.88,38.59,32.12,361.42,390.57,268.33,987.82
2457794,40711,13815,68519,967015,3760,31250,4,35,1690,88,7.76,0.62,8.38,71.51,786.06,5.83,32.50,313.31,55.71
2457400,58914,10056,13844,1169807,411,7575,5,7,1691,85,809.14,64.73,873.87,81.79,704.72,527.96,327.48,198.19,760.61
2457068,67472,6698,67891,959271,1518,9807,4,23,1692,79,684.60,54.77,739.37,94.77,448.69,206.91,54.80,133.13,1026.27
2457323,30973,7185,28121,138891,3178,28896,4,11,1693,56,1477.66,118.21,1595.87,59.04,277.01,86.42,138.51,13.52,1373.70
2457686,56611,4593,7667,1088056,3736,39642,9,17,1694,23,1062.02,84.96,1146.98,13.70,402.81,360.13,332.96,201.05,1159.51
2458073,46247,154,68979,1862971,5482,28539,4,13,1695,67,698.29,55.86,754.15,7.41,951.50,692.73,52.55,399.06,1031.09
2457248,75126,4464,69388,247280,6208,2357,10,33,1696,92,96.64,7.73,104.37,96.00,314.07,10.18,380.64,81.23,1161.62
2458389,48368,9053,22726,1446298,6815,23892,6,22,1697,62,1484.83,118.79,1603.62,9.61,550.61,685.76,198.53,82.78,1190.28
2457327,65261,14530,34278,1628294,4258,33576,2,12,1698,80,1802.71,144.22,1946.93,32.05,514.11,244.26,281.87,479.80,1430.47
2456894,48429,4598,18066,1118384,4981,41705,7,9,1699,60,220.39,17.63,238.02,96.86,466.31,95.81,102.10,100.76,1202.93
2458172,53114,1724,68845,1812522,2182,11521,4,24,1700,62,1207.30,96.58,1303.88,70.05,44.19,372.93,140.45,388.39,782.29
2457485,36444,13508,35577,663265,1833,26525,1,25,1701,77,569.27,45.54,614.81,73.27,371.55,10.77,205.94,184.51,220.01
2458045,39575,1027,55483,198088,2114,819,3,10,1702,1,188.13,15.05,203.18,6.08,747.05,183.35,322.97,371.17,1480.45
2457274,39002,12858,12204,294483,4948,16252,8,18,1703,1,93.54,7.48,101.02,11.93,393.26,36.05,424.57,333.41,443.84
2457233,40847,8101,59976,302666,1859,47931,1,34,1704,19,144.65,11.57,156.22,39.39,57.76,45.13,470.50,46.19,549.56
2456984,34375,16794,34930,107500,1024,9197,1,27,1705,73,640.66,51.25,691.91,11.23,284.18,191.26,475.04,20.81,461.83
2457089,65987,192,24396,1804809,6403,11655,3,20,1706,25,1088.72,87.10,1175.82,99.48,495.83,821.56,171.00,422.65,1479.70
2457804,41967,7691,2220,137089,1330,44027,1,17,1707,82,1204.90,96.39,1301.29,82.12,986.51,972.25,326.89,269.31,826.03
2458336,61481,263,51868,50047,1601,18675,3,4,1708,90,352.02,28.16,380.18,70.07,357.15,262.02,205.13,119.04,20.42
2457306,74807,5662,39602,1515411,642,45544,8,31,1709,49,761.17,60.89,822.06,78.87,581.67,534.33,299.05,115.19,67.86
2457899,70169,7757,27760,60563,1279,16228,4,4,1710,82,144.47,11.56,156.03,70.68,948.76,108.44,491.37,413.66,1257.97
2456923,29638,6176,6360,1204845,697,39518,3,25,1711,53,1409.56,112.76,1522.32,45.03,393.41,1255.21,165.10,439.98,1356.42
2457862,36256,5896,6732,1490992,3004,39775,3,9,1712,82,667.40,53.39,720.79,94.34,93.09,370.22,494.28,32.09,38.67
2457970,64472,12904,98221,964098,5481,10718,2,10,1713,71,1151.71,92.14,1243.85,43.70,620.73,644.60,162.54,79.59,476.57
2457415,56234,14419,35609,1052380,4268,6627,4,17,1714,98,438.68,35.09,473.77,26.89,30.28,0.97,15.99,402.83,327.50
2456792,34384,1619,61929,1290040,4068,10669,7,31,1715,75,179.39,14.35,193.74,77.60,610.75,34.51,174.75,376.45,800.91
2456985,45413,14833,94414,190580,2131,36189,9,34,1716,21,1292.80,103.42,1396.22,12.63,625.00,959.27,417.67,422.94,299.90
2458189,73823,6509,87444,1118836,3369,46050,11,28,1717,12,1266.90,101.35,1368.25,62.18,477.88,278.28,266.69,462.72,1075.53
2458195,63175,16333,48850,1645810,534,26762,1,28,1718,93,997.83,79.83,1077.66,73.92,512.80,991.33,445.98,305.72,276.05
2457896,49828,2363,20046,1639984,5431,38562,10,9,1719,73,1908.61,152.69,2061.30,99.97,619.72,1137.62,215.53,191.34,565.24
2457093,56674,16,42940,1447575,5645,39174,12,1,1720,98,1281.26,102.50,1383.76,90.11,578.78,640.52,357.19,62.43,61.35
2457370,53245,4827,73710,1503803,6678,31567,11,25,1721,6,805.55,64.44,869.99,59.74,580.18,233.92,422.90,39.86,1166.63
2457891,47029,10032,81621,889406,4461,36284,10,20,1722,13,191.79,15.34,207.13,96.02,585.31,158.37,353.03,111.90,825.72
2457896,41436,12789,60711,381275,6823,12635,11,4,1723,27,1835.23,146.82,1982.05,90.71,948.87,1513.10,360.75,165.47,1262.84
2458256,55126,6397,44016,1651518,6924,36642,9,12,1724,86,1091.99,87.36,1179.35,39.16,222.15,373.21,317.51,459.52,1306.61
2457009,49191,3273,54320,415428,66,33122,9,9,1725,21,213.17,17.05,230.22,44.82,446.33,58.77,171.24,376.19,1338.44
2457533,71814,7203,71386,1278391,2778,28845,6,16,1726,7,1932.51,154.60,2087.11,25.86,87.18,1039.63,462.94,352.12,1435.61
2458108,48078,7077,26423,551935,2145,40174,11,16,1727,62,214.99,17.20,232.19,65.41,853.10,110.55,181.10,302.42,853.64
2458274,65896,16416,5444,1614758,4259,4579,9,20,1728,43,1118.36,89.47,1207.83,36.61,192.43,154.51,281.70,301.04,269.46
2457170,46572,7134,61426,26103,3059,40958,11,,1729,57,1789.12,143.13,1932.25,40.95,558.95,1778.68,407.23,326.27,215.79
2458369,72700,12409,13634,1776059,3593,38830,12,12,1730,13,530.59,42.45,573.04,98.71,310.02,243.07,103.57,314.32,1116.47
2457041,64138,7194,40217,353782,2819,33714,4,5,1731,97,574.67,45.97,620.64,73.98,342.86,92.83,242.49,231.05,548.05
2457693,61257,325,82101,646250,4257,17529,7,23,1732,56,3.97,0.32,4.29,57.55,854.33,0.61,478.49,181.88,1098.67
2457764,63030,11013,42809,1635726,6127,19800,9,12,1733,14,118.96,9.52,128.48,71.69,669.86,81.44,488.78,253.72,358.08
2457485,52850,3240,75858,1211279,2651,46890,1,29,1734,91,1982.71,158.62,2141.33,21.10,682.78,1005.45,440.97,102.92,1358.46
2458221,52154,15769,32641,1606295,3582,31557,3,8,1735,60,541.50,43.32,584.82,79.94,810.53,442.31,223.06,221.92,986.26
2458433,38620,4870,99792,1317586,3677,43233,9,33,1736,19,1158.34,92.67,1251.01,18.20,521.49,960.79,359.12,485.10,804.50
2456938,63676,5000,22318,434638,6396,49225,6,32,1737,71,271.11,21.69,292.80,46.21,284.96,194.92,449.45,45.12,953.25
2457682,47020,26,53024,187213,6662,1921,9,1,1738,81,1278.90,102.31,1381.21,46.04,796.70,962.31,150.94,271.67,636.51
2457627,50269,4326,21780,1162672,3298,18741,1,31,1739,24,1228.10,98.25,1326.35,35.44,540.28,510.05,99.09,419.12,1302.69
2457310,56737,1029,78695,980655,2945,4051,1,29,1740,56,159.45,12.76,172.21,18.09,358.04,10.53,143.33,414.50,397.70
2457951,61175,2736,1631,77730,5684,43679,4,25,1741,39,1030.09,82.41,1112.50,25.83,862.03,470.33,414.53,46.09,1365.46
2458262,71651,14596,92040,1906364,2870,20021,10,28,1742,46,224.73,17.98,242.71,41.34,713.02,69.23,305.56,307.03,686.02
2457013,54999,14175,6625,1883,4716,48938,6,27,1743,46,500.29,40.02,540.31,62.46,283.86,325.92,221.20,259.13,513.46
2456811,59144,6947,94255,280928,4486,32754,4,2,1744,38,1614.51,129.16,1743.67,20.59,696.63,1266.49,80.73,222.61,1346.72
2457288,61938,3154,21870,485599,6886,28789,2,9,1745,33,752.37,60.19,812.56,24.03,588.69,113.93,356.47,449.77,353.04
2456783,40455,15067,1539,1024607,3733,37527,8,18,1746,32,514.89,41.19,556.08,10.50,402.32,463.62,53.71,282.82,358.86
2457532,48564,16529,12009,870336,7105,25973,12,23,1747,93,498.21,39.86,538.07,62.30,183.15,42.21,399.24,247.53,273.35
2457549,41669,3299,29017,758452,5982,16714,6,28,1748,52,1434.37,114.75,1549.12,70.80,822.33,36.31,407.33,53.29,1063.39
2457436,74663,9688,75782,1294329,4782,25193,3,22,1749,64,1187.56,95.00,1282.56,85.22,697.12,18.38,471.33,279.82,885.69
,65982,9540,96592,558800,1138,36960,5,22,1750,76,1431.40,114.51,1545.91,32.06,568.22,482.21,494.76,362.90,101.06
2457124,35078,17387,71731,191252,1252,43555,4,3,1751,89,1079.89,86.39,1166.28,9.99,669.64,652.71,437.80,354.20,596.32
2457894,36761,3410,86183,1305457,4279,45526,3,17,1752,42,1298.21,103.86,1402.07,33.68,931.46,735.79,402.97,196.40,673.93
2457667,67174,4809,74741,269823,6716,16673,2,33,1753,88,329.16,26.33,355.49,17.05,464.52,53.73,292.75,302.44,987.55
2457353,73468,1626,,993940,3444,26950,9,29,1754,7,589.81,47.18,636.99,15.76,764.95,506.92,244.15,417.12,1376.14
2457309,55813,2631,95074,441104,5477,45083,8,5,1755,54,1605.82,128.47,1734.29,29.76,309.82,1231.47,92.64,223.97,143.74
2457838,33618,7089,41698,1680367,891,4481,3,5,1756,91,1476.82,118.15,1594.97,9.87,777.50,1404.71,79.87,330.13,676.95
2458026,55783,1254,88385,201031,3965,20976,8,18,1757,88,750.72,60.06,810.78,47.57,710.88,115.95,125.84,465.95,1111.13
2457753,70985,15027,62433,1855334,1728,1355,7,24,1758,71,12.63,1.01,13.64,37.41,510.82,11.78,456.26,233.01,335.53
2458023,48139,14679,7300,663047,2526,15681,11,18,1759,86,1870.38,149.63,2020.01,46.15,735.91,652.73,75.07,43.34,21.89
2457642,35291,10710,32432,1694187,5255,2109,2,14,1760,77,1008.92,80.71,1089.63,45.89,896.71,253.12,387.82,265.02,886.59
2457943,46390,12329,19008,1531017,2487,34036,8,8,1761,92,1419.39,113.55,1532.94,51.23,212.49,1372.77,130.68,273.95,821.33
2457976,44220,6313,76373,339167,4180,30659,3,6,1762,31,1293.01,103.44,1396.45,21.77,185.94,690.85,208.99,436.32,295.15
2458345,68855,16550,99971,89670,6195,32991,8,10,1763,93,998.71,79.90,1078.61,93.69,345.27,397.10,168.86,110.63,252.46
,40817,14787,18342,16573,6199,5231,7,21,1764,15,1454.08,116.33,1570.41,37.19,83.38,213.27,314.65,338.73,266.36
2457497,51301,6940,20178,1646580,1371,23600,8,33,1765,20,954.21,76.34,1030.55,43.45,460.85,232.70,253.45,96.25,1155.54
2458007,70247,10003,63736,672156,2858,4471,2,10,1766,56,34.23,2.74,36.97,0.75,689.91,7.28,427.32,39.52,1497.86
2457604,71697,380,99634,1131348,1430,8437,7,9,1767,64,1316.18,105.29,1421.47,34.21,195.24,1160.31,249.66,63.06,1381.30
2456829,54824,13876,48220,1033342,2290,31058,3,31,1768,39,790.81,63.26,854.07,2.69,135.40,746.60,241.46,352.70,1404.02
2457989,58299,5662,62081,1692426,1891,12444,5,5,1769,77,156.75,12.54,169.29,72.06,886.74,106.31,61.07,173.01,881.30
2457405,56913,10940,51132,949981,5779,45345,6,29,1770,80,986.64,78.93,1065.57,62.39,92.50,37.76,155.18,67.05,605.81
2457298,41535,15341,80390,35364,6140,22970,12,31,1771,46,1866.93,149.35,2016.28,28.30,406.97,1628.42,347.32,385.58,1251.24
2457477,29091,4637,54804,47642,1395,43094,8,4,1772,1,237.24,18.98,256.22,45.56,168.08,210.65,136.53,321.00,1028.57
2457096,75009,7703,10391,397521,4100,48096,6,8,1773,28,1251.95,100.16,1352.11,34.09,148.19,467.20,171.96,245.50,200.35
2456761,71619,11248,97162,990077,6243,39268,9,18,1774,92,1505.16,120.41,1625.57,36.15,155.96,882.20,127.61,400.49,291.59
2458401,59106,4089,76189,1913538,3766,35716,3,35,1775,70,1771.04,141.68,1912.72,42.87,653.21,1510.40,114.36,217.06,136.70
2457294,31363,561,18244,744227,1994,20841,12,18,1776,82,1112.64,89.01,1201.65,28.32,511.31,699.97,68.50,116.05,1313.97
2458436,49927,12660,1469,1703653,2205,35791,8,21,1777,83,1746.08,139.69,1885.77,98.20,868.31,23.98,190.99,146.41,527.25
2457563,52169,17821,9646,1890479,4643,47189,7,4,1778,15,489.32,39.15,528.47,89.79,921.99,321.68,471.62,225.64,447.42
2457201,29247,14850,59426,39864,366,18255,12,32,1779,30,192.66,15.41,208.07,39.63,949.34,2.80,320.46,104.59,1198.49
2458433,42140,2203,84697,1725483,1317,7621,8,,1780,31,1060.92,84.87,1145.79,36.71,644.06,741.75,252.51,156.42,427.51
2457207,56258,6594,76912,1493575,4748,33258,7,2,1781,55,823.87,65.91,889.78,91.32,852.10,607.51,130.36,303.82,1119.86
2457342,71007,17783,27482,572203,1386,14655,11,18,1782,20,1913.43,153.07,2066.50,84.29,825.85,1325.29,336.59,456.09,167.68
2458441,37673,788,39665,1415827,4036,7883,7,20,1783,44,613.19,49.06,662.25,91.49,998.05,94.32,325.09,156.68,1249.52
2457699,41221,4923,26177,692460,3801,20405,10,4,1784,1,845.45,67.64,913.09,31.19,456.22,621.25,151.67,477.46,1371.63
2457242,60616,3941,62805,1714679,6112,21465,11,30,1785,64,787.54,63.00,850.54,20.22,149.73,418.46,338.70,319.97,1061.45
2458317,68372,10631,86135,1843563,6683,3653,7,1,1786,82,1546.06,123.68,1669.74,60.34,379.07,256.96,434.48,46.18,1280.37
2457371,38343,7226,182,420389,3621,44251,5,5,1787,21,1439.49,115.16,1554.65,1.94,906.24,1438.26,140.25,187.61,986.16
2458320,40229,16913,70846,1304539,39,7571,1,11,1788,77,561.67,44.93,606.60,87.03,296.94,86.25,133.34,352.86,1038.23
2456844,58950,4759,36264,1881603,2022,36809,4,1,1789,65,1000.45,80.04,1080.49,30.04,211.19,764.10,484.61,491.99,859.60
2457375,38293,16531,2596,1166211,20,12067,1,13,1790,4,268.92,21.51,290.43,8.80,901.21,178.26,487.94,7.86,710.88
2458284,53360,10864,58255,719,5057,14169,12,6,1791,54,578.88,46.31,625.19,49.06,915.80,487.90,179.21,98.18,669.90
2458255,42349,14007,89479,276795,1270,22768,1,14,1792,90,198.20,15.86,214.06,25.94,587.86,32.02,150.18,333.65,1069.69
2457896,64021,15670,83343,366771,5746,48025,11,19,1793,64,1290.65,103.25,1393.90,16.67,375.25,452.74,348.85,347.16,553.15
2457381,73703,10970,57910,658711,2193,9436,4,13,1794,52,1528.85,122.31,1651.16,56.01,67.66,1105.69,398.25,489.73,617.47
2457613,47734,1829,70406,385443,6474,47719,1,13,1795,24,534.11,42.73,576.84,12.67,625.24,137.33,200.98,440.29,1255.80
2457229,57739,11159,23725,1692270,5593,1996,5,24,1796,97,353.00,28.24,381.24,22.05,543.22,14.76,10.69,461.60,241.03
2457627,58747,1656,88725,214952,3374,19849,10,22,1797,43,755.55,60.44,815.99,10.34,192.52,529.59,158.88,190.76,314.33
2457995,66896,7581,76763,342986,4609,20343,2,15,1798,20,1816.08,145.29,1961.37,37.16,211.84,725.30,349.56,296.50,751.95
2458307,70395,3798,53868,718187,1047,8452,1,26,1799,49,409.59,32.77,442.36,81.73,209.28,52.59,157.18,412.56,717.56
2457192,69579,15080,84814,1688511,6914,15797,4,2,1800,33,1696.12,135.69,1831.81,22.58,290.82,1536.36,169.95,93.78,128.74
2458291,45828,10787,61459,1018694,7169,36487,6,6,1801,40,1366.09,109.29,1475.38,60.96,848.06,1055.86,293.58,21.81,673.73
2456963,56439,4513,61985,659307,6028,26145,9,19,1802,95,295.54,23.64,319.18,91.04,813.26,197.08,184.34,30.17,1308.60
2457042,73069,17637,64765,1323120,4878,11364,5,2,1803,100,276.15,22.09,298.24,97.46,674.42,33.17,367.61,30.89,670.94
,62834,6927,75581,761471,6266,48681,12,21,1804,77,1556.14,124.49,1680.63,42.21,821.90,1517.02,417.28,278.30,835.76
2458153,53592,1512,76556,244307,5434,9504,5,30,1805,4,752.95,60.24,813.19,48.09,388.45,708.35,126.23,230.86,878.75
2457066,73525,3912,57245,1230272,969,49657,3,15,1806,41,1903.55,152.28,2055.83,27.37,123.45,807.30,331.26,165.00,1122.50
2457097,67732,15659,30260,573981,3254,18039,9,30,1807,39,1940.41,155.23,2095.64,50.14,453.30,998.96,383.44,452.45,549.76
2457697,43687,2393,8938,536089,2189,42474,6,25,1808,91,1942.73,155.42,2098.15,52.13,875.62,1606.53,310.87,256.41,1258.81
,67476,7715,65860,625372,6752,7007,4,31,1809,93,886.45,70.92,957.37,57.05,705.92,505.71,61.22,300.46,1208.75
2457426,62463,16536,69591,1353179,4603,14614,10,2,1810,42,1904.57,152.37,2056.94,98.01,728.35,85.00,207.17,119.89,1278.97
2458329,62948,11289,3909,1587874,3853,30351,5,6,1811,46,593.27,47.46,640.73,55.72,788.56,306.55,388.88,204.92,445.93
2458331,48864,7225,25261,583927,478,18951,2,9,1812,84,1710.23,136.82,1847.05,74.62,307.03,872.48,150.62,223.74,960.94
2456758,62264,14274,84473,599898,5528,22125,12,8,1813,78,677.50,54.20,731.70,66.56,977.80,531.15,178.78,1.12,20.58
2457090,61987,9408,94910,1790478,2548,46214,3,31,1814,39,832.60,66.61,899.21,24.76,401.56,543.30,171.82,423.34,162.41
2456967,32804,11322,4821,931850,2197,41195,11,33,1815,43,848.33,67.87,916.20,81.47,35.55,115.28,405.82,118.67,458.59
2457993,57801,1672,59879,680079,2630,32985,5,34,1816,76,1880.50,150.44,2030.94,37.98,282.79,1151.52,7.08,312.82,526.75
2456853,59929,13717,11522,352564,6155,36872,2,28,1817,18,1259.57,100.77,1360.34,8.88,715.06,416.42,268.94,224.30,767.42
2457412,35396,10400,12642,1582793,4617,37426,10,17,1818,4,1534.36,122.75,1657.11,13.44,640.97,1319.44,456.05,101.28,442.30
2458155,71455,9817,42871,1061692,1759,5920,9,18,1819,81,750.31,60.02,810.33,51.35,520.18,296.18,325.76,306.30,392.74
2458286,55270,2121,22671,1564752,7120,3321,9,34,1820,36,1584.25,126.74,1710.99,75.17,369.81,531.97,415.74,322.01,1037.49
2457464,55666,3889,48430,1699993,4200,44153,11,15,1821,64,513.94,41.12,555.06,28.04,281.23,442.32,88.82,361.66,296.05
,60893,5294,10142,41577,6424,25649,6,4,1822,81,1555.52,124.44,1679.96,3.95,998.98,648.88,412.61,398.74,1462.23
2457080,48835,2503,41039,1242378,3381,15801,1,27,1823,84,1328.64,106.29,1434.93,62.36,334.15,508.41,116.27,344.03,1183.43
2457625,68329,9378,78366,1310204,419,43459,9,21,1824,72,764.85,61.19,826.04,20.19,584.99,253.56,365.41,188.82,1201.41
2456865,33207,1121,62476,560690,2610,43823,2,13,1825,53,336.01,26.88,362.89,53.95,653.08,273.58,287.10,63.24,1363.43
2457714,43255,11309,44803,175268,4870,42460,12,19,1826,68,1907.80,152.62,2060.42,50.25,190.59,1278.49,8.45,120.97,696.86
2458386,62298,10292,,1527994,2393,11793,12,7,1827,44,1576.07,126.09,1702.16,71.26,587.53,604.44,94.92,107.84,1076.67
2458116,67750,2745,28928,1231501,3355,16916,11,19,1828,77,117.78,9.42,127.20,15.38,747.45,17.90,129.63,200.55,210.91
2457512,48205,11557,3,808268,5131,48200,6,15,1829,16,1290.78,103.26,1394.04,61.28,405.29,243.24,318.19,28.85,515.12
2457851,73316,14842,8612,1293563,2927,4945,3,,1830,63,1433.82,114.71,1548.53,59.33,140.98,985.42,401.49,458.25,613.44
2456778,58587,4635,21640,1414761,50,2399,2,2,1831,84,1466.05,117.28,1583.33,71.74,54.28,905.34,24.31,476.91,1301.93
2457785,65182,309,73429,164885,6712,17830,6,16,1832,22,394.01,31.52,425.53,40.45,234.45,293.79,443.56,484.28,270.40
2456988,55239,4134,80869,947302,810,48700,6,6,1833,48,392.18,31.37,423.55,83.68,644.96,172.18,64.55,79.36,535.14
2456881,59916,2660,29357,476363,1478,19590,6,33,1834,82,228.75,18.30,247.05,76.92,69.32,35.40,158.88,476.91,56.48
2456925,41204,6645,88874,1568413,2366,34808,4,14,1835,95,1076.16,86.09,1162.25,79.83,675.90,928.52,488.24,306.23,892.91
2458162,47609,15530,19772,254841,5693,24420,10,28,1836,70,1595.86,127.67,1723.53,79.68,670.46,129.80,155.08,472.87,933.93
2457460,34764,2395,92536,404384,4709,25851,2,28,1837,57,363.46,29.08,392.54,62.49,703.53,195.19,200.14,362.56,6.74
2457882,39050,630,65348,47126,1673,1143,12,28,1838,5,849.51,67.96,917.47,86.17,657.17,504.66,487.38,421.80,167.79
2457717,56728,12274,81225,1051420,6961,36858,12,31,1839,92,713.75,57.10,770.85,80.03,751.67,289.73,430.72,427.99,273.33
2458430,57688,3930,12087,1636961,6349,49403,6,33,1840,15,1995.17,159.61,2154.78,49.06,232.46,910.61,154.53,188.04,1307.83
2456846,60032,17486,76346,1353844,4276,9361,3,11,1841,82,1320.21,105.62,1425.83,96.96,651.53,733.72,40.45,460.66,1119.18
2457703,30171,9106,93948,200230,5945,33237,7,3,1842,66,172.22,13.78,186.00,54.13,536.86,131.89,185.65,293.50,559.83
,67953,653,12396,49048,616,21231,11,3,1843,89,1130.35,90.43,1220.78,97.51,345.33,1058.66,463.32,439.86,912.19
2457478,41889,13693,45839,1387487,34,43145,5,28,1844,3,74.63,5.97,80.60,99.90,327.43,49.98,475.22,355.06,972.14
2457492,54623,14225,27393,1861020,2105,47646,8,35,1845,69,362.65,29.01,391.66,9.16,735.04,181.77,188.57,387.40,114.13
2457773,62961,9726,61654,372192,5994,40426,3,23,1846,12,817.43,65.39,882.82,60.32,902.23,742.72,376.20,347.65,355.67
2458370,42713,13752,45255,840079,5307,48524,1,8,1847,59,1630.71,130.46,1761.17,96.33,655.07,792.57,28.23,151.98,1247.05
2457672,67955,12872,34943,587295,1768,22313,9,7,1848,70,1126.56,90.12,1216.68,22.19,41.98,199.48,65.65,150.50,355.03
2457620,71526,17187,38677,22257,3685,49897,10,11,1849,90,623.35,49.87,673.22,95.72,291.84,225.88,172.35,486.44,139.74
2457183,53751,9704,96748,177231,2049,172,8,5,1850,31,757.28,60.58,817.86,82.81,971.03,736.77,108.89,234.53,361.52
2458126,60718,10036,56999,607654,2756,48147,10,23,1851,3,1106.58,88.53,1195.11,34.04,943.80,793.23,317.13,375.10,635.24
2457659,60383,2876,18292,855857,1228,33153,8,21,1852,96,1919.75,153.58,2073.33,15.84,248.22,1637.28,445.01,292.74,782.23
2457894,54900,8510,13971,483163,861,32631,5,10,1853,98,295.10,23.61,318.71,59.69,802.01,124.26,42.30,172.23,1196.35
2458358,66241,11980,75489,375031,2712,42367,12,35,1854,65,670.93,53.67,724.60,79.49,262.98,17.15,113.77,454.03,530.94
2457773,29221,16346,87866,1594088,2717,37078,8,30,1855,49,142.78,11.42,154.20,79.71,911.03,116.78,356.53,83.32,1243.25
2457522,66718,1799,13283,1026533,310,16284,4,34,1856,78,48.16,3.85,52.01,4.70,727.97,18.57,19.54,478.04,933.66
2457278,50654,2997,118,500972,2023,203,8,14,1857,11,938.05,75.04,1013.09,6.35,82.73,351.45,383.64,243.36,265.91
2456888,59577,6450,68588,1638,1662,13599,9,27,1858,25,705.70,56.46,762.16,64.42,393.47,603.50,222.85,231.07,1204.20
,54922,17038,98090,763094,4658,4599,2,18,1859,75,1466.14,117.29,1583.43,43.51,249.73,1441.37,149.93,226.25,436.14
2458079,52600,15919,11634,588153,6367,20697,8,5,1860,73,387.49,31.00,418.49,35.81,846.42,361.80,1.57,36.38,323.24
2458416,32645,15191,12701,727634,5033,23132,8,23,1861,57,406.02,32.48,438.50,22.62,504.57,336.86,94.42,126.85,270.01
,43000,14439,81629,1011047,4896,22736,11,20,1862,59,1550.76,124.06,1674.82,35.54,819.88,749.47,79.82,454.43,78.80
2457649,64991,12847,76151,1099807,2532,35356,12,13,1863,48,1455.94,116.48,1572.42,81.56,552.76,1172.51,369.78,101.91,454.15
2457235,73878,8630,31467,67052,6793,8848,1,8,1864,86,285.62,22.85,308.47,77.92,895.37,131.13,333.64,352.07,369.41
2457125,70638,1128,73773,274790,1400,38050,8,20,1865,6,1045.26,83.62,1128.88,39.52,906.88,478.10,362.35,243.54,430.69
2457998,38544,2263,28780,1597693,1790,34998,1,10,1866,38,1982.86,158.63,2141.49,53.91,73.13,1846.54,419.99,229.51,800.54
2456768,51163,12692,72293,1728874,2804,26472,2,29,1867,69,192.03,15.36,207.39,85.03,456.70,170.00,485.88,427.89,158.50
2456963,33844,11036,93985,162654,4845,41972,6,15,1868,58,520.65,41.65,562.30,66.95,60.39,130.99,152.57,180.31,32.27
2456807,58445,9102,2363,1020912,2497,14774,12,31,1869,82,781.67,62.53,844.20,98.32,662.96,718.73,207.26,272.43,982.45
2458450,57324,3521,41164,656561,708,25112,9,23,1870,14,1009.20,80.74,1089.94,7.11,562.02,199.37,184.19,326.47,1324.08
2458244,30277,1737,63117,1128516,3578,31813,9,10,1871,45,365.90,29.27,395.17,72.06,595.80,47.28,33.32,70.92,305.71
2458165,51628,5244,27657,310187,570,47983,5,13,1872,93,189.93,15.19,205.12,85.06,583.02,132.75,244.03,130.58,748.94
,30274,11476,83336,786947,2067,19874,2,31,1873,90,258.66,20.69,279.35,13.52,606.92,229.96,41.43,290.30,278.78
2457514,45751,9457,93664,910268,6611,41823,7,1,1874,53,740.81,59.26,800.07,7.63,576.20,425.57,393.73,435.78,223.24
2457525,55108,5135,83257,762167,2278,21482,1,16,1875,36,1629.40,130.35,1759.75,1.51,572.23,611.75,307.15,265.63,124.66
2457830,29113,5912,17762,774297,3320,10647,2,32,1876,97,1483.56,118.68,1602.24,21.89,62.19,821.77,48.72,286.69,412.79
2457163,69127,5286,79897,1843439,488,44644,12,7,1877,57,1431.23,114.50,1545.73,18.68,1.64,276.59,296.72,276.24,269.95
2457043,46796,7316,76217,784753,2506,9133,4,8,1878,88,316.58,25.33,341.91,36.41,225.27,49.38,49.32,473.10,1457.22
2458256,67908,2066,53450,156238,1331,5869,7,11,1879,11,38.36,3.07,41.43,11.45,793.11,7.76,337.60,159.86,641.91
2457580,47992,3050,95391,1052971,218,40334,11,10,1880,24,497.40,39.79,537.19,61.23,873.33,98.91,40.17,375.86,326.17
2456961,30456,1853,34852,744339,1443,19572,7,32,1881,17,1268.04,101.44,1369.48,27.07,919.78,1195.95,425.60,104.98,105.57
2457186,52541,14931,39582,323104,3191,32560,10,18,1882,68,1088.79,87.10,1175.89,26.23,724.22,45.68,188.88,248.99,729.78
2456926,46425,14578,46642,419735,5818,11138,3,4,1883,80,1988.59,159.09,2147.68,50.24,944.34,1429.06,209.89,36.73,672.24
2456790,56562,7989,74290,813776,1121,25005,10,1,1884,66,1246.07,99.69,1345.76,82.69,907.61,685.58,381.32,239.67,806.60
2458222,38600,2683,99717,974158,5484,33740,1,5,1885,43,1586.59,126.93,1713.52,64.63,873.96,1160.73,328.69,495.40,749.18
2457837,74259,17169,4749,1206684,7182,32915,4,30,1886,19,377.75,30.22,407.97,94.65,248.35,190.29,381.68,427.60,1267.02
2457685,45834,2501,75814,565099,225,23120,2,27,1887,7,1738.19,139.06,1877.25,57.84,461.97,244.74,104.60,311.87,743.17
2457091,44115,7150,33716,837541,2017,43815,3,15,1888,74,155.35,12.43,167.78,57.74,401.04,25.89,243.47,468.41,510.29
2457760,65777,6697,32888,405903,4131,13482,10,3,1889,15,307.42,24.59,332.01,80.01,645.08,239.02,313.29,450.27,1302.39
2457586,54746,6153,84376,754809,1901,27958,5,29,1890,49,527.35,42.19,569.54,2.06,7.40,151.36,100.56,477.11,386.55
2456875,41878,1146,26291,1466736,5773,47828,4,29,1891,31,157.55,12.60,170.15,14.50,740.93,97.59,262.49,408.92,860.02
2458187,55832,9382,95320,1801800,2832,31541,7,35,1892,35,290.03,23.20,313.23,62.99,538.63,20.18,377.31,290.23,533.24
2457748,30446,4932,21687,909135,5424,20060,8,7,1893,65,1111.55,88.92,1200.47,46.63,451.12,625.68,242.37,437.89,1211.65
2457685,56267,492,17961,249697,3101,32087,5,21,1894,81,333.83,26.71,360.54,7.86,886.01,297.99,254.79,67.37,156.35
2457507,40761,1206,47099,887161,80,31036,3,1,1895,19,1015.39,81.23,1096.62,45.43,774.91,859.69,309.25,474.46,188.86
2457375,70759,3038,56473,283068,3581,10549,7,3,1896,74,1428.30,114.26,1542.56,15.27,434.24,1249.46,464.52,426.62,608.78
2457434,33963,14528,54249,989513,3537,32490,9,3,1897,79,276.72,22.14,298.86,60.28,559.85,150.43,487.31,239.23,772.06
2457897,56488,8273,42884,1225546,3227,38055,2,4,1898,60,901.76,72.14,973.90,9.17,776.45,94.66,490.50,15.23,979.64
2457348,67885,11823,62933,1265046,4352,5979,1,25,1899,3,44.18,3.53,47.71,6.56,161.60,26.99,344.46,143.58,506.79
2456865,36353,10926,53622,823789,1544,2357,11,8,1900,29,1690.47,135.24,1825.71,61.52,689.77,204.45,430.59,433.13,637.67
2457759,67086,4108,20277,1056375,3893,555,5,28,1901,92,967.48,77.40,1044.88,95.50,571.75,902.14,229.89,383.60,44.45
,44152,13090,8499,1877323,6490,5301,10,13,1902,64,1310.99,104.88,1415.87,75.40,116.31,1115.42,26.15,355.88,407.16
2457779,64616,8293,91587,797934,709,793,3,25,1903,45,304.62,24.37,328.99,39.33,389.66,261.48,362.58,187.27,882.77
2457997,67743,17300,34432,1095161,4059,24333,10,14,1904,31,778.07,62.25,840.32,85.14,300.17,497.45,367.14,174.45,325.64
2457623,60747,5249,37083,609814,5285,46396,10,1,1905,47,145.62,11.65,157.27,89.87,7.84,89.50,373.47,149.36,1436.84
2457609,70257,11497,35941,1542616,4803,15867,4,19,1906,47,1899.84,151.99,2051.83,86.00,700.64,1489.01,277.67,190.43,840.37
2457734,30294,16824,56871,465929,911,29700,9,1,1907,41,610.57,48.85,659.42,67.58,289.98,14.55,389.55,170.06,348.79
,47509,12462,18432,625879,3045,40395,4,14,1908,58,930.12,74.41,1004.53,47.84,470.63,816.94,61.16,432.19,35.65
2458083,40339,9956,28610,668455,5416,8113,10,12,1909,91,1927.61,154.21,2081.82,78.27,546.82,220.47,15.82,225.90,295.98
2458417,54849,10150,26109,780960,1566,49523,7,4,1910,95,569.05,45.52,614.57,84.50,275.52,240.81,488.01,318.53,1352.35
2457454,69014,9954,65439,1431253,2285,22692,3,30,1911,69,1403.09,112.25,1515.34,99.67,959.37,1156.30,346.85,436.17,202.99
2457009,70978,1439,62666,1165274,2059,47369,6,34,1912,2,1810.02,144.80,1954.82,92.50,430.27,428.50,55.24,455.68,615.06
2458459,74927,6743,87097,1426189,2584,43269,4,12,1913,13,1867.30,149.38,2016.68,74.01,943.20,1419.83,72.57,465.96,1117.79
2458469,44206,2242,51423,305749,5238,48682,9,26,1914,63,1529.09,122.33,1651.42,59.71,345.91,1339.79,161.26,396.57,270.21
2457345,66540,673,24231,151569,7032,2471,7,32,1915,38,541.85,43.35,585.20,43.26,70.65,210.33,109.80,297.15,784.36
2457148,50196,16803,12940,719741,1501,49580,3,13,1916,49,1074.73,85.98,1160.71,86.54,226.02,572.35,192.59,336.60,998.59
2457769,74824,8827,81595,1617520,3918,8035,10,20,1917,46,1521.13,121.69,1642.82,63.47,380.05,902.61,249.22,244.15,381.32
2458458,72315,14102,61430,957973,1398,48229,9,28,1918,10,1702.80,136.22,1839.02,30.55,480.66,949.76,446.02,97.43,1235.52
2458119,70036,12642,,1211880,6446,39722,6,32,1919,12,454.01,36.32,490.33,13.03,249.42,165.62,430.72,317.81,113.37
2456990,34552,12075,16543,1336964,7061,4696,10,10,1920,19,1291.12,103.29,1394.41,92.94,39.03,700.75,457.20,95.91,1353.58
2457281,54468,651,41509,1636575,4787,41544,6,18,1921,85,1422.25,113.78,1536.03,6.88,870.77,149.78,399.11,269.17,96.68
2457757,69287,5972,65130,1742401,5152,24257,9,19,1922,74,1513.85,121.11,1634.96,5.57,571.92,75.38,76.32,304.16,754.09
2458022,40423,7552,75808,862062,1225,20692,8,25,1923,88,196.45,15.72,212.17,19.84,654.80,54.79,288.62,102.33,1165.72
2457936,74887,6743,83719,452107,631,43770,4,17,1924,9,4.49,0.36,4.85,88.33,297.87,1.37,17.62,409.09,962.09
2458034,56424,12099,1770,1049722,2443,30785,6,5,1925,68,518.68,41.49,560.17,99.31,662.99,33.82,414.47,136.35,193.66
2457128,36097,13147,33699,75798,5945,27118,4,20,1926,30,1548.25,123.86,1672.11,60.06,814.75,1129.37,378.26,347.05,1149.15
2457396,73622,13400,39789,1600213,6102,25601,8,,1927,64,1187.53,95.00,1282.53,89.29,123.34,617.45,234.14,102.61,1322.94
2458425,42352,9047,23909,926350,66,24612,6,23,1928,26,1790.42,143.23,1933.65,43.03,794.05,1386.29,74.68,209.33,639.81
2457753,62877,17407,977,70618,4672,24047,10,24,1929,49,1519.07,121.53,1640.60,79.26,922.45,1495.12,459.56,155.56,1320.06
2458443,54977,9748,25382,345827,447,24401,2,6,1930,48,1419.87,113.59,1533.46,91.02,580.62,1344.27,86.55,169.76,1294.14
2457088,44935,7901,,1769061,4555,93,2,15,1931,98,1049.31,83.94,1133.25,87.61,216.87,151.02,335.70,423.11,141.83
2458026,39566,1940,20400,1770935,2686,22891,11,10,1932,83,1842.14,147.37,1989.51,9.27,742.62,1771.22,306.85,242.45,998.11
2457954,51426,6145,7576,661990,2567,43906,6,12,1933,19,354.21,28.34,382.55,53.78,639.46,260.86,474.97,332.49,851.69
2457050,73081,13408,,1696722,4709,5021,1,8,1934,76,1149.12,91.93,1241.05,61.69,794.52,598.55,121.38,304.24,816.24
2456857,37888,564,67627,1778886,1658,17584,9,15,1935,24,878.34,70.27,948.61,64.25,707.99,232.31,344.21,499.30,941.36
2456888,47205,13605,75027,1490472,4680,7487,11,24,1936,3,1917.45,153.40,2070.85,94.69,405.76,390.94,43.98,310.55,983.42
2457969,75453,15408,,853241,6086,12444,8,14,1937,68,1453.41,116.27,1569.68,41.89,664.30,1225.41,445.70,472.00,1390.41
2457277,50580,12214,97,1543638,3564,7176,11,5,1938,60,908.35,72.67,981.02,72.59,205.29,835.15,293.54,197.22,921.49
2457555,43079,6049,38533,646115,4762,45179,7,3,1939,8,246.78,19.74,266.52,72.51,275.41,246.09,249.91,189.35,1368.83
2457852,53103,5061,78014,699272,5611,21101,10,32,1940,91,1088.55,87.08,1175.63,80.76,668.79,478.78,182.12,240.64,21.14
2457318,39857,7619,33130,9934,4739,44255,7,3,1941,68,1015.00,81.20,1096.20,9.80,536.48,478.75,54.68,131.44,305.50
2458062,58123,16570,27593,348746,6665,34308,1,10,1942,67,1567.13,125.37,1692.50,87.74,152.83,798.97,82.74,79.76,668.17
2457545,68713,9717,92122,364472,1700,9122,4,5,1943,14,304.96,24.40,329.36,79.47,54.83,203.28,403.93,303.84,167.36
2457061,36167,1920,95711,227573,6312,36731,11,5,1944,60,840.27,67.22,907.49,8.39,938.09,494.42,342.42,399.07,241.15
2457999,63404,7622,53274,67178,3596,10593,1,11,1945,16,966.43,77.31,1043.74,45.91,68.19,186.14,150.39,215.10,173.32
2458025,57215,4553,53425,594009,241,24193,8,24,1946,10,587.65,47.01,634.66,68.10,501.21,362.25,36.34,275.71,885.21
2457451,46780,10551,83980,216089,13,28063,3,7,1947,94,1512.48,121.00,1633.48,78.16,761.03,82.60,121.42,248.18,331.92
2457160,57231,15865,30706,1180349,7122,33675,12,17,1948,64,1482.66,118.61,1601.27,47.21,410.41,1297.96,176.63,371.03,147.72
2456865,46829,15730,76757,130308,354,34491,11,16,1949,39,262.23,20.98,283.21,30.16,520.41,66.19,230.93,283.80,166.44
2457899,30188,13048,82545,68626,1545,22085,8,28,1950,82,995.27,79.62,1074.89,21.79,265.23,213.46,349.94,270.25,357.17
2456974,48329,5357,34938,484216,2995,6158,10,28,1951,61,1352.35,108.19,1460.54,2.51,336.32,398.03,123.23,149.76,57.80
2458443,43008,370,78591,1044826,1054,27561,10,7,1952,63,1034.01,82.72,1116.73,91.16,890.43,926.96,130.92,192.89,650.28
2457463,30279,2908,36305,796890,4850,45639,3,1,1953,47,303.12,24.25,327.37,9.17,235.39,227.13,208.64,356.86,563.74
2458224,36635,4630,33389,143374,2601,31659,3,30,1954,39,10.87,0.87,11.74,11.08,487.15,5.30,195.07,339.88,1307.26
2457889,45098,8206,73534,846296,5816,19075,11,28,1955,95,716.92,57.35,774.27,55.03,807.05,617.84,136.64,351.39,582.57
2457219,50988,2548,,1162593,2511,1199,9,2,1956,67,789.20,63.14,852.34,68.71,299.34,615.16,452.33,96.14,350.84
2456881,30876,6763,78644,1886616,6514,46498,10,33,1957,82,376.29,30.10,406.39,50.62,539.03,159.76,141.92,19.48,1063.87
2457406,52724,10913,14374,1043603,6685,24665,11,32,1958,61,881.34,70.51,951.85,12.23,441.59,720.91,221.08,50.78,525.82
2458082,63019,11641,66812,618364,2809,16987,12,7,1959,78,984.58,78.77,1063.35,39.89,51.18,624.91,147.80,367.47,1486.16
2457167,38191,10734,98913,1078166,5782,25915,7,32,1960,27,130.93,10.47,141.40,2.66,643.64,65.47,282.16,148.34,773.82
2458130,39584,17956,3644,287439,4539,16516,10,32,1961,85,1588.28,127.06,1715.34,62.64,71.46,1404.62,480.03,427.32,1040.43
2457376,51391,1032,42646,1631648,1498,34971,3,19,1962,48,183.07,14.65,197.72,77.89,271.12,140.02,26.00,284.08,803.24
2457206,32222,1370,71564,792216,3729,21629,5,12,1963,71,1947.85,155.83,2103.68,94.45,506.22,1282.59,272.37,245.84,468.33
2457969,64366,7037,74210,109796,5017,21237,3,2,1964,20,1878.95,150.32,2029.27,28.00,491.80,781.34,341.82,459.33,398.63
2458449,73258,2442,20552,571371,4707,23987,5,25,1965,67,1977.31,158.18,2135.49,59.50,343.36,1800.05,78.88,163.50,247.84
2457253,52347,16209,85881,464709,4523,8785,3,13,1966,41,1899.95,152.00,2051.95,83.33,636.51,66.91,114.56,305.87,1255.87
2458447,43650,14888,15514,156178,5399,36991,3,19,1967,34,1500.08,120.01,1620.09,99.09,919.56,610.73,122.28,416.27,65.07
2457308,38113,13757,54140,1003933,6081,43665,7,8,1968,90,1745.80,139.66,1885.46,84.76,789.72,613.02,38.16,304.12,102.29
2457166,52046,2964,23170,153115,5627,39990,5,14,1969,71,983.60,78.69,1062.29,90.98,587.75,624.12,303.86,394.85,850.66
2457105,45732,13373,88957,851965,6574,305,2,3,1970,57,1001.53,80.12,1081.65,54.91,582.30,824.96,485.41,98.18,673.98
2456806,56441,3961,38491,210086,3927,26114,7,20,1971,80,527.44,42.20,569.64,78.13,492.32,269.12,36.51,0.32,739.33
2458404,46420,10519,62518,447022,5591,29397,12,6,1972,87,1925.94,154.08,2080.02,92.37,501.39,1028.31,181.79,19.49,155.58
2458268,54208,3405,29644,1826098,4003,4198,12,35,1973,20,1065.41,85.23,1150.64,5.64,40.52,528.75,440.72,474.77,365.99
2458194,73150,12299,23182,1285700,4162,27202,1,4,1974,23,799.49,63.96,863.45,4.40,734.27,763.04,454.13,426.51,605.91
2457188,64989,9181,89295,24108,5833,20831,9,20,1975,23,774.24,61.94,836.18,60.63,856.15,312.33,413.93,117.74,776.09
2456904,51181,13147,14937,1098096,2903,41755,1,18,1976,13,54.19,4.34,58.53,11.49,295.41,42.88,187.53,50.75,824.37
,34081,13899,96040,531957,5647,4747,11,31,1977,4,1224.51,97.96,1322.47,31.59,758.85,142.67,206.66,2.97,440.63
2457730,31136,9381,48703,1192773,4976,1151,11,14,1978,92,298.02,23.84,321.86,43.64,162.86,176.37,431.04,284.28,953.76
2458314,41366,13544,6496,22320,1311,39783,6,12,1979,44,1022.57,81.81,1104.38,80.86,601.72,665.83,1.57,338.23,105.62
2457779,44777,17719,51228,324317,3490,42508,8,16,1980,100,926.41,74.11,1000.52,5.46,437.27,104.68,496.40,497.86,1440.55
2457049,53598,10066,15722,1811994,5660,11024,1,3,1981,41,573.34,45.87,619.21,82.76,285.33,43.17,294.77,195.47,1264.89
2457827,68130,9963,69544,1696825,4907,3395,7,22,1982,43,1695.26,135.62,1830.88,86.30,555.93,23.88,301.59,348.59,673.54
2457379,57556,1304,1370,1082388,809,29916,9,7,1983,72,996.23,79.70,1075.93,3.31,503.09,714.48,387.38,158.73,600.91
2457827,34723,9822,12002,411326,1582,39215,12,15,1984,83,1013.89,81.11,1095.00,56.59,873.39,351.74,204.91,107.61,166.48
2458096,63284,9048,15773,942133,4680,49312,4,32,1985,54,1264.62,101.17,1365.79,0.51,60.90,233.19,41.11,234.33,329.11
2458370,69225,110,74875,547016,2828,6280,11,20,1986,80,633.57,50.69,684.26,82.46,29.85,551.80,489.20,99.16,1444.24
2457496,38415,14385,78887,721895,2838,26971,5,13,1987,44,555.79,44.46,600.25,64.28,207.32,471.96,222.81,473.20,599.44
2456869,72201,13845,83672,1549929,7011,26712,4,1,1988,76,389.20,31.14,420.34,45.62,685.22,80.71,92.77,177.23,976.54
2457281,49636,17363,76430,516998,2105,7558,8,14,1989,97,226.82,18.15,244.97,67.36,338.30,102.79,330.16,253.70,443.16
2457788,32910,4794,1656,1226853,3928,7529,4,33,1990,20,1972.14,157.77,2129.91,50.08,50.20,1799.89,73.60,488.34,1499.94
2457779,49095,4901,83168,365065,363,9502,4,29,1991,12,159.71,12.78,172.49,51.76,94.11,62.13,39.79,190.05,662.56
,52307,10415,62353,1256037,1533,15890,10,33,1992,89,211.20,16.90,228.10,31.85,335.82,49.97,78.50,122.84,268.25
,67840,16262,72204,146396,2714,24684,11,19,1993,78,147.27,11.78,159.05,33.65,227.59,18.15,227.94,274.98,1012.79
2457662,29422,2563,40795,1255969,5684,12034,12,28,1994,7,1517.53,121.40,1638.93,33.07,438.43,588.42,426.54,2.94,207.80
2456801,47402,4976,37873,1038096,3605,12943,7,2,1995,68,1253.34,100.27,1353.61,12.46,835.06,30.68,266.43,275.85,1039.83
2457480,69044,6878,86515,1790425,4972,26126,2,2,1996,78,405.53,32.44,437.97,17.13,979.71,398.49,431.03,384.45,125.45
2456762,71447,1995,24094,1086594,1481,11824,7,28,1997,81,262.62,21.01,283.63,1.06,441.57,33.19,412.93,144.19,773.77
2457904,47370,141,59510,1171133,479,41891,7,27,1998,78,1791.49,143.32,1934.81,2.73,463.31,1489.20,187.24,497.66,1498.18
2458122,70885,13302,74970,289780,5789,1608,5,6,1999,71,869.81,69.58,939.39,2.88,230.21,580.03,119.82,135.20,720.55
2458448,45907,13920,93989,1318530,4048,32472,2,11,2000,39,727.67,58.21,785.88,37.95,802.75,313.30,471.75,52.75,651.40
