"WR_RETURNED_DATE_SK","WR_RETURNED_TIME_SK","WR_ITEM_SK","WR_REFUNDED_CUSTOMER_SK","WR_REFUNDED_CDEMO_SK","WR_REFUNDED_HDEMO_SK","WR_REFUNDED_ADDR_SK","WR_RETURNING_CUSTOMER_SK","WR_RETURNING_CDEMO_SK","WR_RETURNING_HDEMO_SK","WR_RETURNING_ADDR_SK","WR_WEB_PAGE_SK","WR_REASON_SK","WR_ORDER_NUMBER","WR_RETURN_QUANTITY","WR_RETURN_AMT","WR_RETURN_TAX","WR_RETURN_AMT_INC_TAX","WR_FEE","WR_RETURN_SHIP_COST","WR_REFUNDED_CASH","WR_REVERSED_CHARGE","WR_ACCOUNT_CREDIT","WR_NET_LOSS"
2457971,55239,4693,7802,1549570,1285,23075,7802,1549570,1285,23075,47,33,1,2,436.52,34.92,471.44,91.46,742.99,237.88,258.35,424.41,320.86
2457938,30575,7689,70529,149324,2075,25698,70529,149324,2075,25698,23,30,2,19,1760.55,140.84,1901.39,13.38,232.53,710.93,152.53,184.32,55.55
2456783,16619,12377,6110,1026637,925,35446,6110,1026637,925,35446,53,15,3,60,1737.32,138.99,1876.31,27.20,351.92,170.00,96.08,146.60,152.64
2458300,30845,3533,24065,232258,3183,40330,24065,232258,3183,40330,49,19,4,98,2058.28,164.66,2222.94,84.40,927.98,1948.05,288.97,318.30,1137.02
2458227,58550,13045,52707,1056940,6380,49286,52707,1056940,6380,49286,48,11,5,61,1445.11,115.61,1560.72,89.75,158.78,440.34,17.15,46.92,462.11
2458268,43708,12426,21058,1693366,822,30428,21058,1693366,822,30428,30,1,6,76,1512.89,121.03,1633.92,99.58,75.67,500.14,76.68,263.21,406.91
2457384,15504,9398,5212,1634547,3851,2894,5212,1634547,3851,2894,31,30,7,44,2716.51,217.32,2933.83,43.17,723.89,1712.98,292.96,476.80,1080.25
2457145,4636,9919,48617,372929,3065,20608,48617,372929,3065,20608,33,30,8,60,2988.73,239.10,3227.83,60.64,189.17,1697.97,344.50,314.16,1030.42
2457048,14914,11558,84473,1615872,5758,26543,84473,1615872,5758,26543,23,14,9,26,480.04,38.40,518.44,72.63,628.15,291.72,453.34,50.87,29.24
2456977,15725,15329,80111,1257118,89,186,80111,1257118,89,186,49,23,10,2,1127.72,90.22,1217.94,54.06,674.71,689.39,172.23,183.88,291.31
2456920,68135,3413,36924,556973,4439,32999,36924,556973,4439,32999,60,33,11,30,25.20,2.02,27.22,7.19,457.08,1.15,344.32,480.47,973.79
2457050,81153,12794,67133,1498699,3198,14189,67133,1498699,3198,14189,36,2,12,32,25.61,2.05,27.66,40.29,216.50,4.07,199.08,29.58,694.24
2457009,65283,3909,86015,858084,2374,1922,86015,858084,2374,1922,8,21,13,66,330.84,26.47,357.31,79.75,499.61,205.80,456.78,283.88,927.95
2457878,75416,13342,8456,195797,257,27852,8456,195797,257,27852,27,25,14,74,1575.15,126.01,1701.16,82.74,650.67,1560.05,312.63,451.42,459.41
2457073,77821,13008,98368,1848587,3064,43790,98368,1848587,3064,43790,21,15,15,96,468.40,37.47,505.87,93.91,570.25,335.48,274.65,495.16,1310.59
2458244,13280,14863,92799,881162,5323,47951,92799,881162,5323,47951,5,16,16,43,1572.31,125.78,1698.09,2.98,105.32,755.37,193.37,73.75,462.18
2457411,31414,6959,92432,127547,2603,1530,92432,127547,2603,1530,7,5,17,30,1014.36,81.15,1095.51,27.97,788.28,818.01,123.88,274.49,1393.83
2458297,18769,16093,30037,1375702,6277,3935,30037,1375702,6277,3935,11,24,18,26,61.02,4.88,65.90,22.95,680.98,26.51,383.10,287.38,872.72
2457404,14604,15878,15697,1889323,4375,32369,15697,1889323,4375,32369,25,24,19,75,574.55,45.96,620.51,52.25,372.29,465.60,202.74,332.96,765.14
2457951,63384,16255,66582,1128830,3759,4685,66582,1128830,3759,4685,26,31,20,70,2253.61,180.29,2433.90,55.30,431.55,1212.50,142.57,487.40,922.07
2457235,63547,4188,80806,1531189,4020,47696,80806,1531189,4020,47696,15,5,21,87,904.12,72.33,976.45,44.63,513.86,511.84,30.45,72.03,67.99
2457563,79312,7527,33375,1682291,1941,30490,33375,1682291,1941,30490,10,8,22,55,1669.22,133.54,1802.76,43.03,614.07,765.39,282.33,388.28,38.16
2456883,30935,3025,21849,1713791,3152,33761,21849,1713791,3152,33761,48,4,23,37,586.14,46.89,633.03,63.52,842.35,238.28,469.59,496.97,21.26
2457563,79320,9155,27093,205940,5776,31298,27093,205940,5776,31298,42,23,24,80,238.71,19.10,257.81,76.90,120.56,96.20,181.94,77.47,1360.35
2457242,57477,8835,72395,1500580,2102,32573,72395,1500580,2102,32573,1,15,25,9,1238.03,99.04,1337.07,93.97,749.99,931.32,433.06,316.39,313.82
2457039,34160,4711,81739,1547256,1823,41172,81739,1547256,1823,41172,51,12,26,96,69.85,5.59,75.44,75.06,843.74,18.23,450.25,464.99,1360.89
2457691,65659,9046,20417,416141,4714,43063,20417,416141,4714,43063,11,20,27,91,2034.18,162.73,2196.91,74.84,914.06,109.32,207.54,483.37,5.14
2457825,43876,7242,41912,1040080,1035,7439,41912,1040080,1035,7439,52,15,28,49,614.30,49.14,663.44,68.21,676.43,78.69,318.98,14.95,221.77
2458271,894,935,80245,1755962,4194,17021,80245,1755962,4194,17021,33,20,29,49,1473.50,117.88,1591.38,51.33,153.79,866.62,25.13,434.85,634.56
2457209,37999,6296,48873,1259931,69,29415,48873,1259931,69,29415,48,31,30,14,2472.37,197.79,2670.16,15.16,119.02,980.88,434.98,428.06,834.33
2457368,58571,1055,66813,1183955,2314,12135,66813,1183955,2314,12135,3,27,31,90,985.11,78.81,1063.92,92.06,495.57,856.91,472.90,32.49,1277.57
2456957,72717,8331,1421,53972,1706,45332,1421,53972,1706,45332,58,3,32,33,2229.60,178.37,2407.97,35.50,83.12,1970.33,252.63,357.69,615.15
2456856,17018,1426,75374,1133831,3487,39048,75374,1133831,3487,39048,14,,33,80,644.92,51.59,696.51,26.16,65.76,25.45,380.72,170.14,1088.32
2458412,1503,16683,85639,308105,5583,2041,85639,308105,5583,2041,20,12,34,85,2722.86,217.83,2940.69,7.31,833.35,1991.98,1.77,344.85,89.11
2457831,43122,3867,86413,844183,4559,8303,86413,844183,4559,8303,7,13,35,88,601.57,48.13,649.70,42.22,473.48,514.27,435.46,164.26,1034.25
2457567,71769,11585,20187,1513610,4209,8966,20187,1513610,4209,8966,3,13,36,72,584.76,46.78,631.54,89.08,886.46,432.54,20.24,226.14,1437.05
2457471,30981,2206,76518,85526,2975,18008,76518,85526,2975,18008,26,23,37,23,254.54,20.36,274.90,23.21,639.42,120.52,220.62,7.02,676.73
2456834,9705,12794,878,585717,1276,43662,878,585717,1276,43662,19,5,38,69,192.02,15.36,207.38,70.59,952.37,24.27,76.87,257.08,1463.17
2458432,66554,12914,82316,1022266,5038,32197,82316,1022266,5038,32197,50,32,39,45,282.07,22.57,304.64,5.88,449.21,169.44,56.16,227.13,347.91
2457106,74262,14841,72824,886601,797,1898,72824,886601,797,1898,53,5,40,97,1797.05,143.76,1940.81,89.27,958.80,11.76,121.83,58.99,706.53
2458393,31665,16774,40591,1280917,516,14328,40591,1280917,516,14328,17,2,41,87,2204.17,176.33,2380.50,71.84,717.00,507.78,401.13,445.94,1362.04
2457445,65031,8784,73103,1736917,1606,15272,73103,1736917,1606,15272,39,6,42,5,2582.46,206.60,2789.06,31.49,381.62,870.31,121.75,244.64,1335.94
2457403,53765,10651,23570,391161,398,18247,23570,391161,398,18247,5,31,43,26,23.84,1.91,25.75,12.72,921.82,15.90,461.65,2.56,781.44
2457050,77119,2629,82420,1903434,342,26547,82420,1903434,342,26547,56,3,44,55,591.41,47.31,638.72,97.21,499.33,422.31,203.36,188.42,930.23
2458335,35954,15497,67688,1121366,7124,30639,67688,1121366,7124,30639,37,5,45,27,1206.55,96.52,1303.07,3.34,757.18,202.03,272.37,250.01,104.30
2458157,46053,9047,18913,295850,3945,42117,18913,295850,3945,42117,35,6,46,64,2671.47,213.72,2885.19,92.33,428.88,1727.19,373.99,88.29,1461.84
2457714,79035,12388,86940,1007655,1283,46380,86940,1007655,1283,46380,47,9,47,12,881.69,70.54,952.23,80.34,15.25,351.10,350.42,53.83,661.87
2457003,27034,6261,58000,1248330,3018,13240,58000,1248330,3018,13240,45,17,48,39,436.70,34.94,471.64,15.90,139.24,181.69,480.47,224.99,310.95
2457574,24423,4244,85565,1747529,2816,24371,85565,1747529,2816,24371,1,33,49,33,473.15,37.85,511.00,51.86,536.08,95.29,228.19,148.47,510.22
2458227,60269,16765,35572,438008,3324,30783,35572,438008,3324,30783,2,3,50,11,185.93,14.87,200.80,67.83,36.41,138.10,464.99,236.25,982.90
2457291,39670,11894,52401,1549238,7128,42027,52401,1549238,7128,42027,35,31,51,91,1713.58,137.09,1850.67,64.85,375.37,1521.27,493.17,183.63,470.38
2457567,76804,16000,82126,1574738,1603,35969,82126,1574738,1603,35969,29,2,52,63,2534.14,202.73,2736.87,69.06,282.14,2324.51,407.80,320.65,849.84
2458344,66104,14118,10378,403543,6294,33507,10378,403543,6294,33507,17,24,53,77,1402.94,112.24,1515.18,22.66,928.67,1238.35,411.11,461.38,183.70
2457732,71071,10441,12784,1270573,451,26987,12784,1270573,451,26987,20,16,54,81,221.00,17.68,238.68,64.20,718.31,201.55,122.73,121.59,1284.59
2457940,12827,15661,97683,1890543,5305,7378,97683,1890543,5305,7378,17,12,55,7,2769.53,221.56,2991.09,36.05,112.94,1173.89,205.94,45.50,1264.37
2457848,67458,2047,37899,1889259,818,7900,37899,1889259,818,7900,58,27,56,75,1211.29,96.90,1308.19,38.73,262.78,324.30,495.67,161.37,1121.17
2457679,78783,11413,30769,79507,1299,46763,30769,79507,1299,46763,51,,57,10,2504.37,200.35,2704.72,58.90,456.98,104.17,354.83,64.57,582.90
2457578,80357,9729,87221,71542,2242,33831,87221,71542,2242,33831,56,35,58,1,1918.67,153.49,2072.16,78.71,55.25,726.14,390.40,229.50,44.91
2456869,17648,15326,20722,775353,1991,26674,20722,775353,1991,26674,41,30,59,27,2442.34,195.39,2637.73,37.59,261.34,1259.15,202.50,396.86,699.97
2458358,44982,10171,14135,1855093,7192,26843,14135,1855093,7192,26843,55,31,60,97,2517.11,201.37,2718.48,48.71,716.69,1310.20,495.19,402.26,1425.51
2456861,1634,16033,43690,793123,4829,48985,43690,793123,4829,48985,24,20,61,92,278.43,22.27,300.70,65.98,998.64,193.98,425.25,420.87,1149.98
2457279,2800,4713,81512,825629,1529,45638,81512,825629,1529,45638,23,21,62,100,2574.04,205.92,2779.96,0.51,324.80,420.00,197.94,10.39,732.14
2458325,29048,9608,25348,1631204,3581,38168,25348,1631204,3581,38168,11,34,63,87,2243.09,179.45,2422.54,96.60,338.57,1793.65,124.80,92.66,1476.99
2457754,84343,8673,5599,782958,1249,47308,5599,782958,1249,47308,23,16,64,45,1639.73,131.18,1770.91,29.97,283.04,84.77,372.50,278.60,699.19
2458011,58163,11169,79211,1213662,3625,45076,79211,1213662,3625,45076,41,31,65,23,2953.07,236.25,3189.32,67.94,699.30,470.72,187.60,4.60,588.82
2458346,78432,5348,70489,1584129,5018,20044,70489,1584129,5018,20044,51,31,66,99,1686.93,134.95,1821.88,50.89,326.57,996.06,267.51,428.90,31.61
2457815,24789,11805,38915,1514071,5991,8687,38915,1514071,5991,8687,42,35,67,31,1057.62,84.61,1142.23,26.99,787.13,794.36,184.09,231.91,983.34
2456878,82133,14112,80993,44352,2287,14698,80993,44352,2287,14698,29,29,68,92,2155.84,172.47,2328.31,35.33,821.06,1482.08,387.36,463.07,1436.57
2458066,49356,8961,36774,259264,2518,8820,36774,259264,2518,8820,35,16,69,91,1190.21,95.22,1285.43,26.31,425.65,1053.30,218.70,313.53,289.77
2457381,47996,1035,76903,1178318,3132,13228,76903,1178318,3132,13228,49,32,70,71,1666.02,133.28,1799.30,87.19,309.24,1092.75,133.67,475.77,235.08
2458364,14446,13077,82409,462026,5731,40077,82409,462026,5731,40077,40,19,71,44,2279.14,182.33,2461.47,88.15,590.44,70.45,402.78,277.49,942.46
2457667,37407,8639,81882,1746509,2781,10133,81882,1746509,2781,10133,46,20,72,48,900.34,72.03,972.37,45.83,25.19,4.60,161.78,486.29,233.71
2457921,23131,6629,90348,1283559,4775,35190,90348,1283559,4775,35190,52,24,73,61,296.09,23.69,319.78,25.71,60.90,205.99,471.96,231.22,49.59
2457284,2489,13,86815,1476646,4707,46218,86815,1476646,4707,46218,39,19,74,87,2534.88,202.79,2737.67,49.74,279.80,1366.02,39.89,404.37,967.06
2456813,16223,2222,19173,1163564,2477,29861,19173,1163564,2477,29861,42,11,75,11,1045.35,83.63,1128.98,34.50,161.32,252.66,76.31,236.32,302.55
2458458,52468,6927,22291,633147,3549,15434,22291,633147,3549,15434,28,31,76,45,537.88,43.03,580.91,83.50,101.39,415.09,459.14,128.63,412.76
2456772,31995,1311,2587,1003999,3897,3637,2587,1003999,3897,3637,30,21,77,61,958.24,76.66,1034.90,70.59,67.68,675.55,56.52,423.26,360.72
2457658,22872,1197,71324,1724484,4012,32500,71324,1724484,4012,32500,52,24,78,62,54.18,4.33,58.51,80.72,543.32,12.05,466.34,104.53,163.63
2456784,24672,13924,39902,364369,3750,2924,39902,364369,3750,2924,28,34,79,9,1940.30,155.22,2095.52,25.43,61.22,286.75,355.88,59.28,443.42
2457581,51139,3344,6551,1322663,1566,18373,6551,1322663,1566,18373,1,27,80,11,740.76,59.26,800.02,83.52,909.40,74.25,343.30,268.43,483.08
2456957,83219,6616,92437,1844051,183,3253,92437,1844051,183,3253,26,23,81,65,276.70,22.14,298.84,22.48,394.88,273.81,47.88,28.95,237.80
2456946,18222,12392,52953,184839,4445,7810,52953,184839,4445,7810,43,5,82,21,948.07,75.85,1023.92,11.06,552.51,839.37,421.39,80.65,114.88
2456897,22720,12348,44245,1195079,789,13898,44245,1195079,789,13898,24,16,83,16,1675.49,134.04,1809.53,32.65,185.78,88.35,466.24,240.68,923.70
2457117,84694,307,29305,1475879,3661,9526,29305,1475879,3661,9526,7,8,84,43,863.10,69.05,932.15,6.49,900.91,35.85,163.61,123.31,271.76
2457831,32106,14843,41549,4027,3685,4362,41549,4027,3685,4362,59,13,85,4,269.87,21.59,291.46,90.17,444.12,46.07,171.95,119.60,817.49
2457492,585,15748,97573,907666,970,22387,97573,907666,970,22387,16,25,86,61,813.36,65.07,878.43,12.61,15.71,569.04,408.70,147.90,1044.40
2457076,31851,2320,38433,1137283,16,41790,38433,1137283,16,41790,28,18,87,6,419.85,33.59,453.44,45.98,861.74,233.03,177.53,250.22,1235.29
2457172,41619,13578,60646,1869770,6286,19969,60646,1869770,6286,19969,25,22,88,42,2977.54,238.20,3215.74,81.75,122.47,1521.99,54.68,302.77,1444.52
2457929,83291,211,53439,1750940,2612,17441,53439,1750940,2612,17441,45,26,89,95,1770.07,141.61,1911.68,6.29,56.99,864.42,41.76,126.81,1270.53
2458409,39491,75,71756,1423070,489,9471,71756,1423070,489,9471,17,25,90,24,1832.48,146.60,1979.08,81.86,472.62,961.70,484.57,324.64,932.63
2457622,78356,1710,79543,1352878,7010,35879,79543,1352878,7010,35879,13,19,91,58,90.49,7.24,97.73,89.92,708.84,33.53,173.84,79.22,681.41
2457882,19786,10730,38632,1666430,1047,27945,38632,1666430,1047,27945,56,12,92,77,2776.81,222.14,2998.95,95.60,104.79,1374.78,123.17,197.30,818.38
2457325,8934,6629,73086,804638,2728,15234,73086,804638,2728,15234,48,10,93,18,1189.03,95.12,1284.15,64.19,123.08,778.67,147.05,190.41,629.16
2458341,55810,17836,23693,266061,4748,8382,23693,266061,4748,8382,27,24,94,56,1125.05,90.00,1215.05,34.18,741.63,857.64,201.25,16.54,91.63
2456927,54515,1904,99867,1128218,4894,13923,99867,1128218,4894,13923,44,2,95,16,2569.86,205.59,2775.45,58.85,141.00,1831.32,7.33,499.18,647.51
2457321,50865,14039,13058,264041,3422,46598,13058,264041,3422,46598,21,15,96,83,769.61,61.57,831.18,47.55,214.11,355.27,204.50,73.10,723.80
2458154,11365,10569,17858,633472,3240,30439,17858,633472,3240,30439,58,22,97,23,2330.23,186.42,2516.65,18.29,814.79,1837.88,184.18,129.28,124.59
2458295,68693,10133,45929,655752,3745,9319,45929,655752,3745,9319,47,19,98,13,1928.95,154.32,2083.27,23.99,165.79,1047.73,33.32,437.41,1414.74
2456966,49588,6670,22080,1504825,6413,20464,22080,1504825,6413,20464,14,3,99,65,2393.10,191.45,2584.55,37.46,134.03,739.50,96.61,283.58,1397.28
2456862,58710,2550,90549,858634,4115,27895,90549,858634,4115,27895,24,16,100,46,622.59,49.81,672.40,73.30,821.84,103.64,342.62,423.49,158.41
2458333,66239,449,54455,1088182,6044,22041,54455,1088182,6044,22041,60,1,101,47,283.93,22.71,306.64,77.60,20.24,67.92,469.43,128.04,897.70
2457554,10943,6499,52644,1547613,2093,18600,52644,1547613,2093,18600,19,33,102,51,110.25,8.82,119.07,38.58,580.15,15.34,100.57,70.15,378.36
2457995,8023,5809,62391,1539776,3277,18473,62391,1539776,3277,18473,21,35,103,63,1976.14,158.09,2134.23,55.97,586.90,594.48,478.07,393.01,869.53
2457887,38314,7934,38967,897071,2742,36650,38967,897071,2742,36650,52,3,104,41,2050.45,164.04,2214.49,48.98,384.69,22.45,181.16,52.15,450.62
2457119,52256,15161,18058,1191214,3458,46416,18058,1191214,3458,46416,38,21,105,48,472.02,37.76,509.78,25.44,39.66,178.68,464.97,340.78,1056.17
2457792,56948,13378,86625,583159,2530,24331,86625,583159,2530,24331,26,27,106,48,1515.62,121.25,1636.87,86.56,766.17,371.89,302.15,93.18,254.79
2458342,25881,13352,65018,1213058,4325,19940,65018,1213058,4325,19940,5,28,107,49,2691.43,215.31,2906.74,37.89,638.54,2112.15,76.78,141.60,678.49
2457454,12493,15772,21463,621379,2973,31964,21463,621379,2973,31964,45,15,108,59,2832.18,226.57,3058.75,47.36,691.25,2402.54,332.18,2.20,632.07
2458026,38852,15048,527,1795526,7068,30770,527,1795526,7068,30770,34,26,109,44,2955.14,236.41,3191.55,50.92,88.19,1317.35,259.96,425.43,492.75
2458467,73181,17260,43435,462034,2246,47672,43435,462034,2246,47672,24,20,110,63,244.22,19.54,263.76,37.75,538.96,201.16,36.81,478.45,388.32
2457601,78020,9851,21423,1850995,6289,12773,21423,1850995,6289,12773,22,7,111,67,2664.77,213.18,2877.95,94.79,788.00,2372.51,259.60,295.91,125.35
2456895,28545,14481,2920,1697643,726,3861,2920,1697643,726,3861,8,5,112,26,2752.58,220.21,2972.79,86.62,493.13,2433.55,430.03,428.46,1309.05
2458242,27208,12319,53114,1090698,2740,10881,53114,1090698,2740,10881,15,14,113,49,152.01,12.16,164.17,92.86,547.31,115.43,99.34,274.14,387.70
2456839,84666,4001,41034,996421,1586,36189,41034,996421,1586,36189,23,4,114,75,523.11,41.85,564.96,18.06,498.20,209.43,108.24,240.08,1345.20
2456848,35399,4889,2646,1720659,1834,19575,2646,1720659,1834,19575,27,27,115,12,776.25,62.10,838.35,36.09,97.82,507.87,95.79,485.28,749.03
2456891,15907,10331,100000,204553,2668,4998,100000,204553,2668,4998,25,34,116,41,20.24,1.62,21.86,21.79,847.48,2.49,165.09,188.19,910.51
2457877,14902,6536,36867,628,580,40480,36867,628,580,40480,15,13,117,36,619.71,49.58,669.29,59.54,435.69,56.78,247.52,22.10,571.74
,41715,8740,22648,508133,3909,42919,22648,508133,3909,42919,53,29,118,78,1940.83,155.27,2096.10,1.02,698.80,1189.40,277.70,397.95,921.31
2458167,61902,1019,90141,1459791,2233,13,90141,1459791,2233,13,51,25,119,25,1206.32,96.51,1302.83,23.53,111.22,535.90,81.41,449.82,1328.51
2458253,20967,12894,95579,1581278,3619,43016,95579,1581278,3619,43016,3,32,120,21,1265.20,101.22,1366.42,61.83,625.44,1023.61,258.49,472.22,62.20
2457105,57053,8382,31459,1007448,2379,28278,31459,1007448,2379,28278,48,28,121,34,413.83,33.11,446.94,17.07,236.20,395.42,340.67,120.16,1303.59
2457976,46461,9780,43948,420029,5049,49914,43948,420029,5049,49914,59,4,122,12,896.88,71.75,968.63,39.05,139.63,211.44,2.71,56.31,1444.35
2458370,79915,1138,68826,1605242,1787,33451,68826,1605242,1787,33451,4,4,123,32,2648.46,211.88,2860.34,98.11,348.43,802.52,436.85,4.03,490.08
2458025,26776,14635,5614,1563337,509,5932,5614,1563337,509,5932,45,12,124,59,2169.46,173.56,2343.02,45.47,152.37,1133.52,414.16,193.89,103.71
2456831,68443,17962,27124,386121,1162,39737,27124,386121,1162,39737,10,6,125,12,1845.86,147.67,1993.53,19.24,508.50,1318.63,36.02,165.44,47.69
2458297,10145,2257,36284,1225302,3286,9867,36284,1225302,3286,9867,49,28,126,70,2415.59,193.25,2608.84,11.41,665.41,1197.42,419.47,43.49,1426.69
2457558,45530,12481,25292,29480,4268,46732,25292,29480,4268,46732,56,7,127,98,1412.53,113.00,1525.53,97.78,771.94,1207.22,24.07,417.69,52.41
2457652,56700,4574,68514,1874433,5247,17507,68514,1874433,5247,17507,41,32,128,52,2435.66,194.85,2630.51,35.45,554.54,35.10,3.49,291.77,1112.30
2458144,55048,3682,38699,1351483,6315,36678,38699,1351483,6315,36678,35,34,129,45,1041.52,83.32,1124.84,71.44,745.38,375.46,156.27,431.05,314.45
2457023,48151,12026,73993,1227206,3623,26853,73993,1227206,3623,26853,7,12,130,28,779.84,62.39,842.23,47.11,867.77,754.39,407.36,418.70,1475.21
2458165,12710,7636,72463,564246,1250,1923,72463,564246,1250,1923,37,10,131,46,1248.45,99.88,1348.33,3.99,465.02,761.19,345.06,458.13,787.33
2456808,20184,14201,84321,1516960,5600,37114,84321,1516960,5600,37114,39,35,132,93,581.10,46.49,627.59,80.44,969.80,165.35,395.62,126.34,538.23
2458196,9740,14920,65508,939973,3935,28691,65508,939973,3935,28691,32,8,133,29,1958.56,156.68,2115.24,8.43,369.65,1766.27,254.32,487.48,18.24
2456960,60403,2686,44765,1769248,3857,44956,44765,1769248,3857,44956,59,5,134,86,385.37,30.83,416.20,39.94,760.26,23.45,373.91,17.73,18.99
2457952,61688,11082,28573,1785388,6962,24945,28573,1785388,6962,24945,39,4,135,33,554.71,44.38,599.09,62.46,977.36,263.10,153.67,302.30,1433.39
2458365,35902,9334,47839,1592669,3314,31544,47839,1592669,3314,31544,14,9,136,76,142.45,11.40,153.85,54.17,876.57,1.71,46.51,426.45,1323.14
2457127,17637,11325,61220,451076,5095,41356,61220,451076,5095,41356,13,26,137,15,1175.02,94.00,1269.02,42.62,199.93,386.86,224.78,373.77,747.78
2457041,11137,6352,38022,1048739,1996,47609,38022,1048739,1996,47609,22,8,138,99,633.33,50.67,684.00,43.31,155.96,354.97,102.82,310.34,185.94
2458226,31212,4250,62480,350823,4604,39406,62480,350823,4604,39406,21,30,139,49,511.40,40.91,552.31,86.13,199.38,73.82,153.77,84.40,1059.18
2457969,55684,1240,12367,1919561,503,38781,12367,1919561,503,38781,31,12,140,79,2707.01,216.56,2923.57,56.12,929.06,1451.66,96.98,59.39,351.36
,58577,14979,58275,172471,7159,6367,58275,172471,7159,6367,58,2,141,82,2759.15,220.73,2979.88,17.88,499.48,2569.89,179.07,229.66,1213.06
2457744,50516,4720,13085,1651015,815,39402,13085,1651015,815,39402,36,23,142,84,528.62,42.29,570.91,1.93,104.89,435.00,301.82,416.66,48.19
2457821,72411,2193,91546,66129,1216,20839,91546,66129,1216,20839,17,27,143,78,515.13,41.21,556.34,29.28,360.63,427.06,199.12,324.84,421.10
2457170,76009,16104,4567,995563,5092,47232,4567,995563,5092,47232,36,14,144,96,242.66,19.41,262.07,14.78,284.05,19.50,302.83,344.05,835.30
2456766,44463,8004,2266,66740,2066,16035,2266,66740,2066,16035,20,20,145,56,2228.21,178.26,2406.47,7.09,214.78,2157.35,496.06,123.27,827.35
2457537,6124,4491,31384,454653,70,22979,31384,454653,70,22979,4,16,146,33,1042.78,83.42,1126.20,80.22,259.46,872.04,489.20,75.72,501.81
2457914,65424,7041,63169,1143949,3578,28666,63169,1143949,3578,28666,8,18,147,29,62.71,5.02,67.73,81.91,327.20,31.50,393.77,105.99,828.54
2458360,22639,8454,31496,1877365,952,15115,31496,1877365,952,15115,56,31,148,14,2215.13,177.21,2392.34,28.60,566.06,1899.04,183.35,454.44,338.10
2457509,74574,15456,75361,1118310,5099,5635,75361,1118310,5099,5635,7,25,149,48,1716.88,137.35,1854.23,32.69,854.94,824.48,475.86,289.88,1058.04
2458023,51918,4018,49508,1629565,1723,44562,49508,1629565,1723,44562,25,23,150,77,1886.55,150.92,2037.47,96.11,676.48,1703.72,201.07,469.59,416.07
2458097,44844,13184,45238,961736,4337,8792,45238,961736,4337,8792,42,33,151,39,1809.18,144.73,1953.91,36.06,175.95,396.00,174.01,318.45,494.85
2458269,61563,4738,40511,851589,6311,5170,40511,851589,6311,5170,42,4,152,51,1853.50,148.28,2001.78,17.09,748.93,407.43,232.65,364.44,1098.33
2457236,60723,1566,63737,348357,5789,3053,63737,348357,5789,3053,43,24,153,1,1398.24,111.86,1510.10,8.02,766.23,713.20,131.50,407.18,175.38
2457080,8252,17134,72549,1456484,6267,15175,72549,1456484,6267,15175,13,22,154,14,2546.09,203.69,2749.78,36.76,808.08,1502.28,139.16,172.20,1466.59
2458458,69509,8438,7874,560875,2369,47185,7874,560875,2369,47185,26,30,155,10,2727.67,218.21,2945.88,25.11,262.26,549.17,368.68,142.51,821.26
2457728,64064,3296,96981,1038333,4008,39527,96981,1038333,4008,39527,26,10,156,66,2498.83,199.91,2698.74,96.42,492.21,1738.47,333.71,474.49,1421.79
2457875,139,2761,26713,1856071,2732,7279,26713,1856071,2732,7279,3,16,157,85,1035.88,82.87,1118.75,47.23,241.29,280.43,60.81,365.30,264.54
2458300,4942,5909,98859,150922,4190,16380,98859,150922,4190,16380,35,24,158,15,1542.46,123.40,1665.86,40.02,171.48,1415.78,367.51,124.28,1410.66
2457318,8343,2919,75844,37259,6413,25351,75844,37259,6413,25351,19,10,159,11,2545.97,203.68,2749.65,34.34,462.55,1327.86,3.74,347.06,127.37
2457433,81498,5559,52240,1214942,4521,6372,52240,1214942,4521,6372,40,3,160,82,1758.04,140.64,1898.68,60.23,607.38,1623.37,32.73,285.06,357.83
2457584,48092,16144,37799,519729,6563,16980,37799,519729,6563,16980,11,16,161,67,584.34,46.75,631.09,92.18,409.60,140.43,229.45,115.45,820.58
2457636,75505,11136,64887,1543421,4482,8467,64887,1543421,4482,8467,58,13,162,53,2465.43,197.23,2662.66,23.88,620.87,2417.21,71.69,92.67,1481.37
2458083,157,940,52168,913195,5571,10529,52168,913195,5571,10529,19,20,163,10,1656.05,132.48,1788.53,70.69,221.64,157.04,380.16,266.97,10.19
2457788,52692,16284,63090,200221,4158,44885,63090,200221,4158,44885,31,22,164,69,994.18,79.53,1073.71,48.77,294.66,538.37,19.22,48.02,768.79
2457427,42092,14053,34041,1278738,1324,37288,34041,1278738,1324,37288,32,21,165,76,2301.90,184.15,2486.05,38.42,763.13,645.60,10.26,303.04,1319.35
2457677,60342,14352,35396,1109370,6542,11119,35396,1109370,6542,11119,28,20,166,43,2136.58,170.93,2307.51,83.91,643.14,2051.63,407.72,107.41,1326.85
2458169,18023,7866,6655,954673,6710,23777,6655,954673,6710,23777,5,6,167,9,2712.10,216.97,2929.07,51.42,483.36,2550.30,179.75,161.13,142.79
2458009,30500,6748,97686,40252,7139,2097,97686,40252,7139,2097,59,5,168,4,1454.81,116.38,1571.19,13.50,892.64,1413.22,425.87,350.76,1074.32
,82164,1206,8154,1292930,3272,17128,8154,1292930,3272,17128,58,17,169,69,631.22,50.50,681.72,22.41,353.65,186.48,338.05,45.97,53.99
2456801,63853,4902,25555,485942,6776,47569,25555,485942,6776,47569,19,35,170,58,2627.57,210.21,2837.78,25.32,657.25,826.36,108.54,119.62,380.50
2456965,17960,11714,80664,1541380,6564,49915,80664,1541380,6564,49915,36,22,171,48,731.22,58.50,789.72,29.60,970.01,84.83,417.03,80.75,625.00
2457679,20742,3295,2872,1152732,1170,37832,2872,1152732,1170,37832,59,32,172,78,1932.24,154.58,2086.82,68.25,954.68,937.73,295.97,357.95,85.62
,35853,6717,56586,1693779,4662,21568,56586,1693779,4662,21568,56,27,173,6,486.70,38.94,525.64,48.49,814.07,49.47,428.15,122.96,1013.31
2457109,12663,8420,49427,1786944,4015,29451,49427,1786944,4015,29451,55,22,174,23,872.28,69.78,942.06,49.68,13.86,144.72,13.00,496.99,961.29
2457436,79735,967,34817,312182,4402,32824,34817,312182,4402,32824,16,12,175,32,1748.66,139.89,1888.55,88.31,893.90,1065.67,417.54,177.41,630.07
2456997,2846,11691,28211,314758,6577,32228,28211,314758,6577,32228,28,35,176,51,2628.34,210.27,2838.61,80.85,33.43,2299.38,2.29,8.66,180.35
2458005,59925,4387,57126,1664175,74,30132,57126,1664175,74,30132,31,18,177,65,264.41,21.15,285.56,77.08,122.94,222.00,307.16,475.17,1153.57
2456876,17106,2217,41206,482452,3101,16456,41206,482452,3101,16456,52,16,178,11,951.30,76.10,1027.40,51.94,224.62,942.76,56.11,118.70,1161.57
2458387,4788,16978,44604,1917233,5635,26606,44604,1917233,5635,26606,1,24,179,70,1581.33,126.51,1707.84,65.90,771.97,1135.33,365.91,373.17,1276.36
2457949,55320,5249,49829,1227762,6420,3322,49829,1227762,6420,3322,9,15,180,89,239.56,19.16,258.72,99.38,828.39,205.93,122.74,73.36,984.24
2457625,8734,5249,32713,1588221,953,47786,32713,1588221,953,47786,49,11,181,70,2946.30,235.70,3182.00,84.36,257.89,471.35,100.18,193.01,238.67
2456842,40867,13239,31250,1662906,5687,26194,31250,1662906,5687,26194,18,19,182,89,1313.25,105.06,1418.31,55.61,957.43,881.01,74.98,64.05,845.59
2457273,7295,3610,67368,1053573,5313,25345,67368,1053573,5313,25345,36,30,183,51,1559.14,124.73,1683.87,28.69,541.36,1366.16,242.63,78.92,653.04
2456963,3991,15155,86290,195006,1821,28823,86290,195006,1821,28823,36,10,184,54,293.92,23.51,317.43,59.79,513.28,173.93,38.08,287.81,535.44
2457315,33222,34,86540,581335,6798,10352,86540,581335,6798,10352,3,28,185,100,2779.35,222.35,3001.70,22.47,412.08,1647.50,95.40,148.12,1054.43
2456841,64586,26,4194,1203621,4994,11748,4194,1203621,4994,11748,14,7,186,46,2159.21,172.74,2331.95,78.56,250.72,520.12,60.78,329.49,908.30
2458390,41983,2010,82294,1437376,2973,43750,82294,1437376,2973,43750,43,12,187,7,2557.52,204.60,2762.12,17.03,922.19,140.67,43.47,113.87,354.78
2457445,71173,6732,98540,1670491,7041,38142,98540,1670491,7041,38142,27,29,188,23,1786.09,142.89,1928.98,56.75,605.43,1352.32,410.72,421.78,913.44
2456939,77099,6686,78956,359395,4776,15445,78956,359395,4776,15445,14,31,189,23,2213.38,177.07,2390.45,35.40,110.07,713.13,99.83,139.60,37.04
,37016,636,29530,612339,7117,36550,29530,612339,7117,36550,21,31,190,47,2842.39,227.39,3069.78,80.50,108.92,812.30,454.22,279.88,479.24
2457969,1103,2289,76745,84441,5362,25469,76745,84441,5362,25469,59,21,191,56,2898.36,231.87,3130.23,2.74,109.51,2424.31,249.07,9.70,379.93
2457915,2010,849,65589,576032,46,46615,65589,576032,46,46615,12,35,192,57,330.14,26.41,356.55,12.15,128.21,22.26,343.60,1.75,805.58
2457278,12647,11861,56697,1683883,4855,16262,56697,1683883,4855,16262,7,19,193,45,1377.80,110.22,1488.02,55.15,415.73,1344.45,352.53,112.36,695.81
2458011,54055,5373,61895,272980,5890,45298,61895,272980,5890,45298,4,35,194,31,1567.42,125.39,1692.81,39.28,804.59,581.03,486.25,316.89,1361.64
2457300,78914,13431,2678,725232,6119,46776,2678,725232,6119,46776,56,28,195,62,112.22,8.98,121.20,30.63,814.69,63.73,423.56,458.89,348.30
2457114,40503,14760,97992,786261,7078,7870,97992,786261,7078,7870,5,18,196,7,2564.42,205.15,2769.57,78.31,539.30,359.38,408.17,211.28,1491.89
2458415,62931,3107,51532,1671779,6000,36438,51532,1671779,6000,36438,21,12,197,85,1736.78,138.94,1875.72,19.31,327.13,1552.54,8.69,108.44,1269.59
2457580,83102,11795,32727,1670751,6547,44353,32727,1670751,6547,44353,22,1,198,70,534.53,42.76,577.29,14.22,383.79,228.25,93.39,84.38,351.19
,4330,13739,66082,823132,4235,46713,66082,823132,4235,46713,47,18,199,13,2873.81,229.90,3103.71,23.93,555.83,1353.70,341.92,138.46,907.12
2458000,34693,4226,51678,861200,2826,14076,51678,861200,2826,14076,35,4,200,11,2687.39,214.99,2902.38,22.59,497.23,2600.36,39.72,208.17,163.53
2458154,68012,11575,36069,658639,6188,2240,36069,658639,6188,2240,34,5,201,33,2107.47,168.60,2276.07,72.99,172.14,629.98,166.38,5.18,611.38
2457537,54796,17831,17022,608872,1361,306,17022,608872,1361,306,34,35,202,3,1190.35,95.23,1285.58,69.91,77.98,239.98,77.54,230.62,1248.81
2456864,64061,15144,78498,899370,4006,43407,78498,899370,4006,43407,29,6,203,31,397.16,31.77,428.93,83.88,28.91,291.93,32.16,433.34,1475.99
2457298,83263,3523,49205,372511,532,7321,49205,372511,532,7321,5,,204,56,1674.63,133.97,1808.60,50.99,216.76,649.76,119.29,119.46,349.75
2457115,63700,3407,64443,1076689,6152,20085,64443,1076689,6152,20085,53,32,205,82,1966.12,157.29,2123.41,8.73,629.80,1346.40,330.99,380.05,520.82
2457179,31946,6586,73706,1544252,3597,21607,73706,1544252,3597,21607,46,,206,72,193.44,15.48,208.92,67.23,496.89,141.30,149.61,463.44,1348.21
2458173,42556,15592,36506,269412,766,38205,36506,269412,766,38205,46,16,207,30,2358.22,188.66,2546.88,72.03,156.92,414.28,455.14,496.54,113.44
2458184,35384,9832,87462,1723986,3672,38685,87462,1723986,3672,38685,2,21,208,61,1138.78,91.10,1229.88,39.65,45.60,111.81,68.85,418.68,1470.19
2457824,62456,5425,79177,710370,6935,39043,79177,710370,6935,39043,58,11,209,23,751.85,60.15,812.00,23.69,437.05,239.92,83.98,50.31,437.68
,27594,200,78130,201488,6873,32792,78130,201488,6873,32792,12,30,210,90,327.32,26.19,353.51,21.04,664.42,9.24,212.32,477.66,1020.44
2457794,68115,17405,9662,1492062,5376,40178,9662,1492062,5376,40178,51,35,211,81,1738.19,139.06,1877.25,33.64,425.26,1284.22,119.91,170.74,952.93
2457377,1413,16953,93592,1054143,5882,14728,93592,1054143,5882,14728,15,27,212,61,2652.12,212.17,2864.29,33.30,263.04,1841.54,58.44,244.86,763.47
2458290,4723,3818,56355,324236,1481,38420,56355,324236,1481,38420,43,34,213,82,1686.79,134.94,1821.73,57.82,295.28,1485.39,15.24,93.91,755.80
2458105,8294,525,60805,1166809,3550,45380,60805,1166809,3550,45380,49,14,214,78,2326.71,186.14,2512.85,76.51,86.52,917.96,152.45,207.50,263.41
2456769,22306,10037,77058,1036511,1118,40159,77058,1036511,1118,40159,39,32,215,12,552.84,44.23,597.07,74.84,598.80,8.39,417.55,39.37,1331.09
2458445,6315,7561,11697,1581355,4022,30612,11697,1581355,4022,30612,52,1,216,38,2473.71,197.90,2671.61,11.75,492.18,170.36,336.68,307.81,181.01
2458122,34350,9769,80299,731537,1580,7098,80299,731537,1580,7098,34,11,217,3,2980.54,238.44,3218.98,35.06,135.63,2283.71,67.82,257.44,408.01
2457605,27722,17173,41268,147350,1953,6751,41268,147350,1953,6751,23,31,218,30,692.16,55.37,747.53,11.87,679.60,355.91,257.57,8.82,481.57
2457808,34151,7476,13659,1051936,6732,41669,13659,1051936,6732,41669,27,30,219,10,1256.81,100.54,1357.35,98.39,272.48,1136.30,272.52,363.99,651.48
,50249,8208,51579,781352,1674,23053,51579,781352,1674,23053,47,17,220,31,91.81,7.34,99.15,94.22,242.97,28.65,344.16,436.89,400.93
2456879,76120,9480,86249,144506,5515,14334,86249,144506,5515,14334,3,4,221,26,1038.44,83.08,1121.52,27.22,650.19,231.03,439.77,307.21,1270.19
2457002,9782,16383,78972,335090,529,7080,78972,335090,529,7080,41,28,222,66,5.82,0.47,6.29,15.95,629.33,1.28,286.66,126.95,929.70
,42806,2077,18448,843082,6223,29933,18448,843082,6223,29933,14,6,223,90,46.22,3.70,49.92,69.40,405.60,37.71,56.37,469.48,358.09
2456933,76821,6969,14342,1361178,6761,15284,14342,1361178,6761,15284,32,,224,74,744.87,59.59,804.46,32.37,22.63,684.40,84.22,229.76,1069.84
2457009,6512,13886,13398,270978,1241,25504,13398,270978,1241,25504,34,26,225,56,1064.73,85.18,1149.91,25.26,230.80,26.71,445.88,369.30,102.30
2458244,6583,585,55026,1014857,941,40860,55026,1014857,941,40860,20,17,226,98,1402.14,112.17,1514.31,97.14,104.36,615.95,439.90,186.00,710.53
2457047,14814,4318,55128,794688,142,38133,55128,794688,142,38133,15,18,227,8,2720.46,217.64,2938.10,75.62,902.66,1297.21,472.59,228.37,1160.73
2456773,55004,9028,82931,1902020,581,46260,82931,1902020,581,46260,35,28,228,39,1244.11,99.53,1343.64,72.41,131.14,689.85,390.95,2.48,507.31
2457665,58560,17459,48398,1241890,2410,3339,48398,1241890,2410,3339,10,23,229,12,2329.78,186.38,2516.16,30.56,369.28,2213.18,473.69,17.72,32.41
2456973,65417,96,82231,735293,4125,25775,82231,735293,4125,25775,33,20,230,33,1423.44,113.88,1537.32,12.28,954.25,1274.01,384.32,134.08,791.29
2457536,12151,17321,7023,25037,3252,28459,7023,25037,3252,28459,31,18,231,25,2453.99,196.32,2650.31,71.75,517.59,300.72,279.88,431.21,100.88
2458158,44854,16817,86951,1823073,4026,39323,86951,1823073,4026,39323,28,15,232,16,1508.26,120.66,1628.92,4.43,965.80,1209.30,77.38,335.77,39.34
2456765,80262,7898,68625,1184400,2049,44420,68625,1184400,2049,44420,33,26,233,64,2927.16,234.17,3161.33,69.65,11.95,2035.93,319.08,138.12,814.49
2457938,39491,2887,85579,840088,1617,49801,85579,840088,1617,49801,58,4,234,76,825.01,66.00,891.01,45.42,67.84,218.57,470.53,81.28,1374.45
2457991,32854,975,8364,1710581,5213,19736,8364,1710581,5213,19736,6,1,235,98,860.17,68.81,928.98,79.67,53.40,304.87,111.24,85.68,1296.60
2456983,41472,15214,56210,89227,772,22430,56210,89227,772,22430,13,9,236,94,2629.58,210.37,2839.95,69.99,57.17,449.48,74.40,278.66,958.66
2457940,21798,417,285,1640975,1819,3858,285,1640975,1819,3858,40,27,237,71,163.07,13.05,176.12,65.01,827.14,157.31,164.41,299.13,914.37
2456747,69618,11912,92893,634778,6771,15898,92893,634778,6771,15898,52,1,238,100,986.84,78.95,1065.79,11.52,144.84,867.57,26.07,87.54,567.78
2456936,54376,7188,26051,1866993,1298,21889,26051,1866993,1298,21889,48,12,239,53,2538.83,203.11,2741.94,79.09,131.34,1230.20,280.11,110.85,482.70
2458068,75198,15727,148,522424,5949,6140,148,522424,5949,6140,6,6,240,4,1527.34,122.19,1649.53,51.72,511.44,1175.30,1.71,105.68,719.56
2457057,64708,17399,51897,1793229,5916,33719,51897,1793229,5916,33719,32,12,241,52,907.17,72.57,979.74,61.97,686.01,792.87,194.89,94.92,174.99
2457058,35812,17304,9225,1311318,6830,14862,9225,1311318,6830,14862,22,35,242,17,2845.84,227.67,3073.51,80.93,741.03,331.53,246.09,324.10,1345.02
2456767,43846,7099,7564,1287106,2107,27851,7564,1287106,2107,27851,36,1,243,99,2450.58,196.05,2646.63,33.14,134.76,656.77,336.71,484.17,526.29
2457164,77435,6045,26449,1624319,4640,1604,26449,1624319,4640,1604,59,9,244,47,1149.83,91.99,1241.82,74.17,553.67,462.85,74.66,218.90,788.56
2456929,29280,12807,44949,1792783,1183,41325,44949,1792783,1183,41325,38,30,245,67,315.75,25.26,341.01,53.16,280.95,303.97,259.84,373.49,952.34
2457998,46534,15217,53545,1879765,2754,1695,53545,1879765,2754,1695,10,,246,37,1981.58,158.53,2140.11,64.97,730.58,1863.67,153.55,459.51,1147.64
2457298,67826,1848,85802,1262100,6281,20275,85802,1262100,6281,20275,44,15,247,56,962.34,76.99,1039.33,12.39,208.93,295.07,82.44,17.98,234.72
2457756,42605,15074,98027,1235713,6237,40132,98027,1235713,6237,40132,50,,248,24,2113.60,169.09,2282.69,32.84,304.03,599.86,328.01,263.41,1226.47
2458036,80333,5102,53467,1286300,999,29775,53467,1286300,999,29775,14,28,249,33,2584.06,206.72,2790.78,62.71,91.28,2239.56,102.32,358.01,915.31
2457851,39115,9534,55358,1623703,7116,14409,55358,1623703,7116,14409,57,30,250,13,671.55,53.72,725.27,34.05,866.16,17.01,365.21,18.26,1090.32
2457985,5636,12016,24581,1103807,6980,40191,24581,1103807,6980,40191,3,30,251,1,237.66,19.01,256.67,95.13,9.05,198.03,313.89,80.11,107.19
2457696,67944,11055,30086,288961,5246,3064,30086,288961,5246,3064,26,25,252,97,2910.57,232.85,3143.42,15.25,928.69,1392.97,366.13,401.81,543.84
2457268,16891,13508,29826,1745151,6441,18957,29826,1745151,6441,18957,30,11,253,1,831.39,66.51,897.90,69.60,447.35,143.26,299.66,489.88,852.20
2457448,80708,6542,98006,1430237,6555,29227,98006,1430237,6555,29227,57,14,254,43,1382.74,110.62,1493.36,37.12,516.73,1175.25,45.20,186.52,1484.46
2458185,61843,8129,73980,1810301,2157,33668,73980,1810301,2157,33668,24,34,255,95,2202.04,176.16,2378.20,19.35,581.47,139.96,44.17,299.76,1263.09
2457275,1082,15768,68774,1499188,6899,21309,68774,1499188,6899,21309,18,27,256,40,382.15,30.57,412.72,66.35,609.94,330.24,471.96,172.78,971.73
2457576,10802,693,39843,791768,1161,20203,39843,791768,1161,20203,15,34,257,66,2895.08,231.61,3126.69,93.36,607.22,295.61,104.70,109.02,306.16
2456837,73903,6818,19118,677399,6891,17202,19118,677399,6891,17202,16,29,258,23,2727.93,218.23,2946.16,46.92,867.11,2153.62,471.13,451.97,1255.23
2457517,38967,9212,66069,296990,2407,33119,66069,296990,2407,33119,18,26,259,19,1546.70,123.74,1670.44,92.53,508.70,940.08,135.50,82.12,480.59
2458303,74927,10295,52882,29695,5876,23171,52882,29695,5876,23171,39,,260,17,2442.62,195.41,2638.03,52.09,215.77,2385.62,250.36,28.90,807.36
2457789,10055,11373,43490,1133232,7195,2762,43490,1133232,7195,2762,34,27,261,87,2504.08,200.33,2704.41,21.77,328.30,2130.22,124.38,205.56,1495.39
2457153,24153,14533,46567,1073316,6777,22990,46567,1073316,6777,22990,20,3,262,96,1010.65,80.85,1091.50,10.39,174.96,222.40,310.37,11.01,563.11
2457062,18994,3675,37042,1096743,3362,36920,37042,1096743,3362,36920,9,33,263,76,1705.35,136.43,1841.78,97.64,977.39,1090.56,368.97,153.39,558.36
2457416,75617,17046,9947,106488,4283,42922,9947,106488,4283,42922,26,28,264,63,542.57,43.41,585.98,57.45,834.82,508.62,319.03,341.51,496.76
2457071,21311,11635,70190,1429779,7182,44321,70190,1429779,7182,44321,42,34,265,50,2816.13,225.29,3041.42,55.37,65.14,2620.66,2.24,320.75,1282.97
2456796,12385,3936,8972,191738,635,8615,8972,191738,635,8615,43,19,266,11,2300.20,184.02,2484.22,6.65,435.36,80.84,40.75,289.96,492.38
2457097,82319,13923,57623,1155175,5640,3674,57623,1155175,5640,3674,30,30,267,55,1569.41,125.55,1694.96,57.25,933.12,785.92,83.99,106.04,894.30
2457891,33153,6628,39512,1488396,3092,19080,39512,1488396,3092,19080,45,13,268,49,748.91,59.91,808.82,91.62,66.44,485.02,341.97,83.32,899.36
2458384,50066,5305,68537,1003819,3902,25683,68537,1003819,3902,25683,12,4,269,56,333.90,26.71,360.61,95.07,504.63,161.13,353.42,418.25,1196.28
2457148,47649,9781,49136,1642010,6462,4763,49136,1642010,6462,4763,19,7,270,68,1915.65,153.25,2068.90,29.25,215.57,1247.29,266.08,137.80,455.14
2458162,40157,14889,47709,715474,3031,37737,47709,715474,3031,37737,12,29,271,47,1063.37,85.07,1148.44,51.81,465.74,299.10,308.02,36.36,617.70
2458318,44755,15397,91654,939358,6272,16737,91654,939358,6272,16737,57,10,272,67,2022.84,161.83,2184.67,17.41,709.94,473.84,214.17,284.64,202.42
2456819,71751,1684,2948,1828025,5127,48253,2948,1828025,5127,48253,39,18,273,54,441.33,35.31,476.64,87.05,391.22,168.92,358.80,396.15,1057.24
2458418,70107,13843,33000,1747153,5432,6592,33000,1747153,5432,6592,22,25,274,51,2901.40,232.11,3133.51,86.19,245.03,1184.52,417.69,440.74,187.80
2457655,20426,8851,13216,1341729,2143,38830,13216,1341729,2143,38830,4,9,275,14,2083.49,166.68,2250.17,0.60,904.00,1544.73,54.43,72.44,1421.88
2457043,50388,17889,14966,1855769,6102,1181,14966,1855769,6102,1181,31,35,276,20,510.35,40.83,551.18,54.75,875.51,212.08,57.58,340.35,759.87
2457170,45561,14958,35253,454072,200,35636,35253,454072,200,35636,22,1,277,45,455.08,36.41,491.49,66.30,864.20,224.49,14.01,217.80,4.18
2456752,63374,14295,65840,26393,5786,29526,65840,26393,5786,29526,15,21,278,40,1571.72,125.74,1697.46,58.45,273.31,834.17,403.02,72.26,1172.27
2456921,17424,4105,56474,453574,4164,18552,56474,453574,4164,18552,21,11,279,64,654.02,52.32,706.34,4.18,117.32,637.83,73.97,316.89,45.30
,15851,5658,47663,1633946,7102,40397,47663,1633946,7102,40397,24,17,280,45,911.47,72.92,984.39,96.98,35.86,654.99,489.93,195.80,1266.93
2457808,26720,20,13308,1633795,6682,45699,13308,1633795,6682,45699,1,11,281,66,2175.32,174.03,2349.35,27.82,90.14,1439.38,483.28,218.20,1383.06
2457127,38361,13620,68595,760044,3498,18504,68595,760044,3498,18504,11,34,282,2,1365.66,109.25,1474.91,43.66,420.38,116.74,469.59,293.50,812.52
2458181,25140,6099,46364,1446014,1548,11906,46364,1446014,1548,11906,58,16,283,69,28.13,2.25,30.38,11.10,537.53,2.08,9.52,120.60,1444.85
2457858,38042,3684,29191,1014443,14,4926,29191,1014443,14,4926,26,8,284,11,2301.85,184.15,2486.00,53.64,496.93,2243.55,460.82,250.90,864.32
2457980,59940,13764,1837,593277,2710,34069,1837,593277,2710,34069,7,1,285,25,605.64,48.45,654.09,30.57,295.14,108.86,47.38,131.82,1369.50
2457710,71255,16256,74343,840607,1030,45025,74343,840607,1030,45025,16,13,286,12,2494.38,199.55,2693.93,51.03,197.67,118.08,209.59,490.33,1447.90
2457068,9224,9461,76185,1203456,4501,30966,76185,1203456,4501,30966,54,26,287,29,1297.43,103.79,1401.22,21.02,69.07,325.51,253.96,38.38,651.93
2458442,47150,4113,71639,285049,3412,23515,71639,285049,3412,23515,13,3,288,50,2034.61,162.77,2197.38,29.97,903.27,856.64,193.80,359.67,213.73
2457151,4588,604,17526,9254,5893,8217,17526,9254,5893,8217,60,32,289,42,261.46,20.92,282.38,91.09,54.67,41.11,253.98,355.58,219.75
2457773,16286,13279,9625,746433,6047,2901,9625,746433,6047,2901,33,25,290,3,2169.37,173.55,2342.92,78.00,917.31,150.11,161.03,43.89,1067.12
2457953,58859,12594,94807,975705,212,26672,94807,975705,212,26672,28,26,291,98,1320.22,105.62,1425.84,21.02,689.41,653.52,118.31,358.09,923.43
2457292,8257,1800,39727,75684,596,3466,39727,75684,596,3466,22,23,292,96,390.80,31.26,422.06,63.04,731.96,288.62,446.11,105.49,64.18
2457903,52266,4216,76874,1020208,3613,27924,76874,1020208,3613,27924,17,3,293,43,2588.90,207.11,2796.01,99.39,913.76,874.92,329.10,74.51,667.30
2458302,83225,6343,90335,1729683,1598,21538,90335,1729683,1598,21538,18,5,294,58,226.58,18.13,244.71,30.09,503.76,30.20,347.72,438.81,218.33
2457682,44773,12984,12476,467128,5120,49296,12476,467128,5120,49296,5,33,295,49,1922.53,153.80,2076.33,82.22,473.46,1790.63,413.67,420.46,213.55
2457064,60175,5718,75763,732857,766,31316,75763,732857,766,31316,32,4,296,85,296.22,23.70,319.92,25.82,882.70,52.59,396.74,459.66,401.97
2457614,33332,5599,36575,661860,6086,43786,36575,661860,6086,43786,23,25,297,70,2863.97,229.12,3093.09,42.32,23.69,1134.54,72.03,492.46,1189.64
2457885,6451,6359,3136,115079,6992,47151,3136,115079,6992,47151,56,10,298,29,265.46,21.24,286.70,97.95,817.49,129.91,459.73,67.34,411.54
2457602,43563,5246,72802,1552008,5958,22370,72802,1552008,5958,22370,4,30,299,46,2860.97,228.88,3089.85,31.52,289.64,1848.72,168.50,369.98,596.99
2458024,48655,2764,90379,881750,6585,29910,90379,881750,6585,29910,12,24,300,76,2770.13,221.61,2991.74,32.52,149.41,460.70,459.73,186.02,242.51
2458196,56207,3094,74213,1608271,2128,30243,74213,1608271,2128,30243,34,30,301,7,2962.59,237.01,3199.60,39.01,588.14,1305.82,388.99,95.82,391.09
2456765,81142,8985,42293,162056,3375,3859,42293,162056,3375,3859,49,31,302,99,2277.06,182.16,2459.22,94.72,299.86,449.45,34.07,455.25,832.26
2457997,38315,8148,40016,1697356,3341,34363,40016,1697356,3341,34363,42,26,303,21,761.23,60.90,822.13,49.48,513.28,369.25,212.24,394.89,619.69
2457104,3803,16696,79426,1672253,810,32094,79426,1672253,810,32094,44,19,304,57,173.07,13.85,186.92,79.74,152.63,36.40,403.83,419.07,309.37
2457116,16050,14829,3222,1053701,662,47117,3222,1053701,662,47117,54,29,305,50,2209.27,176.74,2386.01,58.21,887.50,315.32,327.15,155.53,1447.21
2457348,31398,17861,13085,1388026,1770,7280,13085,1388026,1770,7280,34,29,306,22,2753.09,220.25,2973.34,0.87,644.09,264.19,373.80,231.25,773.51
2457757,76893,14970,68535,732411,1645,35092,68535,732411,1645,35092,1,,307,60,998.14,79.85,1077.99,12.36,26.39,355.30,138.40,389.53,1145.40
2457744,65958,357,19515,567973,137,38052,19515,567973,137,38052,53,31,308,67,1838.97,147.12,1986.09,21.00,110.97,152.90,180.76,286.80,1117.04
2458303,42046,11163,86979,206785,2610,14913,86979,206785,2610,14913,28,,309,28,1311.40,104.91,1416.31,68.69,152.00,816.13,360.07,338.01,1164.81
2458337,45178,16821,36149,500590,2644,30838,36149,500590,2644,30838,52,31,310,97,1850.86,148.07,1998.93,44.40,372.26,50.98,185.16,412.74,359.37
2457816,28557,1217,2348,1111333,1814,3088,2348,1111333,1814,3088,15,,311,33,85.50,6.84,92.34,48.20,301.68,13.38,333.97,213.81,249.06
2458248,57891,4087,95985,707466,2026,46010,95985,707466,2026,46010,7,31,312,19,1113.09,89.05,1202.14,38.15,921.38,509.53,279.47,44.06,1083.11
2456835,26768,5331,28195,971191,5145,8930,28195,971191,5145,8930,43,32,313,60,2794.68,223.57,3018.25,37.75,161.67,1617.75,104.26,222.04,34.71
2457918,39110,11250,48815,857919,326,46770,48815,857919,326,46770,12,35,314,20,2488.84,199.11,2687.95,44.14,51.92,552.79,129.59,96.96,32.68
,4677,16269,37431,1074261,5989,28947,37431,1074261,5989,28947,37,27,315,12,2682.72,214.62,2897.34,70.77,541.19,2123.01,94.37,153.22,320.02
2457228,49046,16850,55545,1409045,6812,42330,55545,1409045,6812,42330,39,4,316,40,2370.04,189.60,2559.64,10.94,652.50,1492.53,236.27,138.52,382.59
2458385,17060,16514,97721,1302169,635,37030,97721,1302169,635,37030,33,21,317,91,2925.13,234.01,3159.14,84.99,21.55,1044.36,233.32,230.30,617.93
2457234,1863,11894,18515,578244,491,41952,18515,578244,491,41952,44,4,318,37,631.42,50.51,681.93,3.57,150.88,26.50,216.32,182.19,140.41
2457276,54241,16768,71978,542598,6357,1717,71978,542598,6357,1717,28,26,319,79,129.89,10.39,140.28,62.21,988.66,123.90,251.26,332.90,96.63
2456783,49949,16184,77955,841706,6712,44692,77955,841706,6712,44692,52,5,320,79,2090.94,167.28,2258.22,85.93,473.70,1009.35,459.65,303.41,1174.69
2456998,27132,11058,59553,695836,5426,35624,59553,695836,5426,35624,19,2,321,64,1936.00,154.88,2090.88,3.76,114.98,481.46,371.44,311.49,872.65
2457604,73626,586,58777,1761681,7193,29487,58777,1761681,7193,29487,59,12,322,62,1666.46,133.32,1799.78,15.76,3.28,1261.14,424.72,121.04,43.45
2456866,32481,9848,81991,903331,1514,8027,81991,903331,1514,8027,14,16,323,89,1180.39,94.43,1274.82,25.83,431.17,587.33,264.73,172.94,75.55
2458222,37082,5257,55698,156113,6494,5881,55698,156113,6494,5881,6,28,324,29,1839.24,147.14,1986.38,18.48,610.70,845.96,27.79,164.38,638.21
2457659,25700,13739,59801,943439,5491,21574,59801,943439,5491,21574,4,9,325,44,2180.59,174.45,2355.04,82.34,821.26,1916.67,197.12,177.00,1214.88
2457106,51898,8854,41815,321766,1456,12192,41815,321766,1456,12192,14,26,326,78,2834.26,226.74,3061.00,72.93,362.05,2797.67,292.69,254.23,227.50
2456930,26366,3943,48746,1437285,236,12665,48746,1437285,236,12665,27,33,327,73,932.90,74.63,1007.53,84.42,411.37,276.22,424.88,470.04,910.76
2458009,46280,9889,54785,885753,80,3552,54785,885753,80,3552,8,1,328,83,2819.92,225.59,3045.51,61.13,933.88,1179.84,415.71,436.44,160.81
2458379,32425,12935,85499,478233,4621,35492,85499,478233,4621,35492,37,21,329,30,2515.08,201.21,2716.29,38.43,272.41,565.18,118.85,178.12,19.38
2457426,56827,9927,55763,1643515,3325,7620,55763,1643515,3325,7620,5,23,330,55,477.09,38.17,515.26,16.39,543.42,20.27,226.29,462.80,862.15
2457430,8652,13071,32190,585035,6497,12833,32190,585035,6497,12833,11,27,331,66,1031.22,82.50,1113.72,85.48,339.67,937.66,301.02,499.03,594.97
2457258,26895,3670,86636,866148,3619,49434,86636,866148,3619,49434,29,2,332,61,169.87,13.59,183.46,58.67,597.37,6.65,111.20,76.33,732.24
2457445,43696,14689,20208,1848168,2823,26829,20208,1848168,2823,26829,24,3,333,20,2473.84,197.91,2671.75,79.71,892.58,564.95,428.70,152.34,317.81
2457542,2002,48,90530,911366,2108,40598,90530,911366,2108,40598,34,14,334,94,1283.97,102.72,1386.69,99.25,876.81,256.18,290.31,52.11,963.21
2457898,34398,14970,9381,1265223,1810,24781,9381,1265223,1810,24781,17,22,335,42,1428.03,114.24,1542.27,52.31,489.01,832.38,212.35,349.43,367.29
2457770,37654,10017,76328,1381909,6742,11178,76328,1381909,6742,11178,42,27,336,15,431.84,34.55,466.39,15.22,266.61,64.61,344.98,59.68,1292.01
2457417,27835,4183,7915,1485101,659,14992,7915,1485101,659,14992,25,3,337,12,1538.81,123.10,1661.91,72.42,183.71,871.70,160.93,241.35,216.93
2458045,34001,3061,56909,1305057,661,20424,56909,1305057,661,20424,30,28,338,31,599.06,47.92,646.98,8.56,240.45,159.83,295.06,234.00,1451.99
2457036,35242,16062,98726,1752748,6309,18123,98726,1752748,6309,18123,11,15,339,61,1382.15,110.57,1492.72,18.07,61.60,399.98,353.68,129.17,600.26
2457461,16656,8361,91694,879303,1783,32153,91694,879303,1783,32153,53,4,340,42,310.80,24.86,335.66,3.14,583.66,109.40,443.47,64.76,1199.85
2457879,35683,3298,50309,1510752,700,19893,50309,1510752,700,19893,57,23,341,54,1777.97,142.24,1920.21,55.01,37.37,393.75,93.25,74.34,587.36
2457834,9250,13183,49796,1066209,691,13389,49796,1066209,691,13389,15,3,342,26,2161.27,172.90,2334.17,90.78,636.50,655.35,97.98,177.19,1495.27
2458153,85748,16402,66968,177603,4078,22552,66968,177603,4078,22552,11,8,343,84,936.85,74.95,1011.80,29.07,397.68,553.21,303.34,259.34,644.11
2457242,29179,15715,87594,131438,5118,10864,87594,131438,5118,10864,32,21,344,59,2764.43,221.15,2985.58,81.41,638.18,162.81,209.57,420.46,400.15
,82713,11985,83431,1339926,1320,3863,83431,1339926,1320,3863,18,10,345,24,2018.56,161.48,2180.04,39.42,785.79,854.06,192.23,30.22,173.19
2457265,39592,5399,57701,1275319,2099,26074,57701,1275319,2099,26074,60,5,346,91,2528.93,202.31,2731.24,54.51,139.43,760.03,164.07,126.50,333.19
2456845,54709,13816,94773,827713,561,10254,94773,827713,561,10254,36,6,347,26,2391.70,191.34,2583.04,56.47,928.46,2301.82,51.69,497.15,1133.40
2457833,13473,7707,6807,1230987,78,19226,6807,1230987,78,19226,32,11,348,87,2139.54,171.16,2310.70,93.33,996.64,1198.17,388.67,304.61,656.51
2457895,59301,15147,5791,1785284,2868,32883,5791,1785284,2868,32883,30,6,349,37,382.59,30.61,413.20,13.08,640.78,23.19,161.28,79.04,1055.90
2458383,36297,1055,30704,1288383,5645,20320,30704,1288383,5645,20320,51,15,350,70,2201.73,176.14,2377.87,19.76,546.61,246.92,294.97,174.25,203.79
2457095,22041,13871,75431,5171,3601,25418,75431,5171,3601,25418,40,24,351,23,2886.51,230.92,3117.43,68.43,303.50,2517.08,298.96,376.09,727.23
2457451,32199,4770,56293,1079868,5481,16551,56293,1079868,5481,16551,19,3,352,50,2447.43,195.79,2643.22,54.39,399.42,1602.76,496.13,185.73,2.58
2458374,26749,16640,85208,1327051,6425,23250,85208,1327051,6425,23250,15,32,353,75,659.43,52.75,712.18,30.31,24.00,68.19,391.56,126.91,131.77
2457731,14181,10282,66477,724309,1589,14408,66477,724309,1589,14408,49,19,354,23,2284.56,182.76,2467.32,84.48,317.65,1114.05,396.75,66.89,488.86
2457693,61316,2661,93043,1553931,3033,458,93043,1553931,3033,458,24,31,355,50,945.09,75.61,1020.70,58.46,275.98,882.91,79.70,238.51,85.40
2457354,64460,1595,12735,1863608,12,20620,12735,1863608,12,20620,29,17,356,71,1064.99,85.20,1150.19,99.27,470.13,493.85,406.19,53.82,327.38
2457136,73377,14424,89283,592155,4667,20033,89283,592155,4667,20033,12,1,357,84,1499.60,119.97,1619.57,89.54,225.21,444.96,450.41,142.94,547.50
2456924,39643,14654,18527,299284,2624,49307,18527,299284,2624,49307,17,32,358,16,507.02,40.56,547.58,25.04,562.78,7.33,262.60,400.43,677.05
2457064,18701,5727,4954,871022,5793,15629,4954,871022,5793,15629,51,29,359,69,2874.55,229.96,3104.51,11.73,841.79,2352.17,208.21,476.32,23.71
2457222,66285,13760,31534,1587347,5343,17942,31534,1587347,5343,17942,14,8,360,23,945.97,75.68,1021.65,49.22,806.92,279.90,80.10,498.91,1103.42
2456866,80580,2279,84581,1557669,6272,49855,84581,1557669,6272,49855,57,35,361,21,2748.02,219.84,2967.86,60.83,805.67,1582.73,0.91,241.92,681.00
2457499,32518,14230,91004,152313,599,10123,91004,152313,599,10123,23,4,362,77,768.97,61.52,830.49,22.81,577.38,147.27,470.32,321.47,1330.43
2457624,32580,15973,29047,1324936,1855,46423,29047,1324936,1855,46423,23,30,363,55,2491.84,199.35,2691.19,91.80,198.37,843.53,385.28,273.46,377.70
2457247,46796,15906,95258,691721,668,43706,95258,691721,668,43706,43,26,364,88,1498.80,119.90,1618.70,98.41,309.16,233.14,83.85,151.67,1232.76
2458190,18039,6341,87170,113429,3597,7255,87170,113429,3597,7255,50,22,365,90,1884.16,150.73,2034.89,87.05,385.10,1074.36,260.59,452.00,840.38
2458355,81608,9152,82624,952255,6022,26877,82624,952255,6022,26877,36,4,366,60,2795.52,223.64,3019.16,43.50,460.73,99.56,23.86,128.73,786.91
2457958,74315,15376,47233,758780,2503,16982,47233,758780,2503,16982,53,5,367,33,342.93,27.43,370.36,94.04,817.05,241.25,160.79,184.72,291.58
2458073,8389,469,27698,543406,6566,37542,27698,543406,6566,37542,20,1,368,96,1431.27,114.50,1545.77,57.48,803.97,522.59,411.16,276.09,1018.59
2458164,69910,13335,80894,1310791,2961,35606,80894,1310791,2961,35606,34,35,369,2,1198.17,95.85,1294.02,25.24,470.54,368.62,466.37,121.74,1482.77
2457131,40875,5417,51527,1319174,6466,38462,51527,1319174,6466,38462,5,29,370,70,1751.36,140.11,1891.47,14.26,461.49,128.10,428.70,273.35,263.36
2457998,40760,13985,40043,995540,4274,30015,40043,995540,4274,30015,14,13,371,80,1009.87,80.79,1090.66,45.54,901.56,179.99,346.62,43.42,1308.97
2456782,85353,9012,58575,726734,4246,4582,58575,726734,4246,4582,34,30,372,9,1528.71,122.30,1651.01,74.25,347.41,1332.29,354.67,167.24,606.58
2457642,69240,75,90542,856154,5443,35194,90542,856154,5443,35194,30,2,373,2,583.08,46.65,629.73,94.09,989.97,275.64,430.36,181.98,45.83
2457292,22531,13918,92368,655447,4765,13059,92368,655447,4765,13059,35,14,374,32,2047.88,163.83,2211.71,98.56,880.13,88.19,99.07,215.24,296.15
2457931,9032,8340,75745,1759049,6058,1437,75745,1759049,6058,1437,46,4,375,5,1208.29,96.66,1304.95,48.68,471.88,470.06,59.37,148.98,954.65
2458021,29796,16396,90597,377854,3387,31982,90597,377854,3387,31982,24,29,376,54,2675.44,214.04,2889.48,60.90,670.20,2346.32,30.84,137.85,632.00
2458451,17405,6247,866,115678,5394,8027,866,115678,5394,8027,36,10,377,46,135.31,10.82,146.13,75.05,915.21,114.56,171.79,310.95,33.80
2458270,70441,485,29478,928824,4635,2967,29478,928824,4635,2967,13,31,378,55,2498.92,199.91,2698.83,67.47,507.39,960.58,171.88,62.59,808.91
2457228,77730,10490,20220,1271437,2247,27399,20220,1271437,2247,27399,51,19,379,14,1270.59,101.65,1372.24,22.40,258.89,817.14,434.87,452.49,1408.40
2457132,75946,7342,92012,459018,629,41794,92012,459018,629,41794,5,12,380,91,100.27,8.02,108.29,40.43,223.99,5.08,182.90,33.51,887.57
2456986,30617,1287,9437,1797673,6771,17428,9437,1797673,6771,17428,30,12,381,30,1086.32,86.91,1173.23,7.22,5.39,96.42,9.50,36.69,58.67
2456899,51004,8570,1690,1901394,4112,28659,1690,1901394,4112,28659,14,19,382,80,815.44,65.24,880.68,86.12,511.89,601.62,170.30,172.99,592.23
2458305,69637,4635,20925,1723297,5783,28917,20925,1723297,5783,28917,58,25,383,40,1638.83,131.11,1769.94,99.41,535.96,690.03,185.57,164.48,196.20
2457098,41250,4579,84279,748397,3749,40156,84279,748397,3749,40156,27,30,384,27,306.96,24.56,331.52,24.71,941.71,169.71,348.33,459.65,285.06
,53285,13124,93716,1736681,2818,1281,93716,1736681,2818,1281,33,10,385,44,2384.92,190.79,2575.71,16.69,927.78,1863.81,456.76,5.48,410.06
2456968,45126,408,99657,1352567,1492,15104,99657,1352567,1492,15104,37,29,386,90,142.14,11.37,153.51,50.03,910.72,8.59,88.71,316.30,229.61
2457632,53567,11129,30362,930185,1316,12719,30362,930185,1316,12719,6,15,387,51,1697.34,135.79,1833.13,59.90,139.08,832.64,265.32,170.81,157.29
2457558,7028,11322,42798,1810095,3157,27354,42798,1810095,3157,27354,7,29,388,73,2741.74,219.34,2961.08,15.74,650.94,2370.47,71.59,252.46,419.74
2456903,19786,138,69872,1311322,7189,24304,69872,1311322,7189,24304,10,20,389,96,1105.19,88.42,1193.61,4.01,527.12,702.25,93.18,326.17,1032.39
2458123,63537,15886,31498,961079,3303,42384,31498,961079,3303,42384,44,13,390,23,1597.82,127.83,1725.65,0.70,447.90,1570.21,127.09,166.46,181.77
2456991,37216,17280,92829,477523,3569,39237,92829,477523,3569,39237,36,22,391,88,989.58,79.17,1068.75,56.68,821.26,583.03,343.51,108.40,522.32
2457243,75622,647,60591,410978,2834,21860,60591,410978,2834,21860,42,30,392,6,2265.12,181.21,2446.33,47.73,241.01,1987.07,333.62,95.79,1363.25
2457712,4585,2037,83894,1889976,3427,26045,83894,1889976,3427,26045,1,27,393,69,1406.84,112.55,1519.39,2.38,839.04,230.28,213.78,352.29,415.35
2457476,28022,13781,82198,284340,2559,49054,82198,284340,2559,49054,12,8,394,5,1978.46,158.28,2136.74,46.88,435.64,1691.08,225.39,114.33,1067.43
2458049,1752,6776,65487,1880939,6777,21356,65487,1880939,6777,21356,12,,395,14,999.79,79.98,1079.77,20.15,991.65,208.42,101.08,290.27,294.88
2456950,78405,6850,1793,1677622,6916,26719,1793,1677622,6916,26719,57,5,396,35,1473.22,117.86,1591.08,6.85,425.90,213.95,131.45,152.30,451.36
2457783,50049,8566,62088,53740,4675,7308,62088,53740,4675,7308,35,28,397,85,19.00,1.52,20.52,33.10,463.49,7.32,44.49,5.67,1080.33
2457509,45148,9850,3421,1332266,5511,18649,3421,1332266,5511,18649,10,24,398,66,50.22,4.02,54.24,28.35,783.53,15.16,376.56,143.71,1126.70
2457992,66470,4171,52277,1025597,1029,19819,52277,1025597,1029,19819,39,34,399,20,930.70,74.46,1005.16,81.26,130.99,194.72,395.74,358.73,1109.86
2457535,74207,15537,7548,566265,6983,47614,7548,566265,6983,47614,37,8,400,50,259.62,20.77,280.39,53.73,584.41,68.12,161.25,458.55,194.69
2457305,69183,871,42026,14426,6141,23402,42026,14426,6141,23402,32,5,401,27,52.69,4.22,56.91,45.49,658.42,31.22,389.26,344.73,566.56
2457597,14224,5431,47549,1434942,5621,6014,47549,1434942,5621,6014,32,1,402,71,613.76,49.10,662.86,44.45,636.55,487.62,207.68,490.90,893.09
2458267,2998,2234,10717,1384007,6922,9012,10717,1384007,6922,9012,1,12,403,78,411.37,32.91,444.28,34.55,927.14,361.05,190.33,188.17,1431.34
2457792,2280,1380,29035,294137,2886,29164,29035,294137,2886,29164,31,19,404,1,454.66,36.37,491.03,77.42,339.72,282.77,443.77,173.70,177.15
2457701,79767,16273,19166,1779968,1857,17935,19166,1779968,1857,17935,20,29,405,26,233.97,18.72,252.69,48.79,454.63,99.74,170.24,29.77,89.54
2457622,40172,5978,44969,862350,4974,42950,44969,862350,4974,42950,5,34,406,10,358.22,28.66,386.88,98.56,327.73,299.38,16.86,245.14,928.38
2457458,3549,4370,69742,1540333,6316,37174,69742,1540333,6316,37174,1,27,407,71,2749.17,219.93,2969.10,14.34,624.33,1236.34,168.56,309.38,776.35
2457171,68303,1589,50679,1223485,1001,16841,50679,1223485,1001,16841,42,9,408,67,555.73,44.46,600.19,20.49,993.81,113.33,152.38,18.93,189.34
2458357,48106,15358,48543,940541,5046,10850,48543,940541,5046,10850,2,13,409,42,691.27,55.30,746.57,58.75,207.95,489.56,434.76,278.69,1312.80
2457760,61074,544,10542,1192640,2159,44494,10542,1192640,2159,44494,2,31,410,16,1537.98,123.04,1661.02,12.82,168.98,296.06,486.89,17.65,367.08
2458130,24035,6445,72586,1764682,6767,1375,72586,1764682,6767,1375,25,23,411,34,1704.85,136.39,1841.24,67.81,949.34,600.31,134.69,158.58,548.65
2457185,43365,13363,62371,975331,5718,3094,62371,975331,5718,3094,29,18,412,71,702.16,56.17,758.33,87.02,113.86,600.41,372.97,435.39,647.17
2457175,16719,7800,69015,1827749,2370,41737,69015,1827749,2370,41737,32,25,413,5,2517.99,201.44,2719.43,32.37,49.70,1558.38,299.36,270.66,1246.71
2458172,78440,17602,67272,819564,2056,16850,67272,819564,2056,16850,16,4,414,76,1393.37,111.47,1504.84,69.43,194.70,1093.79,481.60,87.97,199.71
2457470,3732,11961,73288,978901,4046,20863,73288,978901,4046,20863,27,7,415,23,2111.10,168.89,2279.99,27.96,502.69,1658.41,287.46,259.09,168.40
2458216,70468,15921,8866,51597,1170,16839,8866,51597,1170,16839,26,30,416,56,2826.74,226.14,3052.88,74.95,583.40,2237.83,133.14,216.25,681.75
,3221,9707,74106,1577397,4591,19987,74106,1577397,4591,19987,27,11,417,43,2358.84,188.71,2547.55,3.06,460.06,877.98,482.09,183.56,856.66
2458258,60766,9926,67168,1652464,6016,40471,67168,1652464,6016,40471,27,12,418,85,1391.10,111.29,1502.39,38.74,324.02,101.22,53.45,152.45,689.31
2458404,65250,9525,69907,320571,1490,26548,69907,320571,1490,26548,14,23,419,40,122.04,9.76,131.80,1.94,930.19,114.41,76.71,240.86,1278.87
2457259,76587,810,30880,736240,4329,27413,30880,736240,4329,27413,11,10,420,5,2579.54,206.36,2785.90,19.24,395.40,1476.70,66.05,330.51,685.42
2458068,54335,12017,23782,1621122,1807,34512,23782,1621122,1807,34512,36,12,421,68,1304.06,104.32,1408.38,16.84,210.67,748.00,440.67,480.16,680.07
2456966,31163,13035,493,840787,1703,11250,493,840787,1703,11250,33,19,422,51,1979.93,158.39,2138.32,63.38,261.51,1467.86,86.78,392.96,1401.11
2456755,31242,1227,22797,2800,786,29187,22797,2800,786,29187,40,4,423,3,2700.33,216.03,2916.36,34.84,58.17,140.69,448.57,144.29,579.91
2458171,45396,10203,31522,572003,4157,3680,31522,572003,4157,3680,2,19,424,64,760.71,60.86,821.57,32.18,166.21,279.29,400.31,61.58,227.48
2458093,19088,9658,22726,1014532,2336,27122,22726,1014532,2336,27122,34,31,425,35,2485.61,198.85,2684.46,32.65,481.63,1511.06,165.94,293.39,163.10
2457049,49843,14528,76899,227797,5946,36384,76899,227797,5946,36384,42,10,426,85,485.80,38.86,524.66,87.41,893.79,470.10,6.71,265.51,138.93
2457981,29840,2344,97602,1088780,434,6346,97602,1088780,434,6346,5,12,427,31,21.84,1.75,23.59,40.63,426.96,15.07,224.56,91.41,1254.80
2458180,74741,17928,66387,760758,76,13399,66387,760758,76,13399,7,3,428,54,241.09,19.29,260.38,8.89,638.80,208.59,158.99,62.20,1401.05
2458429,38830,9849,41436,811296,3928,41606,41436,811296,3928,41606,8,,429,37,2915.97,233.28,3149.25,41.68,518.96,1104.51,269.96,248.47,487.59
2457923,85667,6084,96787,814209,4499,13844,96787,814209,4499,13844,11,29,430,53,1375.37,110.03,1485.40,36.80,660.32,872.42,277.10,305.38,1109.17
2457346,21762,9580,31407,756334,3130,25613,31407,756334,3130,25613,58,35,431,72,2601.03,208.08,2809.11,70.01,393.62,1899.61,355.33,231.07,980.85
2457724,12131,17416,87120,823439,1190,46875,87120,823439,1190,46875,17,32,432,85,442.23,35.38,477.61,36.63,783.22,220.33,45.53,405.22,454.74
2457703,21181,17561,44084,520792,2774,8268,44084,520792,2774,8268,31,15,433,47,2002.70,160.22,2162.92,59.52,698.37,1933.62,390.51,322.16,1213.16
2458141,43247,974,46593,1747610,6235,18633,46593,1747610,6235,18633,26,29,434,26,804.25,64.34,868.59,82.66,998.41,510.62,363.88,259.87,117.99
2457343,18484,11102,77022,367804,1333,25879,77022,367804,1333,25879,7,35,435,78,886.06,70.88,956.94,38.55,358.35,258.97,99.10,375.57,468.92
2458342,59363,15960,56964,109958,4597,33204,56964,109958,4597,33204,46,6,436,100,2036.37,162.91,2199.28,40.84,986.40,1813.95,239.64,165.62,1125.62
2457823,50162,15191,38346,38463,1277,48168,38346,38463,1277,48168,35,32,437,91,50.57,4.05,54.62,39.12,249.09,32.84,350.85,128.93,741.24
2458346,77532,9414,353,661776,5859,39040,353,661776,5859,39040,47,2,438,87,2710.08,216.81,2926.89,82.09,621.62,1023.67,289.42,459.38,1206.72
2458007,54228,14043,47416,1709755,6483,43914,47416,1709755,6483,43914,10,6,439,84,1841.61,147.33,1988.94,79.72,143.44,1035.95,314.90,435.88,437.48
2457448,17342,16808,47336,620432,6254,34113,47336,620432,6254,34113,54,,440,96,941.89,75.35,1017.24,8.78,836.16,595.68,94.41,278.92,442.30
2457815,39372,3900,19552,774037,3704,31452,19552,774037,3704,31452,56,3,441,80,2383.98,190.72,2574.70,79.40,453.67,1012.92,162.24,114.87,72.01
2458155,16122,13280,4812,1842903,4511,23165,4812,1842903,4511,23165,16,9,442,40,2945.43,235.63,3181.06,51.20,799.88,2072.95,335.11,387.61,630.11
2457608,16990,219,44493,1271184,5634,31488,44493,1271184,5634,31488,43,9,443,19,666.79,53.34,720.13,85.21,363.49,485.77,420.30,442.29,988.39
2458229,73652,11273,55250,1379383,948,11547,55250,1379383,948,11547,60,19,444,83,2643.76,211.50,2855.26,84.80,767.40,478.50,284.24,388.73,148.20
2457414,60032,10743,63373,943657,1418,48649,63373,943657,1418,48649,39,33,445,90,310.90,24.87,335.77,74.68,709.24,75.41,204.81,395.63,299.02
2458371,24518,3615,60941,1841599,1248,23652,60941,1841599,1248,23652,45,3,446,79,1694.24,135.54,1829.78,76.27,703.67,847.07,354.14,245.52,1470.60
2456765,60948,15987,56494,1278434,1879,26805,56494,1278434,1879,26805,24,5,447,66,768.46,61.48,829.94,26.78,924.53,727.19,319.60,228.07,202.31
2456919,63089,6250,29519,257874,2871,48123,29519,257874,2871,48123,48,22,448,25,963.66,77.09,1040.75,14.57,291.45,46.49,329.52,62.48,788.86
2458041,74068,16264,72667,1484107,4913,2893,72667,1484107,4913,2893,23,30,449,21,473.01,37.84,510.85,8.92,874.57,376.47,443.63,339.53,1477.57
2456956,29451,14702,96698,1284647,748,48947,96698,1284647,748,48947,45,19,450,26,2786.93,222.95,3009.88,2.57,282.85,1500.97,107.43,264.18,63.13
2458285,25471,281,84706,217564,3628,18094,84706,217564,3628,18094,18,27,451,2,293.85,23.51,317.36,43.26,931.69,192.04,169.98,359.86,141.43
2456993,20217,589,67432,482688,603,8533,67432,482688,603,8533,37,30,452,8,965.35,77.23,1042.58,92.71,24.94,221.72,94.05,101.91,102.03
2457607,52348,2186,10887,1015515,662,43479,10887,1015515,662,43479,32,24,453,30,1207.74,96.62,1304.36,36.65,900.45,786.34,286.39,261.96,125.62
2457639,38462,734,40800,822864,1435,7844,40800,822864,1435,7844,42,26,454,96,1928.96,154.32,2083.28,27.09,785.87,1205.32,42.07,115.13,537.63
2457163,33631,10810,23768,257939,7080,22003,23768,257939,7080,22003,26,15,455,81,80.07,6.41,86.48,57.73,286.01,9.80,140.03,167.42,874.11
2457177,22571,12294,23122,1116814,5659,47263,23122,1116814,5659,47263,2,15,456,58,1434.20,114.74,1548.94,62.55,60.74,391.73,115.23,64.34,633.69
2456771,54726,10355,3383,649323,6559,19832,3383,649323,6559,19832,27,10,457,3,169.91,13.59,183.50,72.32,946.58,100.86,272.78,153.55,396.64
2457305,21260,10383,244,1587157,1611,25098,244,1587157,1611,25098,39,1,458,27,738.94,59.12,798.06,51.92,181.09,491.20,148.37,168.22,1257.70
2457332,55696,14282,68201,1249983,6260,47097,68201,1249983,6260,47097,15,18,459,12,2881.95,230.56,3112.51,83.62,471.63,1445.19,36.68,170.52,1165.84
2458431,63745,4936,14092,1528326,1680,39983,14092,1528326,1680,39983,55,4,460,83,1375.25,110.02,1485.27,30.39,596.59,916.21,193.56,247.79,1162.30
2457019,54578,2840,65242,799176,5414,41666,65242,799176,5414,41666,5,27,461,91,2074.13,165.93,2240.06,18.35,377.60,1086.56,362.09,31.88,4.74
2458469,55011,15656,64689,1487278,3377,32283,64689,1487278,3377,32283,37,20,462,82,2124.30,169.94,2294.24,92.30,754.85,315.25,380.79,434.85,859.89
2457083,60729,7227,2227,1227091,1924,25657,2227,1227091,1924,25657,59,24,463,69,2051.57,164.13,2215.70,79.65,152.59,2015.08,103.98,92.44,924.59
2457037,12250,5858,20847,666578,5675,20263,20847,666578,5675,20263,37,19,464,43,2841.36,227.31,3068.67,16.44,462.51,538.65,44.09,237.60,1026.18
2458145,25756,12135,24991,1645862,6311,45662,24991,1645862,6311,45662,41,20,465,60,1126.71,90.14,1216.85,57.74,799.66,509.86,275.69,204.04,628.69
2457218,72942,11055,82285,1915853,5587,46206,82285,1915853,5587,46206,42,5,466,81,853.57,68.29,921.86,77.66,400.44,538.48,437.33,479.41,1474.21
2458206,20319,2578,70035,960036,6871,31469,70035,960036,6871,31469,19,26,467,6,1128.22,90.26,1218.48,51.67,853.33,8.24,35.16,296.78,746.10
2457444,31427,11624,31766,264372,3413,16795,31766,264372,3413,16795,59,35,468,59,2088.71,167.10,2255.81,53.61,729.88,1653.19,162.75,459.62,257.47
2457345,83842,7318,35222,262880,6784,45915,35222,262880,6784,45915,16,28,469,86,1031.80,82.54,1114.34,67.89,450.04,287.69,376.02,297.11,1027.34
2457126,72392,755,93336,963652,2546,14206,93336,963652,2546,14206,19,26,470,63,1234.38,98.75,1333.13,18.99,267.65,1030.31,325.79,381.71,550.65
2456947,9536,15992,94630,1498369,4388,34885,94630,1498369,4388,34885,43,10,471,13,344.12,27.53,371.65,46.83,154.71,80.56,404.85,55.65,902.11
2457917,54069,8198,85525,152836,194,19254,85525,152836,194,19254,9,23,472,64,1952.20,156.18,2108.38,46.48,946.71,652.36,213.32,283.34,745.07
2457901,14182,10832,13427,699536,3273,7621,13427,699536,3273,7621,55,33,473,32,1628.17,130.25,1758.42,24.05,77.42,512.81,100.16,35.45,630.37
2457166,28922,6566,2520,1771909,4944,9819,2520,1771909,4944,9819,18,2,474,46,1067.40,85.39,1152.79,95.14,615.36,389.85,20.99,335.81,1489.63
2457607,66528,5846,98202,911530,3755,12274,98202,911530,3755,12274,60,35,475,58,1471.18,117.69,1588.87,71.66,144.93,280.21,272.32,486.37,1187.22
2457731,71174,2753,9731,322648,1571,42771,9731,322648,1571,42771,46,32,476,96,1887.24,150.98,2038.22,41.92,878.24,1037.02,3.96,236.25,1283.22
2457162,68798,7797,1837,1762002,5288,1645,1837,1762002,5288,1645,34,15,477,61,1496.45,119.72,1616.17,23.71,124.62,824.07,314.20,162.21,1072.68
2457130,21751,16527,75265,1841126,390,15277,75265,1841126,390,15277,12,7,478,5,2071.00,165.68,2236.68,28.16,652.09,1748.57,285.73,114.56,224.08
2458287,21821,12748,39268,1482410,5703,14072,39268,1482410,5703,14072,46,19,479,46,228.78,18.30,247.08,85.01,886.88,122.94,220.80,53.11,782.77
2457076,45380,9591,78573,1104271,2939,26632,78573,1104271,2939,26632,51,15,480,43,929.67,74.37,1004.04,17.82,928.88,698.46,345.45,180.91,1418.03
2457580,66704,5184,21596,928758,2918,36641,21596,928758,2918,36641,47,11,481,78,2978.24,238.26,3216.50,1.57,95.69,1216.34,379.89,192.09,884.12
2457494,68228,5424,77032,466431,3001,39969,77032,466431,3001,39969,21,19,482,97,2886.70,230.94,3117.64,37.28,322.23,738.22,194.75,310.96,814.00
2456922,66548,17149,64618,656633,5695,18151,64618,656633,5695,18151,59,1,483,70,1656.20,132.50,1788.70,30.92,852.70,1394.11,464.84,421.39,747.79
2457299,63514,11316,4794,111861,1693,2976,4794,111861,1693,2976,7,31,484,32,636.60,50.93,687.53,3.43,16.76,421.83,211.76,86.45,1378.97
2457417,19661,9058,32634,871434,1715,34411,32634,871434,1715,34411,47,35,485,71,2448.73,195.90,2644.63,58.36,123.84,929.41,341.23,224.38,743.02
2457798,292,1784,11670,677137,4332,38447,11670,677137,4332,38447,7,31,486,77,148.75,11.90,160.65,49.24,468.69,90.88,431.11,397.05,470.41
2457990,82287,2418,3629,257823,7180,40319,3629,257823,7180,40319,11,23,487,26,13.12,1.05,14.17,93.80,581.61,3.16,285.24,252.61,549.88
2457200,3899,12088,10324,1290099,3142,41911,10324,1290099,3142,41911,58,26,488,10,515.21,41.22,556.43,51.17,673.98,318.26,161.23,209.73,300.64
2457966,8149,15316,73542,527458,2171,29737,73542,527458,2171,29737,6,18,489,87,1766.91,141.35,1908.26,61.41,334.37,846.37,78.33,20.70,684.68
2457414,78021,4752,11326,832573,6692,18778,11326,832573,6692,18778,41,27,490,93,2935.96,234.88,3170.84,15.62,798.40,565.20,17.60,97.25,657.10
2456803,47414,8524,57981,1265693,1868,33413,57981,1265693,1868,33413,40,8,491,84,90.02,7.20,97.22,67.38,810.96,24.13,85.97,65.16,203.82
2457258,3284,9615,28392,999942,6833,29160,28392,999942,6833,29160,2,12,492,2,2284.19,182.74,2466.93,8.17,458.83,2186.06,224.49,278.63,1439.41
2457840,48687,16103,11062,1473624,5092,46598,11062,1473624,5092,46598,10,14,493,31,2204.01,176.32,2380.33,32.90,377.26,497.32,72.33,262.08,690.54
2457141,1730,9441,33360,1370059,636,4280,33360,1370059,636,4280,10,22,494,94,1596.83,127.75,1724.58,32.01,801.81,1230.42,227.56,72.12,337.98
2457883,38600,14863,55032,1684234,6726,43956,55032,1684234,6726,43956,30,5,495,15,2537.94,203.04,2740.98,99.72,653.63,1740.88,260.49,67.19,1147.39
2456821,67282,15249,54485,1908151,4012,22649,54485,1908151,4012,22649,24,33,496,15,483.75,38.70,522.45,21.56,249.06,481.34,381.31,333.44,343.01
2457223,4421,395,73585,1034653,5060,37108,73585,1034653,5060,37108,42,28,497,62,42.66,3.41,46.07,3.51,876.39,24.18,167.74,242.10,934.87
2457324,78201,13708,60226,1230969,7051,35167,60226,1230969,7051,35167,33,25,498,91,938.76,75.10,1013.86,12.96,119.99,491.86,262.31,271.40,704.98
2458346,60801,11049,5438,877558,3083,18751,5438,877558,3083,18751,35,11,499,100,2516.88,201.35,2718.23,76.09,65.30,2170.83,390.78,209.73,1438.60
2458168,58072,12755,38900,502533,3215,40549,38900,502533,3215,40549,60,8,500,91,2350.56,188.04,2538.60,82.35,972.03,2018.56,61.73,382.56,1165.96
2457857,41465,12974,2913,996458,909,21814,2913,996458,909,21814,6,29,501,83,2247.40,179.79,2427.19,43.87,124.77,2237.01,97.13,487.97,1409.65
2458045,1695,4509,84556,567530,1608,20864,84556,567530,1608,20864,47,10,502,39,1727.54,138.20,1865.74,42.40,904.06,992.01,66.17,341.48,347.74
2458371,11171,13607,70648,1452596,2449,44351,70648,1452596,2449,44351,43,9,503,52,679.52,54.36,733.88,73.57,998.64,397.17,190.41,125.25,523.56
2458360,82093,16594,88433,1113490,2753,27312,88433,1113490,2753,27312,20,27,504,21,461.85,36.95,498.80,11.73,481.80,335.90,469.43,3.43,592.40
2457415,22229,2223,57796,1688800,7159,10548,57796,1688800,7159,10548,36,31,505,72,1202.90,96.23,1299.13,98.89,282.58,79.87,28.79,339.03,1096.61
,44854,12030,51943,755011,1777,42131,51943,755011,1777,42131,23,26,506,24,336.98,26.96,363.94,17.86,774.41,270.31,308.45,443.46,633.28
2458195,9312,10330,55377,1574404,2902,27491,55377,1574404,2902,27491,58,35,507,24,1198.50,95.88,1294.38,43.69,979.22,862.49,385.67,389.04,1111.87
2458130,39319,14923,27431,1761234,4970,14691,27431,1761234,4970,14691,8,10,508,99,2645.71,211.66,2857.37,55.24,260.49,347.30,479.68,412.37,465.33
,76683,4630,50050,1466901,4573,23390,50050,1466901,4573,23390,5,5,509,73,2262.63,181.01,2443.64,70.63,145.47,1864.28,298.18,412.69,837.22
2457426,76023,16977,60895,546719,86,1493,60895,546719,86,1493,15,6,510,39,2017.20,161.38,2178.58,11.46,706.81,537.27,327.07,27.76,938.14
2457386,669,1673,36455,518311,4288,44931,36455,518311,4288,44931,22,14,511,90,1237.70,99.02,1336.72,77.09,140.34,98.29,66.57,407.03,1279.60
2457986,84289,3572,81865,1885470,6122,44965,81865,1885470,6122,44965,22,18,512,13,1628.77,130.30,1759.07,78.75,510.88,1223.44,234.88,9.54,847.08
2457909,39034,3788,2502,1474086,2313,12567,2502,1474086,2313,12567,15,11,513,64,2214.52,177.16,2391.68,30.47,129.36,823.43,122.42,347.75,1422.74
2457655,62376,16313,45330,228580,6209,32331,45330,228580,6209,32331,54,33,514,33,1607.88,128.63,1736.51,52.36,822.79,1000.06,199.64,155.30,629.47
2457643,81221,17744,83940,1748910,5979,34543,83940,1748910,5979,34543,56,4,515,85,366.74,29.34,396.08,68.14,399.59,252.94,240.93,132.91,795.65
2457411,40018,12311,7735,133043,2577,35964,7735,133043,2577,35964,33,22,516,43,638.60,51.09,689.69,57.31,235.35,162.03,486.74,385.26,412.31
2457207,39391,8486,46113,263463,665,46433,46113,263463,665,46433,2,5,517,92,34.78,2.78,37.56,37.24,281.53,31.39,253.41,23.83,941.42
2457651,44477,16794,55605,601621,1043,38796,55605,601621,1043,38796,23,20,518,14,1109.10,88.73,1197.83,68.13,428.40,818.29,294.48,20.68,308.00
2458361,12040,12375,26890,1298756,1374,40938,26890,1298756,1374,40938,50,4,519,30,653.14,52.25,705.39,3.76,428.49,98.80,448.85,31.61,407.62
2457217,50887,7142,19554,1879025,6962,19256,19554,1879025,6962,19256,46,29,520,51,349.61,27.97,377.58,12.09,207.28,19.34,184.39,450.28,1363.45
2457326,11705,6733,97234,530779,6021,39865,97234,530779,6021,39865,26,29,521,20,269.22,21.54,290.76,38.75,387.95,136.10,35.90,169.85,292.73
2457441,27430,327,31838,664248,515,43904,31838,664248,515,43904,4,31,522,94,1790.46,143.24,1933.70,37.53,626.76,258.44,123.39,39.63,325.13
2457105,26371,14237,44976,1004192,6527,14489,44976,1004192,6527,14489,48,12,523,4,2301.45,184.12,2485.57,25.33,997.45,1889.64,19.35,311.33,1120.44
2458201,46077,6073,49925,1067526,1499,25031,49925,1067526,1499,25031,10,28,524,16,1926.21,154.10,2080.31,98.08,487.46,885.86,242.16,421.02,1382.47
2457898,30394,9718,40633,1504597,4319,36224,40633,1504597,4319,36224,20,18,525,79,2947.27,235.78,3183.05,2.81,569.82,1830.98,328.33,449.27,1318.99
2458207,43496,5306,67640,465666,6646,44525,67640,465666,6646,44525,23,30,526,17,365.88,29.27,395.15,29.98,162.68,204.46,458.47,212.94,996.50
2457344,1792,9007,10837,1687837,1242,44758,10837,1687837,1242,44758,17,24,527,44,872.75,69.82,942.57,49.73,343.14,472.59,77.58,59.68,537.05
2457695,76912,6264,7898,245656,2822,8888,7898,245656,2822,8888,28,2,528,11,2058.77,164.70,2223.47,76.80,138.06,1859.14,440.33,163.26,1434.58
2458448,26109,11043,82780,602700,4965,9729,82780,602700,4965,9729,8,30,529,82,112.50,9.00,121.50,1.16,54.91,56.23,268.78,295.61,681.86
2457493,68959,16030,52650,125275,1905,17914,52650,125275,1905,17914,36,5,530,16,638.77,51.10,689.87,64.68,348.76,173.86,264.09,444.89,180.60
2457993,24809,925,40251,1735949,2346,47946,40251,1735949,2346,47946,40,7,531,48,2416.20,193.30,2609.50,63.68,1.17,179.70,436.88,348.74,1428.81
2458224,24462,1152,87356,1532532,4652,35037,87356,1532532,4652,35037,42,34,532,56,2602.29,208.18,2810.47,59.00,69.93,556.73,144.77,358.15,859.72
2458046,3948,17177,45064,29765,5237,25040,45064,29765,5237,25040,14,15,533,63,596.66,47.73,644.39,16.39,898.99,0.08,226.96,263.70,385.25
2457653,16039,11662,53492,1574527,5062,31641,53492,1574527,5062,31641,8,5,534,88,567.52,45.40,612.92,95.94,410.56,33.59,119.33,442.99,1168.12
2457148,82363,8662,59482,1621697,2778,19278,59482,1621697,2778,19278,59,29,535,1,2850.74,228.06,3078.80,54.29,740.05,589.24,25.00,283.23,1309.55
2456981,81908,8155,49988,1567708,3096,890,49988,1567708,3096,890,60,17,536,14,1269.52,101.56,1371.08,0.53,714.23,1240.64,216.95,272.05,1363.25
2457215,78982,13640,8467,416165,7012,8019,8467,416165,7012,8019,37,11,537,45,2433.27,194.66,2627.93,74.66,207.10,2282.72,467.83,92.50,424.68
2458025,86048,6402,11980,800947,452,17468,11980,800947,452,17468,31,2,538,59,1705.24,136.42,1841.66,4.66,958.63,1685.82,200.21,363.60,1103.45
2457192,16999,17965,21088,950835,638,3531,21088,950835,638,3531,49,35,539,19,1638.79,131.10,1769.89,8.87,893.84,19.94,281.96,251.82,1069.27
2457037,40469,684,79140,716286,6099,7898,79140,716286,6099,7898,42,30,540,29,953.02,76.24,1029.26,7.58,926.95,540.54,376.97,140.17,424.58
2457042,38987,10261,24205,1148907,6118,35456,24205,1148907,6118,35456,60,16,541,2,1894.82,151.59,2046.41,2.83,741.04,134.51,272.57,111.31,809.61
2458242,50850,10859,92890,42257,345,4037,92890,42257,345,4037,59,25,542,100,1932.74,154.62,2087.36,13.27,691.10,1072.34,179.38,89.76,961.90
2457865,12335,1018,33602,237427,5698,26037,33602,237427,5698,26037,3,7,543,55,2938.86,235.11,3173.97,99.32,601.15,2040.06,219.07,346.57,439.99
2457902,58870,5773,80788,1682694,537,30821,80788,1682694,537,30821,43,2,544,80,2531.44,202.52,2733.96,2.50,843.47,434.97,3.46,205.09,954.42
2456820,84805,15203,42542,1781414,5554,35363,42542,1781414,5554,35363,47,7,545,66,2700.22,216.02,2916.24,14.07,272.57,2209.14,101.91,44.60,1492.37
2457889,33651,17457,15387,1224310,3493,45378,15387,1224310,3493,45378,31,16,546,66,1831.16,146.49,1977.65,82.31,359.78,213.91,492.10,472.87,253.26
2457894,11688,15029,91848,1003252,698,19766,91848,1003252,698,19766,15,33,547,63,2787.47,223.00,3010.47,67.78,941.31,2367.32,484.05,380.69,770.25
2457082,18528,2821,2383,1129874,2850,25980,2383,1129874,2850,25980,4,33,548,6,745.62,59.65,805.27,30.92,595.80,228.16,406.11,166.95,36.38
2456883,5589,16865,47403,1724269,2323,45730,47403,1724269,2323,45730,14,6,549,62,137.27,10.98,148.25,67.67,507.88,18.65,471.84,36.93,837.63
2457847,65941,10416,26373,1884147,2462,25442,26373,1884147,2462,25442,48,33,550,60,2620.59,209.65,2830.24,84.82,888.12,810.77,240.59,72.17,546.63
2458055,64357,12969,8499,11323,4187,35862,8499,11323,4187,35862,19,14,551,5,1902.03,152.16,2054.19,12.57,215.37,797.83,451.37,113.75,491.51
2457401,31760,17669,36821,192268,1975,33533,36821,192268,1975,33533,27,18,552,67,2474.66,197.97,2672.63,77.00,476.10,1000.17,408.15,247.59,689.14
2457118,85288,3403,67667,617117,2815,12061,67667,617117,2815,12061,44,34,553,17,2871.84,229.75,3101.59,3.60,432.35,751.63,493.65,385.44,653.60
2457661,80583,2232,67514,1267591,3429,49271,67514,1267591,3429,49271,26,6,554,86,1513.92,121.11,1635.03,64.00,323.26,621.33,290.05,122.22,507.38
2457110,52740,14094,18378,969754,589,49052,18378,969754,589,49052,45,35,555,68,1763.04,141.04,1904.08,5.70,753.93,1566.58,56.01,436.86,386.99
2457811,55312,2597,90305,1188296,4757,7317,90305,1188296,4757,7317,48,33,556,43,2242.42,179.39,2421.81,28.16,105.12,1588.27,103.26,486.59,854.68
2458359,78710,5512,10103,339698,1885,17477,10103,339698,1885,17477,24,22,557,69,2738.61,219.09,2957.70,5.60,755.49,465.80,18.36,5.68,253.43
2456881,17187,12842,48059,269317,6417,47961,48059,269317,6417,47961,15,33,558,99,1694.77,135.58,1830.35,48.51,964.39,1350.84,204.08,252.58,721.99
2456839,26908,7111,47315,990204,6007,25960,47315,990204,6007,25960,16,6,559,88,1376.23,110.10,1486.33,37.87,823.31,279.43,32.62,169.77,1057.11
2458425,11220,7040,41903,1168076,2256,21918,41903,1168076,2256,21918,59,33,560,58,2732.05,218.56,2950.61,23.84,585.66,1727.42,414.64,246.97,17.98
2457381,34467,14076,25239,1373700,5131,8656,25239,1373700,5131,8656,9,5,561,70,1638.59,131.09,1769.68,75.01,198.71,905.98,348.70,258.49,163.62
2458192,17972,8894,49899,1282272,2493,31173,49899,1282272,2493,31173,34,21,562,66,515.90,41.27,557.17,85.97,364.93,32.88,18.31,219.40,550.03
2458063,83235,4389,95146,976,5113,16539,95146,976,5113,16539,26,21,563,81,1114.27,89.14,1203.41,23.19,84.92,284.05,340.37,400.09,392.20
2458472,25939,14976,27927,1464321,5804,49337,27927,1464321,5804,49337,56,21,564,45,2176.04,174.08,2350.12,42.95,799.59,544.87,226.80,233.70,1171.56
2457605,62006,2777,11135,516758,1928,7336,11135,516758,1928,7336,6,24,565,16,2870.20,229.62,3099.82,76.20,817.96,156.12,181.95,408.30,1088.30
2456866,25723,14998,45690,1226526,156,37008,45690,1226526,156,37008,3,29,566,43,1243.15,99.45,1342.60,33.30,877.62,33.02,182.57,378.78,602.41
2458203,58946,8187,54233,1118530,3869,38697,54233,1118530,3869,38697,25,2,567,89,1962.83,157.03,2119.86,89.10,515.89,166.35,252.15,150.68,746.42
,3731,10595,87875,1065858,3858,15390,87875,1065858,3858,15390,43,6,568,98,2881.63,230.53,3112.16,8.46,878.88,2576.55,123.08,441.28,848.49
2457356,61750,6867,91873,521063,4238,26446,91873,521063,4238,26446,49,19,569,65,2113.88,169.11,2282.99,19.75,360.64,1004.37,434.82,309.46,400.08
2458421,33462,9633,68743,1876382,5833,10828,68743,1876382,5833,10828,43,4,570,51,571.63,45.73,617.36,58.89,852.29,349.06,202.00,97.94,1118.50
2457660,32533,4589,15636,99167,4895,19138,15636,99167,4895,19138,17,16,571,96,1172.81,93.82,1266.63,10.72,708.03,1023.66,33.83,435.02,1092.15
2456879,15990,12835,5773,355859,732,34126,5773,355859,732,34126,2,20,572,16,6.02,0.48,6.50,87.35,440.16,2.34,477.37,126.37,1399.58
2456816,81122,4310,72805,202931,5098,42821,72805,202931,5098,42821,13,12,573,29,2264.98,181.20,2446.18,85.34,604.19,1681.34,76.14,338.96,1259.66
2457471,11592,11459,20025,1637891,2245,46393,20025,1637891,2245,46393,44,10,574,79,2047.94,163.84,2211.78,17.00,867.85,1012.94,307.89,294.05,3.59
2456849,40211,1912,79257,1509558,6331,29795,79257,1509558,6331,29795,4,15,575,48,1334.52,106.76,1441.28,90.58,681.36,238.76,475.64,190.49,1261.60
2457147,18926,5000,40972,377573,3055,29056,40972,377573,3055,29056,1,,576,80,835.09,66.81,901.90,96.91,610.41,800.28,45.15,165.20,342.07
2458165,47971,5497,15017,478398,7182,14146,15017,478398,7182,14146,7,32,577,61,528.31,42.26,570.57,25.24,30.48,374.40,281.88,164.85,197.27
2457543,78153,6464,74413,723393,3790,19248,74413,723393,3790,19248,30,4,578,50,1390.15,111.21,1501.36,5.45,545.94,1052.66,414.24,371.64,1261.03
2457281,25464,10372,38321,1726888,1343,16027,38321,1726888,1343,16027,28,11,579,17,2690.72,215.26,2905.98,28.17,170.38,2455.54,407.15,160.54,202.33
2456888,69753,15465,42573,1234529,2426,30963,42573,1234529,2426,30963,28,32,580,23,174.71,13.98,188.69,51.59,13.69,0.06,63.76,374.14,828.78
2457924,17704,16083,5468,1685128,2006,24015,5468,1685128,2006,24015,17,15,581,66,2030.93,162.47,2193.40,93.76,910.17,707.60,492.48,194.87,1140.22
2458342,18703,11741,53302,1892811,4046,26528,53302,1892811,4046,26528,51,26,582,10,1229.49,98.36,1327.85,58.40,573.36,22.82,7.27,78.21,1384.35
2458429,59918,113,82495,827920,5544,33567,82495,827920,5544,33567,35,27,583,7,2332.69,186.62,2519.31,35.78,261.93,526.72,295.96,64.11,1363.68
2458177,64014,8881,48865,1829639,5568,49245,48865,1829639,5568,49245,50,26,584,86,1091.77,87.34,1179.11,19.87,94.99,203.96,229.41,109.14,1028.75
2456742,49458,11159,29706,1884971,6705,48129,29706,1884971,6705,48129,11,14,585,29,458.13,36.65,494.78,57.36,99.04,402.02,282.16,462.34,1210.84
2457514,40726,12835,70380,1084242,4661,19740,70380,1084242,4661,19740,8,10,586,14,1829.48,146.36,1975.84,3.05,66.26,1065.81,167.14,98.20,39.68
2457329,45589,16384,33857,709477,1419,25109,33857,709477,1419,25109,24,25,587,19,1645.47,131.64,1777.11,58.75,224.78,786.98,253.26,420.55,1214.19
2457787,71342,6868,5476,1298999,487,49883,5476,1298999,487,49883,24,22,588,53,463.34,37.07,500.41,54.78,448.67,364.63,61.39,405.75,784.53
2457728,56637,2628,54049,729969,68,48720,54049,729969,68,48720,49,8,589,85,217.30,17.38,234.68,5.13,718.33,154.68,9.89,76.51,295.35
,84257,1876,40687,1734445,148,23652,40687,1734445,148,23652,34,16,590,99,1873.42,149.87,2023.29,69.04,967.45,847.21,191.65,122.05,870.16
2457315,13200,1693,48416,1146640,1001,40552,48416,1146640,1001,40552,21,,591,53,1135.20,90.82,1226.02,12.48,876.72,695.38,231.33,260.53,25.27
2457480,34203,3614,45156,1783865,1352,16482,45156,1783865,1352,16482,24,35,592,16,608.97,48.72,657.69,9.26,913.55,88.49,437.89,80.31,1259.61
2458152,74050,8813,39563,1162186,6651,42913,39563,1162186,6651,42913,3,26,593,4,1706.13,136.49,1842.62,24.43,500.21,520.85,296.61,311.03,917.93
2457756,49824,1550,95604,857259,829,34608,95604,857259,829,34608,32,15,594,44,2981.69,238.54,3220.23,60.20,586.63,1219.94,139.73,317.05,1438.69
2457319,13902,11465,58332,838800,7010,31922,58332,838800,7010,31922,7,18,595,74,1304.47,104.36,1408.83,11.78,663.14,1038.47,162.24,15.33,1179.62
2458397,80037,751,78866,1815337,775,12641,78866,1815337,775,12641,57,8,596,72,760.71,60.86,821.57,72.34,201.27,251.30,408.94,464.84,633.43
2457673,34685,7082,40931,1612770,1519,1149,40931,1612770,1519,1149,26,27,597,79,2330.42,186.43,2516.85,14.09,758.32,1336.62,283.49,335.32,1231.01
2458257,80578,14774,92392,310935,2386,29585,92392,310935,2386,29585,16,12,598,83,2781.02,222.48,3003.50,29.02,981.06,2024.46,154.65,1.48,283.22
2457313,72805,13857,85983,41173,6030,41607,85983,41173,6030,41607,1,18,599,82,650.60,52.05,702.65,95.53,474.40,330.39,422.13,220.00,1175.01
2457283,11977,11476,82332,1027797,6236,4728,82332,1027797,6236,4728,55,16,600,73,1885.30,150.82,2036.12,74.90,984.93,179.26,117.31,281.29,174.99
2458020,49722,2555,65783,1719827,1479,16868,65783,1719827,1479,16868,12,11,601,2,2008.81,160.70,2169.51,37.78,980.14,73.39,160.25,318.72,699.39
2457940,45323,12860,99272,799243,5415,27427,99272,799243,5415,27427,12,27,602,48,505.08,40.41,545.49,9.12,737.27,494.84,463.70,71.64,446.09
2458284,25309,3384,49903,1424794,1999,48843,49903,1424794,1999,48843,20,2,603,62,1382.80,110.62,1493.42,40.80,790.13,1164.09,400.54,12.39,306.43
2457015,30680,13582,98363,1275168,2269,10243,98363,1275168,2269,10243,30,,604,32,1491.57,119.33,1610.90,99.49,712.51,863.45,424.19,231.37,503.79
2458277,21972,3509,25135,1103195,2711,18891,25135,1103195,2711,18891,21,27,605,39,895.17,71.61,966.78,48.20,900.94,9.73,304.61,46.69,148.98
2457847,6145,10835,79286,1641208,1850,22877,79286,1641208,1850,22877,52,14,606,90,512.79,41.02,553.81,49.05,803.65,366.03,154.79,410.74,849.94
2457794,53895,1802,57278,1674594,4381,33827,57278,1674594,4381,33827,7,4,607,9,130.84,10.47,141.31,78.68,164.65,47.61,343.37,340.17,1453.86
2458367,49138,2470,1275,1106279,3628,48033,1275,1106279,3628,48033,55,34,608,92,1753.11,140.25,1893.36,45.42,173.99,1407.52,167.86,86.22,511.90
2458028,77695,2077,78115,125777,3382,28348,78115,125777,3382,28348,34,13,609,6,382.20,30.58,412.78,6.93,588.02,74.62,126.50,423.97,53.83
2456827,18688,3177,82077,1796434,7007,20536,82077,1796434,7007,20536,39,17,610,18,132.28,10.58,142.86,23.49,612.42,31.63,157.41,15.71,587.29
2458238,46896,13503,47889,1055532,829,24135,47889,1055532,829,24135,45,19,611,44,1914.73,153.18,2067.91,91.06,866.96,1441.77,284.16,318.12,888.57
2458118,31505,12687,40122,1633743,2242,12381,40122,1633743,2242,12381,58,30,612,88,1053.60,84.29,1137.89,10.86,149.87,939.79,124.10,198.33,1067.11
2456914,49977,6568,60801,1200921,6770,10995,60801,1200921,6770,10995,39,24,613,37,945.50,75.64,1021.14,64.07,634.95,323.30,318.11,202.03,512.07
2457490,74935,16352,95229,1229281,6675,6918,95229,1229281,6675,6918,34,24,614,53,1347.20,107.78,1454.98,4.87,928.87,1107.01,7.48,455.85,335.02
2457747,8118,13012,32689,741521,2484,29781,32689,741521,2484,29781,29,12,615,19,349.79,27.98,377.77,2.69,431.21,242.77,484.15,206.30,1202.44
2458182,74480,1834,1282,394679,1804,13526,1282,394679,1804,13526,60,31,616,42,2152.70,172.22,2324.92,52.32,112.28,860.96,303.44,212.45,1198.75
2457911,59631,11461,76732,12468,3994,36988,76732,12468,3994,36988,1,,617,21,359.84,28.79,388.63,59.63,472.80,151.91,319.96,129.94,743.43
2456779,45660,14917,44512,901956,3143,26663,44512,901956,3143,26663,8,21,618,96,306.91,24.55,331.46,0.68,812.91,177.31,177.43,144.06,1440.64
2458440,56904,6470,48003,1256428,1540,30546,48003,1256428,1540,30546,11,1,619,9,2762.37,220.99,2983.36,13.35,664.71,581.03,325.62,106.46,616.68
2457942,54819,4374,79543,1330627,6255,4171,79543,1330627,6255,4171,24,31,620,74,1828.44,146.28,1974.72,67.70,448.70,767.09,8.59,467.32,317.18
2458304,20156,15592,13165,1567597,6830,42627,13165,1567597,6830,42627,55,8,621,57,522.31,41.78,564.09,97.74,576.61,484.24,191.34,307.66,1268.45
2457714,9413,8359,3972,226788,6837,20906,3972,226788,6837,20906,27,34,622,20,247.81,19.82,267.63,98.72,992.31,225.97,227.36,253.57,642.54
2457516,12275,12916,38808,1896049,6588,20026,38808,1896049,6588,20026,29,13,623,64,2285.65,182.85,2468.50,8.45,157.09,1729.18,136.54,362.18,843.31
2457140,24464,1453,42776,807290,2527,35971,42776,807290,2527,35971,33,2,624,3,2875.05,230.00,3105.05,72.85,204.85,2728.19,218.59,55.82,452.13
2457529,44674,1555,57905,449046,5616,24461,57905,449046,5616,24461,49,,625,37,1704.65,136.37,1841.02,33.34,933.99,1419.55,431.91,108.85,1027.36
,81560,122,64006,1765840,3812,17984,64006,1765840,3812,17984,28,30,626,86,1083.93,86.71,1170.64,19.12,593.04,351.16,158.94,67.08,260.87
2457484,41508,2733,71340,834131,505,7714,71340,834131,505,7714,57,9,627,19,2325.93,186.07,2512.00,26.20,105.69,2059.44,435.59,457.82,556.99
2457900,51280,5321,71153,1845980,2531,16450,71153,1845980,2531,16450,14,30,628,68,2822.59,225.81,3048.40,49.84,319.85,626.96,399.37,340.79,51.80
2456889,62906,14571,97995,910389,1188,3966,97995,910389,1188,3966,12,35,629,21,217.29,17.38,234.67,6.88,123.62,206.16,381.88,434.75,911.38
2456794,828,10713,16696,782938,3199,46397,16696,782938,3199,46397,29,7,630,99,1425.41,114.03,1539.44,83.93,77.30,284.32,40.09,186.39,487.58
2457952,34881,1027,39560,1574468,5413,38835,39560,1574468,5413,38835,22,24,631,86,2082.34,166.59,2248.93,83.14,138.77,893.10,64.46,174.98,1188.10
2457342,23075,14037,31130,1460546,3380,33730,31130,1460546,3380,33730,40,4,632,79,2930.05,234.40,3164.45,62.76,202.06,2673.29,449.60,25.87,800.76
2458034,9067,11224,15468,1184667,177,46044,15468,1184667,177,46044,54,14,633,63,2326.47,186.12,2512.59,66.72,97.03,922.79,124.74,338.97,330.40
2457267,11712,9203,17453,1805824,3081,9642,17453,1805824,3081,9642,28,23,634,46,104.59,8.37,112.96,51.83,477.05,84.18,468.18,28.39,1059.64
2457428,73403,12055,88275,1134825,1973,30337,88275,1134825,1973,30337,46,2,635,31,2281.66,182.53,2464.19,97.39,299.25,869.95,387.51,164.54,512.01
2457209,15505,10766,85214,1294466,3599,39259,85214,1294466,3599,39259,45,24,636,53,2566.31,205.30,2771.61,51.26,191.74,1574.58,250.95,366.23,282.77
2458222,50647,11662,81158,948449,5642,20995,81158,948449,5642,20995,20,23,637,38,2764.92,221.19,2986.11,26.33,433.37,26.58,462.95,475.06,174.15
2457898,6296,6468,86751,673771,1908,13927,86751,673771,1908,13927,3,33,638,86,2989.54,239.16,3228.70,41.70,783.55,2929.08,485.46,160.61,1381.39
2457906,71691,17831,30317,1440750,2575,24246,30317,1440750,2575,24246,40,8,639,56,454.65,36.37,491.02,46.06,567.55,154.19,242.50,326.87,1478.24
2457979,8830,16482,73956,1680419,6719,3030,73956,1680419,6719,3030,20,27,640,14,374.24,29.94,404.18,5.13,600.81,249.90,283.80,190.68,1118.48
2457683,49240,10538,3158,1894892,2559,44181,3158,1894892,2559,44181,30,18,641,49,784.99,62.80,847.79,84.42,56.62,520.09,42.80,229.55,1358.27
2457715,8734,11729,28106,496333,7022,17657,28106,496333,7022,17657,3,,642,12,1070.20,85.62,1155.82,7.47,201.01,830.05,188.30,281.99,238.22
2458442,47826,4605,17934,757436,1996,26137,17934,757436,1996,26137,32,17,643,40,50.09,4.01,54.10,31.29,395.06,3.84,10.29,266.96,1389.54
2458326,78260,9283,19918,1538245,3943,22311,19918,1538245,3943,22311,15,20,644,94,2454.33,196.35,2650.68,13.47,356.72,1511.90,255.17,327.14,1059.90
2457803,23811,14543,829,323238,430,4778,829,323238,430,4778,20,27,645,86,2625.76,210.06,2835.82,90.74,215.66,2339.21,188.08,295.93,1496.22
2457644,11043,1195,14161,1061079,1959,3324,14161,1061079,1959,3324,1,24,646,12,2762.96,221.04,2984.00,45.71,203.05,1792.59,377.47,498.51,535.09
2457077,64003,5212,46742,631425,3061,12675,46742,631425,3061,12675,6,18,647,13,773.81,61.90,835.71,86.93,913.52,486.79,463.30,338.07,1414.13
2457274,1041,14498,79152,1774208,2543,42764,79152,1774208,2543,42764,44,17,648,100,1574.00,125.92,1699.92,86.24,887.30,618.40,373.25,42.81,95.00
,52118,8330,4344,1607976,6241,12588,4344,1607976,6241,12588,29,24,649,42,2607.73,208.62,2816.35,47.15,398.69,593.64,496.44,5.93,545.05
2458123,36814,11051,57311,442402,5632,7418,57311,442402,5632,7418,8,11,650,44,2378.31,190.26,2568.57,40.01,264.63,113.58,38.63,3.24,732.34
2457714,26408,4904,57882,371148,5988,34181,57882,371148,5988,34181,26,14,651,36,2975.92,238.07,3213.99,13.14,390.26,580.37,433.49,193.48,879.78
2457094,53366,1695,59374,850976,3100,4146,59374,850976,3100,4146,53,6,652,42,604.87,48.39,653.26,88.89,743.21,463.43,486.89,224.56,149.95
2457010,21030,3263,81056,1202323,151,46827,81056,1202323,151,46827,46,22,653,9,217.32,17.39,234.71,86.94,945.12,168.17,491.91,370.62,1205.08
2457980,45258,7330,16320,1072924,2783,20789,16320,1072924,2783,20789,54,14,654,32,341.61,27.33,368.94,28.13,262.32,163.62,340.50,75.07,543.91
,8563,9143,53631,1337159,3659,18122,53631,1337159,3659,18122,25,8,655,52,2783.11,222.65,3005.76,57.95,357.86,64.68,197.33,162.14,233.88
2457159,44702,14226,27132,860095,4804,40670,27132,860095,4804,40670,57,33,656,97,2958.87,236.71,3195.58,74.60,915.86,2426.97,313.06,396.44,852.06
2457773,46545,720,34356,1875665,3274,42575,34356,1875665,3274,42575,12,24,657,1,1818.13,145.45,1963.58,98.32,295.84,321.29,87.95,440.93,282.61
2457657,7711,10530,88900,336705,3451,49489,88900,336705,3451,49489,51,25,658,50,2087.93,167.03,2254.96,19.90,844.19,510.13,492.55,467.76,353.47
2457294,71293,17372,114,921258,2071,8666,114,921258,2071,8666,46,4,659,74,454.49,36.36,490.85,22.20,756.24,382.72,260.64,55.70,707.32
2457151,71770,362,11275,586996,6336,47946,11275,586996,6336,47946,8,31,660,21,656.03,52.48,708.51,15.56,872.12,453.83,177.76,176.33,1408.60
2458243,14095,16267,84118,1208971,6482,28825,84118,1208971,6482,28825,10,15,661,44,1278.10,102.25,1380.35,42.46,870.26,713.83,161.58,36.89,52.02
2456865,51083,16214,27900,963615,653,21180,27900,963615,653,21180,25,15,662,30,198.76,15.90,214.66,84.46,898.58,123.68,340.85,278.87,534.27
2458259,18258,14696,85488,1876524,1978,11033,85488,1876524,1978,11033,60,6,663,6,796.03,63.68,859.71,15.92,238.65,318.59,191.76,275.87,943.29
2457614,56596,9347,13316,1034681,2135,13101,13316,1034681,2135,13101,47,31,664,54,2824.86,225.99,3050.85,83.62,974.41,985.37,203.04,357.32,985.10
2456779,14395,4762,25264,537128,4282,15956,25264,537128,4282,15956,58,31,665,32,820.71,65.66,886.37,62.21,91.69,276.84,435.39,405.56,1273.58
2456836,11270,3340,83618,1335570,1695,46874,83618,1335570,1695,46874,43,9,666,61,651.54,52.12,703.66,30.49,286.26,196.68,66.63,241.05,1120.45
2457565,69854,1471,83427,228019,6337,19603,83427,228019,6337,19603,2,16,667,77,835.40,66.83,902.23,74.78,347.04,499.39,334.66,250.56,762.09
2456891,83821,2901,42966,952657,538,48535,42966,952657,538,48535,53,20,668,62,710.06,56.80,766.86,44.48,160.84,528.69,98.33,349.82,63.22
2457027,84955,9317,78982,914990,3156,17776,78982,914990,3156,17776,37,30,669,89,1886.20,150.90,2037.10,35.63,961.41,1854.09,267.85,450.08,17.77
2457056,85165,7226,85386,1117183,2253,27438,85386,1117183,2253,27438,39,21,670,56,42.96,3.44,46.40,34.95,469.48,34.96,426.71,446.15,1273.58
2457783,13404,17625,6550,275623,2597,31784,6550,275623,2597,31784,7,14,671,78,1877.21,150.18,2027.39,41.82,417.40,634.88,213.22,463.05,348.03
2456941,54713,2114,85898,42819,2443,25299,85898,42819,2443,25299,13,,672,59,440.33,35.23,475.56,96.18,721.56,297.99,395.14,409.07,1106.70
2457241,59509,5311,77073,1522047,948,26574,77073,1522047,948,26574,21,16,673,98,1171.74,93.74,1265.48,50.89,631.32,177.81,43.38,0.16,762.29
,71006,13106,3932,268972,5647,21108,3932,268972,5647,21108,15,27,674,13,2370.56,189.64,2560.20,42.73,886.46,710.79,87.03,400.31,974.97
2458028,48088,12516,61419,719170,1950,48638,61419,719170,1950,48638,52,12,675,3,1601.49,128.12,1729.61,74.71,804.19,728.44,57.96,98.86,542.75
2458195,59144,1991,11927,505009,2749,37606,11927,505009,2749,37606,18,31,676,67,1371.03,109.68,1480.71,47.62,862.64,550.33,194.06,147.69,710.00
2456849,48149,17884,50028,470225,1193,49550,50028,470225,1193,49550,33,6,677,75,2420.36,193.63,2613.99,82.67,929.18,2300.58,60.69,77.76,261.18
2457344,14179,14632,70490,1340495,6648,25667,70490,1340495,6648,25667,51,20,678,41,525.86,42.07,567.93,64.66,875.58,51.52,439.43,459.12,686.98
2457537,21638,119,95573,1639342,4055,39330,95573,1639342,4055,39330,2,15,679,58,673.04,53.84,726.88,68.42,280.66,158.20,117.15,86.16,503.92
2458015,47052,5582,4474,1446287,3896,10844,4474,1446287,3896,10844,17,4,680,93,219.51,17.56,237.07,38.71,378.68,50.42,120.75,46.58,505.50
2457116,4270,10452,22649,973776,5827,2215,22649,973776,5827,2215,52,30,681,19,1062.66,85.01,1147.67,9.71,852.72,458.94,474.29,174.22,1165.50
2457961,50342,4224,26483,1667752,6439,18985,26483,1667752,6439,18985,6,4,682,35,18.80,1.50,20.30,55.26,906.22,15.24,278.84,116.12,1077.89
2456755,4351,9260,53387,1714608,1162,32295,53387,1714608,1162,32295,4,24,683,47,475.46,38.04,513.50,57.73,387.75,323.45,243.71,147.01,42.78
2457180,71070,4204,90753,374782,1986,27222,90753,374782,1986,27222,48,30,684,31,1939.62,155.17,2094.79,76.81,70.00,649.27,162.71,105.79,429.02
2457271,13065,13945,23784,1066477,3830,38317,23784,1066477,3830,38317,33,16,685,8,1185.11,94.81,1279.92,55.54,500.79,731.48,356.99,284.58,272.54
2458384,65476,12578,56534,760340,6030,44492,56534,760340,6030,44492,39,27,686,22,1930.91,154.47,2085.38,31.88,937.07,452.44,405.91,296.34,1266.62
2457689,59274,8507,59813,541646,5776,3475,59813,541646,5776,3475,8,18,687,88,2059.74,164.78,2224.52,58.30,913.68,1419.76,283.03,236.64,1069.94
2456860,79301,8799,31296,988603,1240,12021,31296,988603,1240,12021,42,7,688,46,1884.01,150.72,2034.73,57.01,299.40,1404.98,433.39,491.11,276.45
2456937,15288,13676,93254,1747074,2456,42779,93254,1747074,2456,42779,42,14,689,71,2810.95,224.88,3035.83,95.74,87.36,153.66,497.84,123.63,484.04
,32734,14841,50463,1853477,2140,5944,50463,1853477,2140,5944,13,1,690,52,497.29,39.78,537.07,24.61,494.65,359.82,49.68,244.54,175.84
2458290,39885,9670,29010,1306230,3346,23295,29010,1306230,3346,23295,48,25,691,78,2387.03,190.96,2577.99,34.23,991.08,1763.21,39.47,345.50,679.57
2457901,4729,5870,27086,519111,5893,39568,27086,519111,5893,39568,57,26,692,52,2595.14,207.61,2802.75,23.93,831.12,2198.26,109.31,111.92,315.44
2458436,61413,2904,8884,234102,7122,24719,8884,234102,7122,24719,56,20,693,59,1920.15,153.61,2073.76,56.95,491.09,8.36,85.26,66.85,481.34
2457312,53605,14927,42578,1045403,2420,42336,42578,1045403,2420,42336,4,33,694,97,1165.67,93.25,1258.92,6.90,642.32,243.89,108.65,75.59,1106.59
2458187,18884,17716,36267,1275810,6780,13567,36267,1275810,6780,13567,5,12,695,48,910.95,72.88,983.83,10.25,205.44,322.59,284.26,85.14,1091.64
2457706,58800,320,18726,786424,5351,30559,18726,786424,5351,30559,57,31,696,68,2890.85,231.27,3122.12,54.46,932.90,526.55,136.82,99.24,1487.89
2458334,47110,12689,67116,1623771,1876,32499,67116,1623771,1876,32499,60,25,697,79,1525.58,122.05,1647.63,88.02,490.56,91.62,74.43,240.11,978.19
2458044,45963,13380,24222,1261277,4268,31147,24222,1261277,4268,31147,49,32,698,73,470.72,37.66,508.38,95.52,639.65,45.91,469.52,122.22,835.09
2457659,60601,15488,53131,1748798,2838,37840,53131,1748798,2838,37840,32,33,699,32,1781.17,142.49,1923.66,99.78,459.48,1686.68,467.05,17.22,452.32
2457009,25421,6363,96118,1355158,5284,29238,96118,1355158,5284,29238,6,27,700,75,2588.75,207.10,2795.85,15.49,10.66,2363.59,64.42,473.08,930.94
2457147,21228,5955,30860,1047303,3611,27599,30860,1047303,3611,27599,45,24,701,10,2860.35,228.83,3089.18,11.07,350.46,342.61,288.67,286.47,365.41
2456874,20103,7544,38116,542351,2381,32960,38116,542351,2381,32960,5,13,702,84,982.03,78.56,1060.59,34.57,22.58,32.27,87.86,98.51,169.52
2458341,11852,3088,93061,688374,2269,35728,93061,688374,2269,35728,6,19,703,24,1487.26,118.98,1606.24,56.81,700.79,791.84,203.72,16.90,1343.36
2457211,48452,8915,82519,262975,4827,41040,82519,262975,4827,41040,19,24,704,1,1771.47,141.72,1913.19,8.76,720.36,640.97,283.84,202.86,567.46
2456872,15066,15876,15220,1768547,1815,21286,15220,1768547,1815,21286,29,17,705,25,2234.44,178.76,2413.20,57.80,160.58,1927.97,200.92,24.98,25.94
2457015,33937,9014,98104,941601,5408,23045,98104,941601,5408,23045,2,,706,37,1264.15,101.13,1365.28,73.86,387.96,611.09,259.58,106.73,1207.13
2457235,37588,1999,80679,777378,3953,13518,80679,777378,3953,13518,20,18,707,20,2013.75,161.10,2174.85,97.59,439.46,542.78,5.67,153.84,1289.59
2457856,17134,3563,47168,1409777,4772,40223,47168,1409777,4772,40223,45,14,708,57,1311.43,104.91,1416.34,80.09,648.72,607.05,157.30,224.90,885.76
2457576,64111,12789,68436,1611003,2428,45373,68436,1611003,2428,45373,4,33,709,63,2517.04,201.36,2718.40,50.95,75.18,493.66,247.21,48.01,956.74
2456932,86387,12894,17174,1803383,6917,1372,17174,1803383,6917,1372,60,30,710,50,1157.52,92.60,1250.12,47.73,190.40,639.50,75.81,180.39,121.24
2456841,625,7525,81220,975835,3509,3302,81220,975835,3509,3302,50,30,711,9,2120.53,169.64,2290.17,29.22,550.41,20.08,496.52,61.43,1483.84
2458455,6931,13269,5597,1043298,4272,8743,5597,1043298,4272,8743,33,28,712,64,329.05,26.32,355.37,80.30,164.98,183.86,491.79,93.60,30.83
2456858,8809,12203,41106,588037,1063,14920,41106,588037,1063,14920,18,27,713,7,1935.20,154.82,2090.02,29.97,125.79,792.17,138.00,259.78,305.23
,44204,5882,25032,1460136,691,7078,25032,1460136,691,7078,33,10,714,32,843.64,67.49,911.13,85.37,163.18,94.30,115.27,78.74,1126.42
2457460,40445,13730,96964,433433,759,21013,96964,433433,759,21013,36,35,715,42,1495.86,119.67,1615.53,4.79,570.34,1358.56,452.20,229.92,1368.57
2456927,42740,5536,10859,1595658,961,38631,10859,1595658,961,38631,41,11,716,73,598.29,47.86,646.15,41.02,796.13,297.57,275.03,31.93,892.19
2456784,59557,13433,86636,1161262,442,38688,86636,1161262,442,38688,48,16,717,7,2627.41,210.19,2837.60,50.53,176.91,2053.88,31.38,283.22,60.33
2457444,40555,10346,99322,902235,641,37861,99322,902235,641,37861,31,16,718,8,2042.40,163.39,2205.79,24.03,995.28,749.74,213.87,196.25,307.16
2456753,74283,12742,55252,1772408,2448,47010,55252,1772408,2448,47010,57,14,719,76,1889.19,151.14,2040.33,74.44,499.80,1077.46,284.32,162.94,498.92
2456775,47460,16252,50708,1324786,668,11264,50708,1324786,668,11264,40,7,720,61,702.86,56.23,759.09,42.42,484.86,449.75,468.39,175.32,833.83
2458101,58342,16536,41542,140863,104,31981,41542,140863,104,31981,48,31,721,89,2406.17,192.49,2598.66,22.29,248.94,402.14,327.63,38.43,715.23
2457042,5475,15423,82534,668522,604,30586,82534,668522,604,30586,53,15,722,53,2836.85,226.95,3063.80,30.85,992.85,2078.40,67.28,314.20,1308.37
2458302,81910,12495,12374,24590,3899,42130,12374,24590,3899,42130,58,31,723,18,1666.41,133.31,1799.72,18.85,201.38,1346.37,323.96,351.93,1231.05
2457611,15136,11994,75664,733521,4943,40081,75664,733521,4943,40081,12,18,724,100,152.26,12.18,164.44,92.82,45.74,36.06,32.12,409.93,293.96
2458315,54512,6434,84937,1118598,656,4001,84937,1118598,656,4001,15,4,725,34,1964.16,157.13,2121.29,33.55,854.83,1937.97,459.16,18.93,997.44
2457805,75897,11941,2218,1458813,2171,16103,2218,1458813,2171,16103,9,5,726,75,1652.51,132.20,1784.71,11.27,215.01,304.98,108.94,322.95,949.35
2456889,33296,10142,59941,623980,6166,11537,59941,623980,6166,11537,48,5,727,30,1481.44,118.52,1599.96,84.24,968.35,511.17,383.11,387.85,669.99
2457293,73101,9795,70811,1821812,226,8861,70811,1821812,226,8861,45,1,728,29,672.23,53.78,726.01,33.45,684.68,221.80,34.05,242.67,723.69
2457027,39927,10760,75746,158001,5761,24022,75746,158001,5761,24022,55,13,729,22,140.93,11.27,152.20,74.78,904.69,25.87,145.47,373.34,263.59
2457318,32197,3938,29478,1130074,4325,4261,29478,1130074,4325,4261,1,25,730,53,2319.63,185.57,2505.20,66.13,112.36,2200.13,254.76,192.48,699.55
2457755,40081,1903,65076,1541672,6797,33902,65076,1541672,6797,33902,29,14,731,40,159.80,12.78,172.58,25.79,820.92,156.61,178.82,77.35,65.68
2458338,46796,15206,30043,827630,5383,8827,30043,827630,5383,8827,11,20,732,35,341.20,27.30,368.50,66.78,531.63,332.41,254.92,387.55,1199.48
2456840,5341,12330,47394,1850305,5966,43894,47394,1850305,5966,43894,21,32,733,7,2068.11,165.45,2233.56,34.59,230.98,1859.70,82.44,301.75,966.41
2456806,74191,5663,59875,1359305,5706,22667,59875,1359305,5706,22667,12,3,734,45,2344.85,187.59,2532.44,50.86,988.74,868.86,168.61,291.66,654.68
2457078,36639,14609,58267,525641,499,14104,58267,525641,499,14104,33,1,735,16,1450.02,116.00,1566.02,50.28,393.70,1170.22,480.64,78.02,206.03
2457473,67828,16829,60945,1876135,4445,38071,60945,1876135,4445,38071,17,10,736,13,2793.14,223.45,3016.59,89.48,633.98,549.20,284.39,401.21,1020.07
2457087,54462,8848,59114,488243,3063,42219,59114,488243,3063,42219,10,17,737,52,2612.31,208.98,2821.29,78.98,554.83,348.13,274.29,399.29,231.18
2457774,12465,15165,89193,465321,2780,14654,89193,465321,2780,14654,57,7,738,51,1008.68,80.69,1089.37,3.08,986.66,710.10,387.95,461.33,913.47
2456937,56091,8598,70454,940737,240,45924,70454,940737,240,45924,60,31,739,2,1622.08,129.77,1751.85,86.84,534.09,979.72,91.48,160.82,19.85
2456746,42369,1507,33983,1486456,3721,48084,33983,1486456,3721,48084,57,3,740,69,1687.06,134.96,1822.02,44.17,839.84,357.22,354.97,9.33,133.64
2458119,61543,2985,60805,715116,1462,43734,60805,715116,1462,43734,50,35,741,7,1546.92,123.75,1670.67,45.75,78.31,1298.25,136.91,0.82,1478.79
2456799,12571,3456,31217,1535222,6332,17484,31217,1535222,6332,17484,55,34,742,41,2117.83,169.43,2287.26,74.41,810.14,1130.76,357.89,181.49,675.20
2458103,24401,15554,78628,988542,4505,28542,78628,988542,4505,28542,8,12,743,90,1817.52,145.40,1962.92,38.35,258.24,1599.15,89.71,434.44,244.93
2457799,38299,368,68582,1901949,2532,44016,68582,1901949,2532,44016,40,25,744,30,490.04,39.20,529.24,56.41,974.59,232.28,249.42,250.11,1207.96
2458354,70847,8053,34641,98334,6386,46661,34641,98334,6386,46661,47,24,745,99,2175.56,174.04,2349.60,61.16,566.27,1696.41,447.10,429.99,383.05
2457861,18445,5114,21366,760124,58,23198,21366,760124,58,23198,31,5,746,85,320.83,25.67,346.50,80.13,611.50,150.45,349.51,218.73,1416.28
2457521,11274,15765,97341,1001694,4140,19141,97341,1001694,4140,19141,17,20,747,89,2728.04,218.24,2946.28,23.36,560.02,2203.90,109.52,274.87,709.47
2457744,64415,1870,41794,654026,183,28629,41794,654026,183,28629,20,8,748,27,471.74,37.74,509.48,2.09,961.61,262.86,57.45,148.53,201.27
2456996,86134,4001,44191,1632239,4535,39223,44191,1632239,4535,39223,6,7,749,65,15.36,1.23,16.59,60.42,677.93,7.00,247.30,197.75,1203.62
2457815,66993,17662,44986,512841,771,47040,44986,512841,771,47040,26,34,750,48,1930.50,154.44,2084.94,75.10,667.49,1603.05,220.60,253.89,381.47
2457200,52974,1258,72355,1680829,1954,5167,72355,1680829,1954,5167,26,6,751,15,1806.55,144.52,1951.07,65.29,296.46,970.18,421.18,360.78,615.93
2457565,25131,13293,62190,260237,3937,39998,62190,260237,3937,39998,35,2,752,67,341.64,27.33,368.97,87.04,808.22,118.47,61.33,29.20,556.32
2458430,59459,10208,604,721069,6897,46025,604,721069,6897,46025,54,33,753,62,147.51,11.80,159.31,80.66,535.35,138.58,448.59,424.32,1205.38
2457190,71158,3850,34192,407627,6212,3475,34192,407627,6212,3475,49,7,754,61,1667.45,133.40,1800.85,20.59,790.79,1368.55,244.68,405.55,907.06
2457871,12064,221,10271,1622801,5438,15942,10271,1622801,5438,15942,16,29,755,97,433.13,34.65,467.78,17.79,103.70,53.51,85.76,7.49,937.29
2457838,39174,1597,87242,1608385,6385,17879,87242,1608385,6385,17879,59,,756,33,4.32,0.35,4.67,49.87,22.64,4.04,206.38,88.09,173.59
2457898,52004,10204,31951,358974,4004,49276,31951,358974,4004,49276,60,8,757,20,457.15,36.57,493.72,72.51,442.91,349.83,478.47,306.00,370.04
2457098,64681,12618,39527,1481839,5854,10847,39527,1481839,5854,10847,54,7,758,61,1134.53,90.76,1225.29,36.27,678.67,198.47,224.72,195.06,1279.21
2456778,39473,3079,88434,924600,6080,4228,88434,924600,6080,4228,58,5,759,12,1658.53,132.68,1791.21,32.55,381.69,151.62,480.07,126.97,1253.89
2457404,43237,5615,9391,684981,5311,29901,9391,684981,5311,29901,21,16,760,56,165.99,13.28,179.27,33.07,345.51,26.80,343.63,298.41,1380.75
2458178,26390,12522,21837,1889105,1785,36896,21837,1889105,1785,36896,49,22,761,38,36.23,2.90,39.13,34.83,871.85,36.05,97.82,348.38,95.80
2457769,19282,5968,60116,999889,2055,29304,60116,999889,2055,29304,30,24,762,28,2961.11,236.89,3198.00,89.81,179.58,738.87,99.58,58.43,575.31
2456795,14485,8698,7911,418226,3499,21303,7911,418226,3499,21303,28,24,763,21,2553.57,204.29,2757.86,56.53,835.81,1545.42,470.00,145.11,309.74
2457599,25927,995,43241,1346178,2305,14679,43241,1346178,2305,14679,47,35,764,45,55.50,4.44,59.94,58.57,510.14,4.79,59.61,486.14,188.23
2456836,27097,10354,38704,1537982,1806,676,38704,1537982,1806,676,27,19,765,58,600.74,48.06,648.80,99.22,388.75,162.38,346.04,363.47,697.66
2457504,22283,4479,92667,1899822,3204,31394,92667,1899822,3204,31394,50,27,766,99,2466.32,197.31,2663.63,8.83,760.26,33.14,140.47,380.52,1461.14
2458449,75986,3017,70635,1149070,2103,40060,70635,1149070,2103,40060,41,14,767,75,1248.91,99.91,1348.82,50.44,261.86,316.98,207.83,493.85,708.74
2457389,35419,5691,71704,1616462,5928,31930,71704,1616462,5928,31930,12,25,768,14,563.19,45.06,608.25,56.95,354.55,177.52,103.64,174.65,728.52
2457565,65243,337,77575,1882460,6171,38204,77575,1882460,6171,38204,5,15,769,79,2538.68,203.09,2741.77,24.25,61.71,1405.87,121.14,353.63,1393.41
2457962,23598,7117,63856,169094,2308,45657,63856,169094,2308,45657,57,28,770,44,1581.06,126.48,1707.54,44.10,417.80,1436.98,313.02,182.39,1481.51
2457213,25029,10782,87281,585393,2194,25871,87281,585393,2194,25871,48,12,771,16,370.89,29.67,400.56,41.44,932.56,303.43,350.48,462.42,343.50
2458199,41954,10871,34399,49168,2728,43862,34399,49168,2728,43862,10,12,772,55,2236.41,178.91,2415.32,68.90,880.59,1919.43,375.70,114.07,557.65
2458219,19920,16610,75041,1100568,144,36828,75041,1100568,144,36828,26,22,773,54,1974.62,157.97,2132.59,27.66,474.88,1138.56,166.19,384.37,718.67
2457823,58366,11364,98620,506435,7087,48126,98620,506435,7087,48126,24,10,774,28,420.83,33.67,454.50,65.52,508.85,291.74,255.12,142.63,1455.22
2458031,86334,10479,76419,1920325,5842,1626,76419,1920325,5842,1626,44,21,775,93,2350.11,188.01,2538.12,11.50,931.03,593.45,440.81,22.45,1214.88
2458409,10922,626,91236,1360993,4146,22249,91236,1360993,4146,22249,58,16,776,83,1857.93,148.63,2006.56,96.20,748.42,934.70,323.29,101.99,548.56
2458219,24928,11805,11586,139339,1659,37024,11586,139339,1659,37024,21,34,777,91,2269.14,181.53,2450.67,82.75,112.05,1887.36,33.75,381.95,143.74
2457172,10843,13151,60126,671916,577,464,60126,671916,577,464,16,25,778,40,2597.38,207.79,2805.17,55.44,18.37,914.67,499.20,29.71,503.51
2457197,20968,8717,36831,1873666,7016,27588,36831,1873666,7016,27588,56,13,779,48,2779.06,222.32,3001.38,80.83,134.37,1557.12,345.97,326.67,1374.90
2458408,13037,1465,97353,1863939,798,20338,97353,1863939,798,20338,56,30,780,13,363.66,29.09,392.75,73.33,588.54,235.32,438.47,273.33,755.51
2458361,40491,13075,54730,1352961,6339,39060,54730,1352961,6339,39060,17,34,781,78,2203.75,176.30,2380.05,45.23,452.83,520.51,434.80,32.05,183.34
2458072,51206,10574,75207,298091,5323,27223,75207,298091,5323,27223,24,23,782,82,831.50,66.52,898.02,65.31,723.70,652.62,222.64,485.24,889.71
2458156,72105,14349,35770,1234367,6872,3276,35770,1234367,6872,3276,2,2,783,52,2785.12,222.81,3007.93,1.25,99.33,360.51,288.57,75.77,688.43
2458275,30076,6817,28249,1085023,5879,1878,28249,1085023,5879,1878,28,6,784,94,36.11,2.89,39.00,53.48,887.20,22.20,264.90,277.14,1414.92
2456960,61119,8506,57669,1503109,5519,24732,57669,1503109,5519,24732,21,27,785,81,2439.79,195.18,2634.97,26.32,511.14,1600.58,393.09,203.54,925.95
2458288,7557,6966,90221,303183,5721,19727,90221,303183,5721,19727,40,35,786,37,2286.20,182.90,2469.10,21.64,91.60,2106.51,151.83,499.48,901.30
2458020,73059,2446,62309,1100348,4860,41790,62309,1100348,4860,41790,16,21,787,62,761.90,60.95,822.85,84.13,810.46,425.69,104.53,152.33,273.64
2456879,77095,3889,33186,132848,395,28284,33186,132848,395,28284,8,30,788,65,707.57,56.61,764.18,60.84,524.11,612.42,332.11,81.58,1225.84
2457143,17727,6759,55824,1612107,3664,30440,55824,1612107,3664,30440,21,34,789,48,2695.23,215.62,2910.85,47.31,878.52,669.84,414.53,133.47,17.60
2456817,32192,10089,2416,1407633,5141,37460,2416,1407633,5141,37460,10,22,790,51,2666.81,213.34,2880.15,81.82,709.99,2313.00,323.52,426.88,136.52
2457267,32585,16897,94910,22239,38,12607,94910,22239,38,12607,36,15,791,71,702.27,56.18,758.45,50.97,620.95,676.05,100.07,270.05,3.67
2456846,50235,15281,5470,1213024,493,40785,5470,1213024,493,40785,50,19,792,14,997.03,79.76,1076.79,39.87,187.32,865.81,77.64,39.16,13.22
2458389,42198,4482,28920,1108240,3770,27860,28920,1108240,3770,27860,26,20,793,13,2566.36,205.31,2771.67,87.76,870.30,1265.74,205.60,52.90,358.37
,39732,13165,7909,1121012,1083,45357,7909,1121012,1083,45357,28,1,794,13,2135.79,170.86,2306.65,21.59,595.35,848.66,445.12,145.78,536.05
,68957,6117,74075,1340991,2689,40282,74075,1340991,2689,40282,26,16,795,97,1827.66,146.21,1973.87,96.24,776.35,1267.42,137.41,289.83,703.15
2458189,84140,7125,95833,475094,6307,4497,95833,475094,6307,4497,38,30,796,43,1275.91,102.07,1377.98,18.19,54.66,1073.36,462.32,255.58,27.13
2457177,42144,11106,95072,1125839,5198,8265,95072,1125839,5198,8265,3,13,797,29,696.52,55.72,752.24,53.49,699.26,673.40,142.50,192.29,553.88
2457916,45442,17153,685,1150236,1620,39387,685,1150236,1620,39387,53,16,798,28,1391.66,111.33,1502.99,44.44,336.18,476.09,30.14,0.87,559.25
2457149,79484,9493,91291,546750,4467,46486,91291,546750,4467,46486,44,29,799,82,1398.96,111.92,1510.88,87.68,661.45,445.79,17.55,428.69,15.80
2457963,85092,3754,55548,1031458,1881,25066,55548,1031458,1881,25066,57,33,800,67,1663.13,133.05,1796.18,80.09,279.56,149.49,156.44,476.46,714.65
2456883,69533,6532,79181,703505,1055,27552,79181,703505,1055,27552,41,9,801,30,517.31,41.38,558.69,59.30,829.84,279.89,156.36,429.66,384.01
2457777,37623,12877,58410,1548679,2604,36621,58410,1548679,2604,36621,44,,802,59,542.47,43.40,585.87,91.02,219.63,86.62,295.44,189.08,742.63
2457267,72608,12310,97045,234412,3641,11056,97045,234412,3641,11056,11,3,803,95,752.20,60.18,812.38,30.61,410.94,64.63,464.71,162.39,5.63
2458433,43870,4429,11962,952661,2562,44850,11962,952661,2562,44850,24,34,804,66,817.52,65.40,882.92,14.98,507.02,732.24,145.02,368.01,1492.45
2458346,66727,3815,68301,65367,4709,34618,68301,65367,4709,34618,41,21,805,32,560.09,44.81,604.90,51.24,408.89,491.14,289.36,186.61,1026.05
2457390,57095,9026,26115,1342298,1824,19519,26115,1342298,1824,19519,50,6,806,1,2902.22,232.18,3134.40,86.75,438.59,783.44,40.91,337.76,804.64
2457965,76137,17731,90674,1161659,206,27314,90674,1161659,206,27314,14,25,807,50,2855.19,228.42,3083.61,90.68,719.90,1251.71,441.81,488.14,541.30
2458197,42855,3519,44639,1340607,1548,34711,44639,1340607,1548,34711,58,14,808,100,1516.35,121.31,1637.66,86.81,712.40,1476.38,98.65,197.76,1003.66
,51883,12639,43397,1558371,6331,7641,43397,1558371,6331,7641,21,4,809,97,2202.52,176.20,2378.72,23.44,695.84,1894.42,307.88,109.59,1173.43
2456974,39435,10773,67146,312040,2359,33628,67146,312040,2359,33628,23,7,810,5,2897.95,231.84,3129.79,48.94,688.40,586.76,318.54,300.28,325.49
2457201,68279,3755,25893,156105,5909,30583,25893,156105,5909,30583,42,22,811,61,1879.65,150.37,2030.02,86.48,453.95,958.24,39.47,176.67,262.64
2458474,45735,2540,29749,455093,7145,30287,29749,455093,7145,30287,7,18,812,57,483.45,38.68,522.13,28.01,31.40,172.51,130.96,494.03,487.60
2457695,65589,561,27825,1792398,4223,11608,27825,1792398,4223,11608,24,30,813,75,2339.49,187.16,2526.65,97.35,273.43,1821.35,112.42,234.12,1159.02
2457207,46349,5961,86024,1231234,1425,6754,86024,1231234,1425,6754,18,25,814,13,2133.23,170.66,2303.89,85.08,48.39,1530.46,46.37,190.18,1295.96
2457267,59431,6225,84009,1178771,7109,37061,84009,1178771,7109,37061,52,29,815,86,78.05,6.24,84.29,3.01,543.98,49.72,271.29,459.70,1281.44
2457373,68561,16051,24563,946080,3071,32964,24563,946080,3071,32964,49,3,816,95,810.35,64.83,875.18,93.36,480.52,640.86,291.87,349.44,244.38
2457480,39434,14223,30655,1819330,6370,14020,30655,1819330,6370,14020,23,28,817,99,85.09,6.81,91.90,87.84,989.23,26.33,24.95,257.38,818.82
2457645,19031,4016,75316,874431,3931,47720,75316,874431,3931,47720,52,5,818,26,1838.95,147.12,1986.07,70.89,171.58,1293.24,44.71,59.48,953.33
2456887,31410,2758,22216,1523425,1254,10117,22216,1523425,1254,10117,40,18,819,16,2599.32,207.95,2807.27,70.52,516.05,820.62,374.38,387.46,1237.24
2457240,83352,1909,60831,1682294,5322,22671,60831,1682294,5322,22671,41,29,820,3,1410.16,112.81,1522.97,56.13,53.99,1262.16,288.14,327.60,6.15
2458440,52251,1962,71572,285621,6300,22829,71572,285621,6300,22829,51,34,821,10,2179.46,174.36,2353.82,56.71,901.52,945.13,330.79,451.58,44.41
2457839,8600,11786,78566,1143037,3328,4141,78566,1143037,3328,4141,14,23,822,22,1144.25,91.54,1235.79,19.29,326.57,343.75,253.30,230.14,812.55
2457656,63223,1119,53276,884305,3489,20710,53276,884305,3489,20710,60,31,823,10,2400.47,192.04,2592.51,35.74,459.23,485.31,226.82,405.90,1118.61
2457610,124,11367,34452,1448967,704,25035,34452,1448967,704,25035,14,3,824,38,2436.59,194.93,2631.52,46.25,487.73,232.91,107.65,498.56,292.80
2458007,54056,16081,76252,988145,3739,33408,76252,988145,3739,33408,7,25,825,15,2005.58,160.45,2166.03,85.83,11.85,161.13,253.79,237.45,783.00
2456870,7698,5986,27243,274650,1633,25684,27243,274650,1633,25684,22,24,826,24,2767.43,221.39,2988.82,28.89,570.58,2013.63,281.44,262.51,1040.45
2457053,68031,4478,8045,1006085,6486,6019,8045,1006085,6486,6019,5,19,827,82,2328.06,186.24,2514.30,5.96,54.90,809.96,253.64,452.69,505.24
2458028,24543,13228,75445,1152209,2449,14415,75445,1152209,2449,14415,11,5,828,79,1086.26,86.90,1173.16,19.96,959.91,255.01,66.39,379.05,109.28
2457944,34892,13083,73331,986391,5694,34887,73331,986391,5694,34887,39,24,829,68,606.53,48.52,655.05,98.23,342.84,553.70,39.34,462.73,183.32
2456917,55270,10317,44363,558143,2938,39984,44363,558143,2938,39984,29,15,830,22,2996.80,239.74,3236.54,18.27,544.74,815.13,51.40,471.77,1350.80
2457069,65291,14172,1625,312545,873,25632,1625,312545,873,25632,60,21,831,72,1266.98,101.36,1368.34,28.84,218.57,299.82,88.09,123.18,947.00
2457547,25892,8321,1375,1145191,284,16145,1375,1145191,284,16145,43,5,832,24,321.91,25.75,347.66,38.94,783.47,181.44,435.56,146.19,604.24
2457888,16761,7307,58084,1857792,6411,22168,58084,1857792,6411,22168,13,27,833,77,1814.09,145.13,1959.22,11.49,507.95,1365.20,408.40,80.03,807.48
2457509,6666,13502,89726,922566,5051,48378,89726,922566,5051,48378,4,24,834,35,1727.44,138.20,1865.64,15.46,28.76,1373.44,398.28,345.69,400.18
2458170,25060,11123,64259,388963,1798,10595,64259,388963,1798,10595,52,2,835,35,1123.91,89.91,1213.82,96.19,275.16,456.61,66.68,224.80,1180.21
2458351,33258,3337,61879,459861,6023,24231,61879,459861,6023,24231,5,26,836,73,2252.96,180.24,2433.20,75.11,910.59,1131.44,222.93,119.67,435.61
2456878,22070,12891,48019,377761,4978,15519,48019,377761,4978,15519,44,5,837,41,1044.51,83.56,1128.07,14.52,894.27,894.92,323.81,178.98,573.03
2457775,64613,994,12101,891267,6301,18143,12101,891267,6301,18143,1,19,838,90,1084.82,86.79,1171.61,71.22,69.40,137.10,487.86,393.38,1421.85
,52314,369,96697,786851,4405,7733,96697,786851,4405,7733,12,20,839,68,34.71,2.78,37.49,95.69,663.54,29.52,339.07,64.41,1090.44
2456977,38306,15248,8685,985776,360,9193,8685,985776,360,9193,59,33,840,44,2509.24,200.74,2709.98,22.75,126.50,857.70,372.20,339.17,928.80
2458084,57997,13727,86833,212701,622,26799,86833,212701,622,26799,14,29,841,60,174.22,13.94,188.16,39.73,442.78,28.60,356.17,469.56,435.43
2457330,43104,17277,71753,1585773,648,48352,71753,1585773,648,48352,50,15,842,38,2743.93,219.51,2963.44,44.16,88.07,1828.98,176.30,359.57,1422.90
2457503,19540,17104,85045,295628,5373,15528,85045,295628,5373,15528,45,29,843,62,1102.10,88.17,1190.27,67.40,226.58,534.11,246.98,253.31,62.00
2457028,84408,3654,25938,320292,5296,9834,25938,320292,5296,9834,10,6,844,81,1820.61,145.65,1966.26,67.20,544.05,1441.15,323.63,354.53,1111.29
2457413,51646,1587,89525,744579,1021,22526,89525,744579,1021,22526,35,,845,17,1947.80,155.82,2103.62,63.40,229.44,1240.08,294.80,298.91,1000.96
2457303,63384,11645,47651,1745942,6004,46779,47651,1745942,6004,46779,58,32,846,3,2344.45,187.56,2532.01,58.04,306.68,2173.11,423.52,439.13,32.01
2458292,38258,493,9333,837032,2432,41148,9333,837032,2432,41148,11,32,847,57,10.26,0.82,11.08,91.93,975.70,1.33,404.32,491.15,125.35
2456892,29346,14905,28287,517718,3303,33070,28287,517718,3303,33070,36,6,848,19,2338.50,187.08,2525.58,21.52,814.79,1876.06,386.80,33.61,1362.80
2457817,40089,6639,17678,711200,5086,10408,17678,711200,5086,10408,8,25,849,11,2482.78,198.62,2681.40,88.87,566.20,1465.87,161.72,445.23,713.82
2457770,46358,1206,9989,1417299,1041,29828,9989,1417299,1041,29828,45,15,850,2,699.66,55.97,755.63,63.53,363.47,384.73,301.71,99.24,370.09
2456851,68094,9940,61651,1363196,1104,1172,61651,1363196,1104,1172,35,22,851,63,812.63,65.01,877.64,75.97,305.85,425.18,212.27,99.53,223.47
2456998,46221,3546,97640,1774951,1537,44087,97640,1774951,1537,44087,24,5,852,98,1438.38,115.07,1553.45,22.45,953.27,1354.11,38.17,414.87,508.31
2457137,76402,15697,21324,1380331,6895,22302,21324,1380331,6895,22302,17,6,853,63,2702.00,216.16,2918.16,54.18,730.67,1761.42,24.00,213.03,1199.14
2457359,37100,11477,3703,1567764,5361,28432,3703,1567764,5361,28432,42,24,854,97,1017.19,81.38,1098.57,13.75,462.23,761.92,4.73,428.61,283.07
2457845,72212,9379,10020,569068,4045,8973,10020,569068,4045,8973,8,2,855,35,41.72,3.34,45.06,27.13,417.76,22.99,45.29,472.35,133.12
2457782,17336,17206,44796,1101848,2591,43370,44796,1101848,2591,43370,28,29,856,13,639.71,51.18,690.89,93.60,574.89,18.00,90.71,169.41,518.49
2458189,18388,8585,35360,672440,4792,3643,35360,672440,4792,3643,34,19,857,22,3.09,0.25,3.34,28.55,813.56,1.70,257.29,380.41,258.04
2457666,4236,14277,67585,1075292,2681,34893,67585,1075292,2681,34893,28,,858,89,2425.17,194.01,2619.18,82.77,960.89,458.57,455.77,378.92,1377.59
2457965,36221,11202,24062,1716846,3279,13170,24062,1716846,3279,13170,8,6,859,100,1109.42,88.75,1198.17,97.69,15.99,355.85,299.02,85.06,859.53
2458028,13825,15697,43854,703561,5541,4756,43854,703561,5541,4756,9,29,860,88,374.20,29.94,404.14,59.81,275.73,102.37,27.60,339.53,965.75
2458066,33498,17578,23602,1837737,7075,6714,23602,1837737,7075,6714,58,2,861,54,814.34,65.15,879.49,16.44,831.66,220.19,35.63,70.80,288.51
2457420,62829,7028,78040,1495221,3615,7333,78040,1495221,3615,7333,36,24,862,30,1676.43,134.11,1810.54,85.56,368.28,699.23,397.70,122.76,624.44
2457681,54043,17456,79165,1587773,6322,47531,79165,1587773,6322,47531,12,32,863,33,634.70,50.78,685.48,80.89,387.78,566.72,308.05,115.36,1268.45
2458324,18214,1545,37906,852566,772,4275,37906,852566,772,4275,13,28,864,88,2816.98,225.36,3042.34,13.98,918.64,2603.29,158.07,258.34,173.59
2456973,60546,11682,70631,1857741,5228,12271,70631,1857741,5228,12271,11,15,865,9,1473.16,117.85,1591.01,34.77,10.73,1389.42,237.87,362.92,662.53
2457855,25519,5574,64053,1888058,6745,46017,64053,1888058,6745,46017,6,27,866,45,219.12,17.53,236.65,46.24,452.61,58.60,306.46,78.49,1265.07
2457066,41209,15324,91937,73425,4862,26387,91937,73425,4862,26387,21,31,867,13,1204.53,96.36,1300.89,37.89,758.54,744.30,256.95,172.29,693.98
2457109,44396,83,52091,854434,3264,8489,52091,854434,3264,8489,27,13,868,73,2352.92,188.23,2541.15,30.25,688.88,425.66,359.57,178.43,111.44
2456950,65309,1034,86070,789399,3543,39845,86070,789399,3543,39845,37,33,869,32,941.34,75.31,1016.65,30.06,159.74,255.14,337.17,293.53,343.13
2458052,76918,4972,61563,464304,713,4239,61563,464304,713,4239,45,31,870,18,1896.94,151.76,2048.70,58.36,243.29,1131.44,344.70,126.70,1483.52
2457293,82814,5744,90931,1806150,1775,31587,90931,1806150,1775,31587,54,9,871,11,617.90,49.43,667.33,98.27,228.96,170.38,66.02,174.63,815.43
2457042,841,8683,98495,1136683,3980,10901,98495,1136683,3980,10901,52,14,872,46,1164.24,93.14,1257.38,74.82,25.64,447.76,58.29,338.87,1395.82
2457202,80576,10958,1242,1634646,5396,47601,1242,1634646,5396,47601,8,18,873,93,1422.12,113.77,1535.89,98.89,361.37,1272.55,83.40,440.07,745.39
2457972,25545,7392,59248,68337,3945,30638,59248,68337,3945,30638,36,2,874,49,755.12,60.41,815.53,4.87,773.81,349.41,377.56,396.93,1497.50
2457084,16463,9288,34841,1565421,3458,7383,34841,1565421,3458,7383,36,25,875,86,2146.83,171.75,2318.58,83.23,949.78,1072.09,264.08,195.69,1344.16
2456959,39266,6884,90961,1272430,2466,13861,90961,1272430,2466,13861,33,16,876,63,917.80,73.42,991.22,76.56,92.38,495.16,373.81,30.44,390.40
2457895,21213,12792,49127,349456,4075,2733,49127,349456,4075,2733,42,29,877,56,71.71,5.74,77.45,2.70,202.81,1.02,363.35,415.61,758.20
2457735,39978,9422,94110,717213,6067,9490,94110,717213,6067,9490,55,19,878,11,1950.37,156.03,2106.40,15.84,213.11,1161.67,33.46,422.11,1019.04
2457017,3178,2418,78331,875507,5867,24331,78331,875507,5867,24331,18,29,879,24,1263.46,101.08,1364.54,56.75,647.40,609.86,184.66,459.34,1213.20
2457514,3276,1431,90488,318981,1727,21308,90488,318981,1727,21308,41,24,880,59,766.91,61.35,828.26,21.71,482.77,623.52,320.65,479.47,1258.72
2458450,32832,17557,51684,721665,5605,29526,51684,721665,5605,29526,34,8,881,56,87.04,6.96,94.00,97.16,732.60,3.55,293.28,182.36,463.80
2457823,25553,13225,93708,1549058,1540,10868,93708,1549058,1540,10868,10,14,882,28,2546.06,203.68,2749.74,2.37,91.76,2333.79,466.48,30.13,604.03
2457370,11580,5471,51715,1356289,1976,47326,51715,1356289,1976,47326,30,4,883,81,1691.45,135.32,1826.77,36.33,714.56,219.17,294.24,297.10,1492.87
2458039,12019,8557,78283,1053025,6173,44225,78283,1053025,6173,44225,59,13,884,97,978.24,78.26,1056.50,22.78,378.53,143.74,171.67,371.84,1014.03
2457723,35777,15722,28624,495971,6528,18938,28624,495971,6528,18938,9,6,885,19,1547.54,123.80,1671.34,25.62,931.18,436.27,196.58,311.34,81.43
2456988,82036,11338,40272,52607,3859,29921,40272,52607,3859,29921,44,21,886,26,1819.19,145.54,1964.73,36.88,268.33,59.15,155.49,495.88,667.53
2457061,43837,14029,92171,745175,4128,34264,92171,745175,4128,34264,4,1,887,78,1061.53,84.92,1146.45,32.81,42.15,641.34,319.25,165.86,947.59
2457248,20285,7752,29226,220442,5656,36037,29226,220442,5656,36037,19,6,888,7,396.09,31.69,427.78,84.11,855.81,145.63,406.23,299.98,1058.19
2457761,77007,1216,18792,1668076,4016,49297,18792,1668076,4016,49297,58,31,889,43,178.70,14.30,193.00,25.54,652.54,84.55,271.14,470.67,1180.45
,44998,16465,38251,683827,551,49296,38251,683827,551,49296,37,6,890,63,2315.05,185.20,2500.25,19.85,887.15,983.60,428.20,380.26,1421.01
2457017,30240,395,33502,1353955,3405,46486,33502,1353955,3405,46486,9,8,891,16,2373.58,189.89,2563.47,75.99,165.71,1860.01,238.18,456.24,301.99
2457813,16108,1517,97042,1237576,6164,17684,97042,1237576,6164,17684,7,15,892,28,186.38,14.91,201.29,49.92,215.42,149.36,374.06,42.48,1453.82
2457272,74362,16925,30752,1151108,6098,18186,30752,1151108,6098,18186,24,22,893,61,160.39,12.83,173.22,37.32,273.89,103.11,265.87,67.14,1025.06
2458386,21,5226,8508,538964,4282,7261,8508,538964,4282,7261,33,9,894,33,2271.92,181.75,2453.67,22.89,717.87,1419.64,209.57,107.34,843.06
2456762,70212,2852,32684,403316,702,34811,32684,403316,702,34811,14,3,895,41,1912.26,152.98,2065.24,9.71,594.45,1842.58,175.48,121.75,323.85
2458235,28458,5765,15927,155808,6321,31491,15927,155808,6321,31491,15,34,896,82,2202.60,176.21,2378.81,42.38,410.88,2064.34,161.73,223.38,869.35
2456940,11658,10628,49009,183830,970,20086,49009,183830,970,20086,16,9,897,18,2294.29,183.54,2477.83,96.88,784.88,336.06,343.43,200.01,67.78
2457365,83753,10928,95827,246804,6319,12694,95827,246804,6319,12694,29,24,898,37,436.26,34.90,471.16,53.94,86.28,13.56,391.36,27.12,999.95
2457917,50418,15715,15017,623213,5738,360,15017,623213,5738,360,41,5,899,86,1233.33,98.67,1332.00,26.64,63.31,14.48,412.22,238.26,811.46
2457214,58606,5938,13234,1447011,4405,33656,13234,1447011,4405,33656,3,11,900,22,636.95,50.96,687.91,15.52,861.35,29.44,15.91,411.25,463.61
2457232,54020,776,37960,434111,3347,26067,37960,434111,3347,26067,34,4,901,5,2121.53,169.72,2291.25,95.05,610.98,1290.57,234.16,304.07,1179.60
2457348,8378,1336,49777,1647566,2089,21627,49777,1647566,2089,21627,30,21,902,80,844.08,67.53,911.61,76.95,553.63,262.40,204.28,273.18,300.52
2457903,24630,11448,48911,1460529,3872,11569,48911,1460529,3872,11569,40,8,903,13,2290.03,183.20,2473.23,73.82,306.72,720.93,1.15,155.81,1192.87
2458080,5619,15042,82428,734877,5123,38868,82428,734877,5123,38868,59,32,904,98,2710.58,216.85,2927.43,84.74,343.99,228.16,53.83,277.97,1274.66
2457447,72620,2513,16063,1892397,4236,23058,16063,1892397,4236,23058,18,10,905,20,2742.84,219.43,2962.27,20.86,452.20,291.09,422.26,157.38,513.23
2457147,35249,10233,83943,1358524,5403,32793,83943,1358524,5403,32793,45,,906,51,601.79,48.14,649.93,97.00,391.94,187.86,466.61,346.15,47.51
2458281,66166,1232,95337,181422,3518,26820,95337,181422,3518,26820,6,5,907,35,674.04,53.92,727.96,51.93,541.63,115.05,317.44,281.65,1420.41
2456968,76670,17574,72222,1025684,2769,24633,72222,1025684,2769,24633,1,25,908,82,1241.00,99.28,1340.28,2.42,411.41,182.77,248.68,454.84,995.31
,16493,10355,2616,1689162,5905,22091,2616,1689162,5905,22091,4,,909,18,1096.73,87.74,1184.47,56.61,688.79,102.94,213.68,22.15,1431.10
2457321,62437,15582,90336,117243,5567,36918,90336,117243,5567,36918,3,4,910,31,770.93,61.67,832.60,9.51,656.07,274.05,42.39,327.82,456.28
2457389,78019,3671,80977,1437647,3399,16255,80977,1437647,3399,16255,53,14,911,6,1909.94,152.80,2062.74,68.94,542.02,1018.93,241.77,492.80,1143.95
2458286,66039,16110,88054,901369,360,24061,88054,901369,360,24061,8,16,912,49,1070.86,85.67,1156.53,10.84,46.19,274.14,171.62,170.87,84.44
2458068,72612,3002,30252,204955,6040,49434,30252,204955,6040,49434,44,34,913,51,2456.34,196.51,2652.85,95.29,590.33,335.06,335.33,105.29,1453.01
2457663,51849,13149,40861,1482443,5494,49819,40861,1482443,5494,49819,17,2,914,29,529.09,42.33,571.42,93.73,179.97,380.32,304.59,146.58,1044.17
2458241,6750,5519,94213,979131,6477,39794,94213,979131,6477,39794,32,7,915,16,1209.72,96.78,1306.50,71.70,978.39,836.14,249.92,196.62,1215.95
2457450,38537,14535,91713,342426,7106,31860,91713,342426,7106,31860,54,,916,100,698.03,55.84,753.87,60.57,329.07,519.89,405.95,216.81,1454.10
2458226,20723,9710,95630,623747,5761,1176,95630,623747,5761,1176,29,,917,89,804.91,64.39,869.30,22.72,820.41,139.39,16.18,220.09,1417.80
2456905,79920,15925,94596,844975,4800,27445,94596,844975,4800,27445,46,25,918,94,1498.43,119.87,1618.30,28.68,769.42,1063.35,101.07,468.71,560.00
2458427,78597,1314,89201,1296777,6165,25338,89201,1296777,6165,25338,33,21,919,16,2405.08,192.41,2597.49,47.10,230.21,830.57,64.73,69.13,638.46
2456748,63188,4411,24154,1341638,1332,16167,24154,1341638,1332,16167,57,20,920,98,121.86,9.75,131.61,72.06,598.96,111.78,69.49,79.97,825.39
2457872,48457,1629,99968,20200,1919,30776,99968,20200,1919,30776,21,6,921,60,1177.11,94.17,1271.28,26.37,196.94,697.22,320.37,79.45,632.95
,60251,1785,473,135136,3859,48156,473,135136,3859,48156,2,34,922,50,2789.69,223.18,3012.87,35.27,255.68,1622.83,141.36,83.49,277.23
2457766,62033,10074,99980,1145359,488,46077,99980,1145359,488,46077,11,21,923,33,2217.00,177.36,2394.36,28.29,711.82,430.68,153.57,456.54,1221.32
2457771,27652,1467,13912,363078,826,24406,13912,363078,826,24406,56,35,924,14,1420.03,113.60,1533.63,88.72,691.88,410.98,198.79,56.70,765.41
2457186,3932,16131,37663,630471,659,40805,37663,630471,659,40805,13,24,925,4,93.19,7.46,100.65,90.48,184.15,74.30,111.05,352.97,1106.38
2457439,41039,5606,8238,556612,7156,23481,8238,556612,7156,23481,43,35,926,15,181.54,14.52,196.06,32.60,277.96,117.65,105.60,440.63,732.69
2457504,20690,12732,26945,1877054,5414,19903,26945,1877054,5414,19903,32,30,927,81,1714.34,137.15,1851.49,60.41,83.97,162.39,305.48,306.73,1046.12
2457127,42155,8039,52495,53842,3927,34551,52495,53842,3927,34551,44,23,928,24,2491.42,199.31,2690.73,44.68,467.01,523.74,210.25,461.38,631.61
2457026,15182,17167,97922,750715,908,19941,97922,750715,908,19941,40,25,929,95,266.81,21.34,288.15,78.35,902.09,136.20,171.25,249.64,8.05
2457074,54131,3719,26302,642283,2394,39945,26302,642283,2394,39945,4,30,930,8,2436.66,194.93,2631.59,64.56,618.08,1895.50,158.19,103.02,1306.08
2458275,86236,15850,46930,280184,2118,28482,46930,280184,2118,28482,46,28,931,1,1066.02,85.28,1151.30,85.82,151.51,646.57,215.33,225.42,1239.46
2456900,30488,2352,45096,81838,4544,10381,45096,81838,4544,10381,35,25,932,59,703.26,56.26,759.52,28.00,828.36,189.34,415.79,443.19,1094.71
2457131,34996,17249,89025,404873,3469,8523,89025,404873,3469,8523,60,31,933,38,288.67,23.09,311.76,14.79,428.70,27.02,229.02,425.17,720.06
2458325,68854,12606,78735,1365272,1401,20989,78735,1365272,1401,20989,19,6,934,21,2080.55,166.44,2246.99,74.60,529.00,1202.27,298.31,300.47,382.19
2457937,83085,15375,29508,1409007,2620,28288,29508,1409007,2620,28288,47,29,935,74,2000.91,160.07,2160.98,31.08,369.94,1611.64,460.18,424.85,1465.97
2457502,64187,6517,9105,804093,5806,16153,9105,804093,5806,16153,33,,936,64,952.81,76.22,1029.03,66.78,974.03,575.82,27.01,41.96,265.14
2458089,67169,14346,52715,623749,472,16910,52715,623749,472,16910,2,20,937,88,1297.59,103.81,1401.40,17.81,148.08,218.63,394.20,160.19,200.20
2456970,22005,5850,68800,1704397,5819,1836,68800,1704397,5819,1836,5,11,938,51,307.51,24.60,332.11,34.83,210.97,98.17,426.40,318.73,1139.05
2458278,58855,1165,78989,84377,4803,2934,78989,84377,4803,2934,10,11,939,68,2057.25,164.58,2221.83,0.65,661.12,797.70,227.25,85.70,338.36
2457761,5800,10254,87223,1588634,323,25314,87223,1588634,323,25314,43,3,940,13,2860.39,228.83,3089.22,90.36,236.65,364.71,25.05,346.53,16.46
2458102,25116,17098,19516,1584894,3715,45148,19516,1584894,3715,45148,16,5,941,95,2717.77,217.42,2935.19,87.65,170.44,292.61,210.70,375.37,1365.21
2456835,86170,14705,70163,1903311,2320,35064,70163,1903311,2320,35064,31,24,942,55,670.71,53.66,724.37,97.22,534.34,449.65,342.12,123.64,20.06
2458386,67644,6122,29264,24860,5279,38627,29264,24860,5279,38627,1,1,943,52,1685.63,134.85,1820.48,61.48,576.48,1143.04,270.55,382.03,214.30
2457023,64263,13167,79345,1590137,2220,16006,79345,1590137,2220,16006,7,34,944,74,692.96,55.44,748.40,26.23,160.10,355.86,228.71,147.67,742.77
2457034,53000,1218,91416,757770,5732,45413,91416,757770,5732,45413,34,31,945,40,1895.70,151.66,2047.36,30.57,450.67,1579.28,133.55,172.16,1427.81
2458109,44376,15026,17840,185507,6412,3552,17840,185507,6412,3552,20,35,946,41,515.54,41.24,556.78,58.25,190.28,115.15,457.51,259.18,1344.08
2458194,57323,4177,40714,1711436,1055,29827,40714,1711436,1055,29827,48,15,947,33,2734.96,218.80,2953.76,12.79,993.79,1665.87,283.39,87.47,1424.79
2458269,83750,9672,6593,1701141,740,12787,6593,1701141,740,12787,43,24,948,42,2041.85,163.35,2205.20,18.73,564.68,752.00,282.58,252.83,51.92
2456748,43958,4675,82311,483879,1817,14840,82311,483879,1817,14840,15,30,949,27,272.27,21.78,294.05,43.96,457.63,251.82,68.67,430.34,1218.74
2457559,70702,4073,34291,1056102,3738,46768,34291,1056102,3738,46768,30,27,950,55,413.57,33.09,446.66,63.10,72.84,52.50,186.49,372.90,455.22
2457358,16902,13828,72972,744313,1027,41613,72972,744313,1027,41613,52,27,951,99,927.72,74.22,1001.94,24.50,565.56,890.32,88.31,23.10,1015.22
2456992,3437,8035,57697,1832172,6363,16999,57697,1832172,6363,16999,22,28,952,26,417.03,33.36,450.39,56.94,211.73,238.80,62.04,170.31,414.48
,2422,1108,75778,1590268,6192,35932,75778,1590268,6192,35932,3,28,953,57,233.50,18.68,252.18,33.69,668.31,136.37,34.63,119.03,1287.08
2457205,44646,7247,20662,1243096,7153,46100,20662,1243096,7153,46100,17,22,954,72,1168.37,93.47,1261.84,88.70,723.66,661.50,405.59,160.46,1120.44
2457543,4883,11665,18580,1129982,4770,5612,18580,1129982,4770,5612,52,8,955,80,1989.24,159.14,2148.38,70.77,269.35,1342.99,279.32,159.08,411.40
2458216,15497,17583,91674,1562135,5188,31416,91674,1562135,5188,31416,46,14,956,9,1410.51,112.84,1523.35,95.03,435.56,706.09,109.62,211.43,554.29
2457853,31293,14827,83708,589332,2958,581,83708,589332,2958,581,40,17,957,89,2996.34,239.71,3236.05,98.11,837.50,708.66,443.27,246.29,399.80
2457416,42131,9044,14903,34272,3436,1111,14903,34272,3436,1111,20,,958,91,1652.52,132.20,1784.72,58.90,5.39,500.75,37.97,386.60,633.56
2457413,6360,1561,46766,259265,882,19934,46766,259265,882,19934,53,16,959,53,2521.73,201.74,2723.47,1.87,735.34,242.95,221.79,492.89,669.40
2457401,12648,6206,72032,380177,196,36285,72032,380177,196,36285,6,10,960,64,2489.55,199.16,2688.71,6.98,498.00,1467.46,138.17,460.17,1369.37
2458150,12036,505,40694,773193,4046,26590,40694,773193,4046,26590,32,1,961,17,2790.14,223.21,3013.35,92.76,636.90,1973.72,176.59,462.99,1291.55
2458207,70255,120,48115,1816373,4208,2337,48115,1816373,4208,2337,29,23,962,25,2173.70,173.90,2347.60,57.57,146.82,1886.73,355.38,49.70,463.71
2457557,12240,4074,77471,293868,3997,3638,77471,293868,3997,3638,34,3,963,63,515.32,41.23,556.55,87.18,918.23,32.92,322.21,294.13,962.35
2457822,47632,6503,95593,1801052,1924,28994,95593,1801052,1924,28994,37,27,964,54,1041.13,83.29,1124.42,24.74,638.09,140.05,159.66,464.53,519.07
2458121,66766,15170,67752,506308,2488,34564,67752,506308,2488,34564,20,26,965,20,292.82,23.43,316.25,44.21,926.82,196.25,384.43,387.28,1150.28
2458458,15782,2250,95573,160124,4357,41597,95573,160124,4357,41597,15,7,966,7,682.87,54.63,737.50,13.06,409.66,598.50,299.17,124.63,1310.66
2458097,9664,16889,36663,1128804,3041,9995,36663,1128804,3041,9995,34,11,967,87,653.28,52.26,705.54,21.87,621.95,427.11,308.81,47.63,525.97
2457332,60769,7539,54392,75575,1073,28726,54392,75575,1073,28726,48,21,968,76,1351.75,108.14,1459.89,36.80,841.14,1019.03,484.14,61.68,765.68
2458338,58858,3410,61247,918795,5961,34451,61247,918795,5961,34451,1,24,969,62,1049.58,83.97,1133.55,70.09,983.32,405.69,315.97,302.26,763.94
2456992,22527,15838,60638,1816675,4742,35578,60638,1816675,4742,35578,3,5,970,50,1231.17,98.49,1329.66,93.89,547.40,609.43,99.95,437.07,1258.04
2457431,59490,4120,95857,1547529,3762,36544,95857,1547529,3762,36544,29,10,971,35,1616.44,129.32,1745.76,64.09,111.01,1115.63,167.29,283.45,1160.78
2457141,74030,3796,97910,1101220,2474,48618,97910,1101220,2474,48618,56,3,972,83,1540.20,123.22,1663.42,98.70,37.21,734.23,103.13,236.50,488.40
,6573,7345,68569,411872,2450,33273,68569,411872,2450,33273,36,2,973,32,932.34,74.59,1006.93,23.53,722.34,469.43,276.17,130.57,203.98
2457659,40696,8294,71016,1609131,3975,270,71016,1609131,3975,270,49,35,974,42,1792.43,143.39,1935.82,73.82,405.59,1103.43,383.25,456.84,247.42
2456771,60086,8468,42347,1147515,3941,5712,42347,1147515,3941,5712,33,21,975,49,563.00,45.04,608.04,39.11,765.05,117.81,20.13,190.74,334.15
2457940,13060,3054,96401,1350424,4722,30646,96401,1350424,4722,30646,28,3,976,48,1408.33,112.67,1521.00,63.49,385.61,199.40,271.96,448.11,823.10
2457178,45754,535,4324,605521,4088,2417,4324,605521,4088,2417,42,24,977,43,388.03,31.04,419.07,28.99,462.32,60.50,114.37,331.30,584.44
2457806,2081,12192,31714,1493297,1643,43851,31714,1493297,1643,43851,23,9,978,100,1931.57,154.53,2086.10,58.28,823.30,1338.75,396.51,112.29,1176.78
2457148,37513,16423,88496,654164,1228,24990,88496,654164,1228,24990,30,8,979,87,2535.07,202.81,2737.88,71.02,522.56,109.09,61.97,438.32,1238.64
2457263,77714,1569,418,1661882,429,3387,418,1661882,429,3387,1,25,980,47,479.30,38.34,517.64,5.64,68.52,260.71,426.86,378.52,1291.47
2458000,3458,12190,34315,1507544,6888,18178,34315,1507544,6888,18178,18,28,981,99,260.86,20.87,281.73,92.90,81.03,112.20,25.41,59.74,523.33
2456860,17543,17406,63465,639759,2711,25185,63465,639759,2711,25185,45,34,982,50,8.73,0.70,9.43,41.33,901.41,5.07,108.07,215.61,649.18
2457808,85682,9342,28940,1749382,2667,15553,28940,1749382,2667,15553,44,34,983,30,1152.03,92.16,1244.19,87.36,870.06,813.82,221.81,359.22,615.36
2458086,59329,7880,45512,1882519,2499,12407,45512,1882519,2499,12407,21,3,984,25,1388.01,111.04,1499.05,11.87,250.51,255.18,152.85,145.20,754.93
2457849,38937,17493,90793,413675,6138,44355,90793,413675,6138,44355,21,33,985,93,1309.57,104.77,1414.34,91.85,867.67,139.42,333.84,432.56,351.75
2456838,62481,6103,57224,610443,1970,46203,57224,610443,1970,46203,59,29,986,13,908.62,72.69,981.31,81.04,578.68,28.10,238.96,247.90,1144.25
2458314,64666,6684,44363,1076688,3275,43699,44363,1076688,3275,43699,46,18,987,9,1576.72,126.14,1702.86,12.52,35.91,330.47,113.46,50.47,1231.56
2457837,60200,4394,8470,1487961,591,36379,8470,1487961,591,36379,13,28,988,62,2994.93,239.59,3234.52,36.51,292.01,158.24,230.55,457.88,546.48
2457548,49927,15726,11696,792795,146,18991,11696,792795,146,18991,46,12,989,58,1462.27,116.98,1579.25,13.54,36.06,1218.47,5.61,166.53,539.64
2458466,29129,6631,88996,891141,2045,18084,88996,891141,2045,18084,46,30,990,78,650.09,52.01,702.10,78.09,633.03,106.87,60.95,157.88,755.31
2458347,6842,12537,15957,1359427,1924,35693,15957,1359427,1924,35693,17,17,991,77,1902.86,152.23,2055.09,32.20,234.26,212.28,364.87,366.65,1289.73
2458147,23303,3618,95510,1680021,5719,45201,95510,1680021,5719,45201,52,25,992,73,409.27,32.74,442.01,89.53,86.80,285.07,411.27,341.83,1389.30
2458207,85869,14355,43176,610920,2301,39010,43176,610920,2301,39010,48,29,993,66,2776.51,222.12,2998.63,42.03,897.87,222.60,431.21,240.89,984.57
2457268,1402,11302,46233,805071,1883,44085,46233,805071,1883,44085,3,2,994,34,36.94,2.96,39.90,80.49,85.55,34.57,96.31,490.79,898.58
2457939,72714,5497,29471,1838214,1944,35315,29471,1838214,1944,35315,29,14,995,19,501.37,40.11,541.48,43.77,9.69,187.31,89.60,235.91,1245.46
2456818,80994,15347,48277,1073067,6895,5716,48277,1073067,6895,5716,23,22,996,54,1367.86,109.43,1477.29,70.22,421.00,1088.65,205.57,299.86,202.06
2456756,41291,7925,78222,1843970,6342,16193,78222,1843970,6342,16193,13,7,997,68,1130.62,90.45,1221.07,94.21,644.81,20.11,228.84,143.87,441.44
2458135,4829,5229,74123,931029,6646,1396,74123,931029,6646,1396,30,19,998,85,2266.01,181.28,2447.29,84.23,768.59,858.53,366.73,169.94,223.15
2457800,21534,10808,90969,1384386,621,48011,90969,1384386,621,48011,34,21,999,99,1891.17,151.29,2042.46,30.19,584.21,1172.70,166.60,284.06,43.84
2457255,22364,1087,48014,688837,6183,19901,48014,688837,6183,19901,59,22,1000,98,152.95,12.24,165.19,78.17,398.24,76.64,275.98,211.64,188.52
